address,size,name,status,owner
0x100024,28,FUN_00100024,todo,
0x100048,3456,FUN_00100048,todo,
0x100114,44,FUN_00100114,todo,
0x100148,68,FUN_00100148,todo,
0x100194,24,FUN_00100194,todo,
0x1001ac,8,FUN_001001ac,todo,
0x1001b8,88,FUN_001001b8,todo,
0x100218,4,FUN_00100218,todo,
0x10021c,44,FUN_0010021c,todo,
0x100234,184,FUN_00100234,todo,
0x1002dc,28,FUN_001002dc,todo,
0x1002f8,224,FUN_001002f8,todo,
0x100324,212,FUN_00100324,todo,
0x100408,60,FUN_00100408,todo,
0x10044c,60,FUN_0010044c,todo,
0x100490,184,FUN_00100490,todo,
0x10054c,56,FUN_0010054c,todo,
0x100588,28,FUN_00100588,todo,
0x1005b8,36,FUN_001005b8,todo,
0x1005e0,16,FUN_001005e0,todo,
0x1005f4,144,FUN_001005f4,todo,
0x100608,88,FUN_00100608,todo,
0x100664,124,FUN_00100664,todo,
0x1006e0,164,FUN_001006e0,todo,
0x1007a8,96,FUN_001007a8,todo,
0x10080c,1068,FUN_0010080c,todo,
0x100d2c,16,FUN_00100d2c,todo,
0x100d40,16,FUN_00100d40,todo,
0x100d54,628,FUN_00100d54,todo,
0x100ffc,156,FUN_00100ffc,todo,
0x1010a8,280,FUN_001010a8,todo,
0x1011dc,476,FUN_001011dc,todo,
0x101438,132,FUN_00101438,todo,
0x1014c4,88,FUN_001014c4,todo,
0x101520,36,FUN_00101520,todo,
0x101544,24,FUN_00101544,todo,
0x10155c,112,FUN_0010155c,todo,
0x1015cc,124,FUN_001015cc,todo,
0x10164c,56,FUN_0010164c,todo,
0x101690,132,FUN_00101690,todo,
0x101714,60,FUN_00101714,todo,
0x10175c,12,FUN_0010175c,todo,
0x10176c,80,FUN_0010176c,todo,
0x1017c0,12,FUN_001017c0,todo,
0x1017d0,208,FUN_001017d0,todo,
0x1018b8,68,FUN_001018b8,todo,
0x101904,52,FUN_00101904,todo,
0x101940,72,FUN_00101940,todo,
0x10198c,188,FUN_0010198c,todo,
0x101a60,40,FUN_00101a60,todo,
0x101a88,356,FUN_00101a88,todo,
0x101c00,264,FUN_00101c00,todo,
0x101d14,52,FUN_00101d14,todo,
0x101d50,56,FUN_00101d50,todo,
0x101d8c,216,FUN_00101d8c,todo,
0x101e74,12,FUN_00101e74,todo,
0x101e84,16,FUN_00101e84,todo,
0x101e98,28,FUN_00101e98,todo,
0x101eb8,12,FUN_00101eb8,todo,
0x101ec8,52,FUN_00101ec8,todo,
0x101f00,576,FUN_00101f00,todo,
0x101f50,140,FUN_00101f50,todo,
0x101fe4,636,FUN_00101fe4,todo,
0x1023ec,164,FUN_001023ec,todo,
0x1024c4,324,FUN_001024c4,todo,
0x10261c,72,FUN_0010261c,todo,
0x10266c,76,FUN_0010266c,todo,
0x1026bc,304,FUN_001026bc,todo,
0x1027f8,76,FUN_001027f8,todo,
0x10284c,84,FUN_0010284c,todo,
0x1028a8,48,FUN_001028a8,todo,
0x1028e0,20,FUN_001028e0,todo,
0x1028f8,76,FUN_001028f8,todo,
0x10294c,56,FUN_0010294c,todo,
0x10298c,152,FUN_0010298c,todo,
0x102a28,88,FUN_00102a28,todo,
0x102a84,16,FUN_00102a84,todo,
0x102a94,252,FUN_00102a94,todo,
0x102b98,84,FUN_00102b98,todo,
0x102bec,344,FUN_00102bec,todo,
0x102e10,24,FUN_00102e10,todo,
0x102e28,36,FUN_00102e28,todo,
0x102e4c,24,FUN_00102e4c,todo,
0x102e64,24,FUN_00102e64,todo,
0x102e7c,32,FUN_00102e7c,todo,
0x102e9c,36,FUN_00102e9c,todo,
0x102ec4,144,FUN_00102ec4,todo,
0x102f58,96,FUN_00102f58,todo,
0x102fbc,40,FUN_00102fbc,todo,
0x102fe8,24,FUN_00102fe8,todo,
0x103000,208,FUN_00103000,todo,
0x1030f0,180,FUN_001030f0,todo,
0x1031a4,36,FUN_001031a4,todo,
0x1031c8,76,FUN_001031c8,todo,
0x103224,132,FUN_00103224,todo,
0x1032b8,64,FUN_001032b8,todo,
0x103514,56,FUN_00103514,todo,
0x10354c,140,FUN_0010354c,todo,
0x1035e0,52,FUN_001035e0,todo,
0x10361c,52,FUN_0010361c,todo,
0x103658,308,FUN_00103658,todo,
0x1037a8,60,FUN_001037a8,todo,
0x1037e8,88,FUN_001037e8,todo,
0x103820,16,FUN_00103820,todo,
0x103834,12,FUN_00103834,todo,
0x103844,12,FUN_00103844,todo,
0x103854,12,FUN_00103854,todo,
0x103864,1004,FUN_00103864,todo,
0x103c5c,16,FUN_00103c5c,todo,
0x103c70,16,FUN_00103c70,todo,
0x103c84,72,FUN_00103c84,todo,
0x103cd4,100,FUN_00103cd4,todo,
0x103d44,52,FUN_00103d44,todo,
0x103d78,896,FUN_00103d78,todo,
0x104104,44,FUN_00104104,todo,
0x104130,108,FUN_00104130,todo,
0x104154,16,FUN_00104154,todo,
0x104168,44,FUN_00104168,todo,
0x104194,12,FUN_00104194,todo,
0x1041b4,48,FUN_001041b4,todo,
0x1041ec,64,FUN_001041ec,todo,
0x104284,64,FUN_00104284,todo,
0x104308,48,FUN_00104308,todo,
0x104340,108,FUN_00104340,todo,
0x1043c0,312,FUN_001043c0,todo,
0x10450c,12,FUN_0010450c,todo,
0x10451c,16,FUN_0010451c,todo,
0x104550,8,thunk_FUN_00107cbc,todo,
0x104558,56,FUN_00104558,todo,
0x1047b4,320,FUN_001047b4,todo,
0x104924,92,FUN_00104924,todo,
0x1049e4,368,FUN_001049e4,todo,
0x104b80,168,FUN_00104b80,todo,
0x104c90,312,FUN_00104c90,todo,
0x104dd8,756,FUN_00104dd8,todo,
0x1050d4,24,FUN_001050d4,todo,
0x1050f0,820,FUN_001050f0,todo,
0x105430,292,FUN_00105430,todo,
0x105560,24,FUN_00105560,todo,
0x10557c,44,FUN_0010557c,todo,
0x1055ac,204,FUN_001055ac,todo,
0x105690,12,FUN_00105690,todo,
0x10569c,32,FUN_0010569c,todo,
0x1056e8,96,FUN_001056e8,todo,
0x105750,56,FUN_00105750,todo,
0x105788,108,FUN_00105788,todo,
0x1057f8,48,FUN_001057f8,todo,
0x10582c,92,FUN_0010582c,todo,
0x10588c,40,FUN_0010588c,todo,
0x1058b8,88,FUN_001058b8,todo,
0x105910,92,FUN_00105910,todo,
0x105970,140,FUN_00105970,todo,
0x1059ec,68,FUN_001059ec,todo,
0x105a38,164,FUN_00105a38,todo,
0x105ae8,40,FUN_00105ae8,todo,
0x105b18,280,FUN_00105b18,todo,
0x105bd0,48,FUN_00105bd0,todo,
0x105c0c,84,FUN_00105c0c,todo,
0x105c68,52,FUN_00105c68,todo,
0x105ca4,76,FUN_00105ca4,todo,
0x105d2c,84,FUN_00105d2c,todo,
0x105d90,12,FUN_00105d90,todo,
0x105da0,16,FUN_00105da0,todo,
0x105db4,12,FUN_00105db4,todo,
0x105dc4,308,FUN_00105dc4,todo,
0x105eb8,16,FUN_00105eb8,todo,
0x105ecc,68,FUN_00105ecc,todo,
0x105f1c,308,FUN_00105f1c,todo,
0x106060,208,FUN_00106060,todo,
0x106134,76,FUN_00106134,todo,
0x106184,72,FUN_00106184,todo,
0x1061d0,108,FUN_001061d0,todo,
0x106240,12,FUN_00106240,todo,
0x106250,16,FUN_00106250,todo,
0x106264,80,FUN_00106264,todo,
0x1062bc,12,FUN_001062bc,todo,
0x1062cc,16,FUN_001062cc,todo,
0x1062e0,460,FUN_001062e0,todo,
0x1064d0,48,FUN_001064d0,todo,
0x106544,192,FUN_00106544,todo,
0x10660c,100,FUN_0010660c,todo,
0x106674,68,FUN_00106674,todo,
0x1066c0,40,FUN_001066c0,todo,
0x1066ec,1064,FUN_001066ec,todo,
0x106b44,128,FUN_00106b44,todo,
0x106bd0,176,FUN_00106bd0,todo,
0x106c84,76,FUN_00106c84,todo,
0x106cd4,100,FUN_00106cd4,todo,
0x106d3c,224,FUN_00106d3c,todo,
0x106e28,12,FUN_00106e28,todo,
0x106e34,76,FUN_00106e34,todo,
0x106e80,36,FUN_00106e80,todo,
0x106ea4,28,FUN_00106ea4,todo,
0x106f14,108,FUN_00106f14,todo,
0x106f8c,120,FUN_00106f8c,todo,
0x107014,136,FUN_00107014,todo,
0x1070a4,72,FUN_001070a4,todo,
0x1070ec,96,FUN_001070ec,todo,
0x107150,220,FUN_00107150,todo,
0x107238,12,FUN_00107238,todo,
0x107248,96,FUN_00107248,todo,
0x1072ac,96,FUN_001072ac,todo,
0x107314,152,FUN_00107314,todo,
0x1073b8,68,FUN_001073b8,todo,
0x107404,96,FUN_00107404,todo,
0x107464,84,FUN_00107464,todo,
0x107520,24,FUN_00107520,todo,
0x107538,64,FUN_00107538,todo,
0x107578,396,FUN_00107578,todo,
0x107758,12,FUN_00107758,todo,
0x107768,136,FUN_00107768,todo,
0x107848,116,FUN_00107848,todo,
0x1078c4,80,FUN_001078c4,todo,
0x10791c,88,FUN_0010791c,todo,
0x10797c,148,FUN_0010797c,todo,
0x107a18,60,FUN_00107a18,todo,
0x107a5c,148,FUN_00107a5c,todo,
0x107af8,60,FUN_00107af8,todo,
0x107b38,52,FUN_00107b38,todo,
0x107b74,60,FUN_00107b74,todo,
0x107bb4,52,FUN_00107bb4,todo,
0x107c5c,92,FUN_00107c5c,todo,
0x107cbc,388,FUN_00107cbc,todo,
0x107e8c,244,FUN_00107e8c,todo,
0x107f88,52,FUN_00107f88,todo,
0x107fbc,224,FUN_00107fbc,todo,
0x1080a4,36,FUN_001080a4,todo,
0x1080f0,92,FUN_001080f0,todo,
0x10810c,16,FUN_0010810c,todo,
0x10811c,324,FUN_0010811c,todo,
0x10826c,212,FUN_0010826c,todo,
0x108344,196,FUN_00108344,todo,
0x10840c,260,FUN_0010840c,todo,
0x108548,80,FUN_00108548,todo,
0x1085a4,460,FUN_001085a4,todo,
0x108774,112,FUN_00108774,todo,
0x1087f0,424,FUN_001087f0,todo,
0x1089a4,108,FUN_001089a4,todo,
0x108a1c,36,FUN_00108a1c,todo,
0x108a44,56,FUN_00108a44,todo,
0x108a80,136,FUN_00108a80,todo,
0x108b10,8,FUN_00108b10,todo,
0x108b18,84,FUN_00108b18,todo,
0x108b70,60,FUN_00108b70,todo,
0x108bb0,84,FUN_00108bb0,todo,
0x108c08,20,FUN_00108c08,todo,
0x108c20,56,FUN_00108c20,todo,
0x108c5c,220,FUN_00108c5c,todo,
0x108d44,112,FUN_00108d44,todo,
0x108db4,24,FUN_00108db4,todo,
0x108dd8,136,FUN_00108dd8,todo,
0x108e60,556,FUN_00108e60,todo,
0x10908c,360,FUN_0010908c,todo,
0x109208,164,FUN_00109208,todo,
0x1092b0,116,FUN_001092b0,todo,
0x109328,4,FUN_00109328,todo,
0x10932c,8,FUN_0010932c,todo,
0x109334,40,FUN_00109334,todo,
0x10935c,340,FUN_0010935c,todo,
0x1094b0,24,FUN_001094b0,todo,
0x1094c8,16,FUN_001094c8,todo,
0x1094d8,36,FUN_001094d8,todo,
0x1094fc,16,FUN_001094fc,todo,
0x10950c,92,FUN_0010950c,todo,
0x109568,40,FUN_00109568,todo,
0x109590,48,FUN_00109590,todo,
0x1095c8,84,FUN_001095c8,todo,
0x109624,256,FUN_00109624,todo,
0x109734,440,FUN_00109734,todo,
0x109900,216,FUN_00109900,todo,
0x1099e4,52,FUN_001099e4,todo,
0x109a1c,108,FUN_00109a1c,todo,
0x109a88,52,FUN_00109a88,todo,
0x109ac0,20,FUN_00109ac0,todo,
0x109ad8,168,FUN_00109ad8,todo,
0x109b88,92,FUN_00109b88,todo,
0x109be4,44,FUN_00109be4,todo,
0x109c14,260,FUN_00109c14,todo,
0x109cd8,60,FUN_00109cd8,todo,
0x109d14,68,FUN_00109d14,todo,
0x109d5c,64,FUN_00109d5c,todo,
0x109d9c,12,FUN_00109d9c,todo,
0x109da8,44,FUN_00109da8,todo,
0x109dd8,72,FUN_00109dd8,todo,
0x109e20,356,FUN_00109e20,todo,
0x109f94,116,FUN_00109f94,todo,
0x10a008,256,FUN_0010a008,todo,
0x10a110,196,FUN_0010a110,todo,
0x10a1e8,368,FUN_0010a1e8,todo,
0x10a360,84,FUN_0010a360,todo,
0x10a3b4,2708,FUN_0010a3b4,todo,
0x10b014,196,FUN_0010b014,todo,
0x10b0d8,116,FUN_0010b0d8,todo,
0x10b14c,432,FUN_0010b14c,todo,
0x10b30c,120,FUN_0010b30c,todo,
0x10b38c,252,FUN_0010b38c,todo,
0x10b498,144,FUN_0010b498,todo,
0x10b52c,272,FUN_0010b52c,todo,
0x10b640,680,FUN_0010b640,todo,
0x10b8ec,484,FUN_0010b8ec,todo,
0x10bad8,64,FUN_0010bad8,todo,
0x10bb1c,4,FUN_0010bb1c,todo,
0x10bb20,116,FUN_0010bb20,todo,
0x10bb98,88,FUN_0010bb98,todo,
0x10bbf8,276,FUN_0010bbf8,todo,
0x10bd90,452,FUN_0010bd90,todo,
0x10bf58,444,FUN_0010bf58,todo,
0x10c13c,20,FUN_0010c13c,todo,
0x10c150,104,FUN_0010c150,todo,
0x10c1b8,20,FUN_0010c1b8,todo,
0x10c1cc,112,FUN_0010c1cc,todo,
0x10c250,64,FUN_0010c250,todo,
0x10c29c,148,FUN_0010c29c,todo,
0x10c330,160,FUN_0010c330,todo,
0x10c3d4,12,FUN_0010c3d4,todo,
0x10c3e4,232,FUN_0010c3e4,todo,
0x10c40c,144,FUN_0010c40c,todo,
0x10c4b0,24,FUN_0010c4b0,todo,
0x10c4c8,92,FUN_0010c4c8,todo,
0x10c52c,476,FUN_0010c52c,todo,
0x10c72c,16,FUN_0010c72c,todo,
0x10c73c,28,FUN_0010c73c,todo,
0x10c770,68,FUN_0010c770,todo,
0x10c7b8,28,FUN_0010c7b8,todo,
0x10c7d4,152,FUN_0010c7d4,todo,
0x10c874,1592,FUN_0010c874,todo,
0x10cf04,1044,FUN_0010cf04,todo,
0x10d344,420,FUN_0010d344,todo,
0x10d4f8,100,FUN_0010d4f8,todo,
0x10d568,60,FUN_0010d568,todo,
0x10d5a8,80,FUN_0010d5a8,todo,
0x10d5f8,20,FUN_0010d5f8,todo,
0x10d610,300,FUN_0010d610,todo,
0x10d750,220,FUN_0010d750,todo,
0x10d838,352,FUN_0010d838,todo,
0x10d9a0,24,FUN_0010d9a0,todo,
0x10db74,56,FUN_0010db74,todo,
0x10dbb4,20,FUN_0010dbb4,todo,
0x10dbcc,356,FUN_0010dbcc,todo,
0x10dd90,64,FUN_0010dd90,todo,
0x10ddd4,64,FUN_0010ddd4,todo,
0x10de28,20,FUN_0010de28,todo,
0x10de3c,904,FUN_0010de3c,todo,
0x10e1c4,924,FUN_0010e1c4,todo,
0x10e5ac,16,FUN_0010e5ac,todo,
0x10e5bc,1252,FUN_0010e5bc,todo,
0x10eaa0,84,FUN_0010eaa0,todo,
0x10eaf4,420,FUN_0010eaf4,todo,
0x10eca8,128,FUN_0010eca8,todo,
0x10ed2c,148,FUN_0010ed2c,todo,
0x10edd4,108,FUN_0010edd4,todo,
0x10ee00,320,FUN_0010ee00,todo,
0x10ee10,52,FUN_0010ee10,todo,
0x10ee44,16,FUN_0010ee44,todo,
0x10ee58,224,FUN_0010ee58,todo,
0x10ef40,16,FUN_0010ef40,todo,
0x10ef54,12,FUN_0010ef54,todo,
0x10ef64,8,FUN_0010ef64,todo,
0x10ef70,336,FUN_0010ef70,todo,
0x10f0c0,60,FUN_0010f0c0,todo,
0x10f0fc,52,FUN_0010f0fc,todo,
0x10f130,60,FUN_0010f130,todo,
0x10f170,152,FUN_0010f170,todo,
0x10f214,356,FUN_0010f214,todo,
0x10f38c,324,FUN_0010f38c,todo,
0x10f4d8,36,FUN_0010f4d8,todo,
0x10f500,112,FUN_0010f500,todo,
0x10f654,48,FUN_0010f654,todo,
0x10f684,68,FUN_0010f684,todo,
0x10f6d0,284,FUN_0010f6d0,todo,
0x10f804,52,FUN_0010f804,todo,
0x10f83c,184,FUN_0010f83c,todo,
0x10f904,464,FUN_0010f904,todo,
0x10fae4,432,FUN_0010fae4,todo,
0x10fcc4,12,FUN_0010fcc4,todo,
0x10fcd0,4,FUN_0010fcd0,todo,
0x10fcd4,4,FUN_0010fcd4,todo,
0x10fcd8,2016,FUN_0010fcd8,todo,
0x1105bc,196,FUN_001105bc,todo,
0x110698,168,FUN_00110698,todo,
0x110744,164,FUN_00110744,todo,
0x110994,164,FUN_00110994,todo,
0x110a44,148,FUN_00110a44,todo,
0x110ae4,168,FUN_00110ae4,todo,
0x110b9c,268,FUN_00110b9c,todo,
0x110cb4,24,FUN_00110cb4,todo,
0x110ccc,24,FUN_00110ccc,todo,
0x110ce4,8,FUN_00110ce4,todo,
0x110cec,64,FUN_00110cec,todo,
0x110d2c,48,FUN_00110d2c,todo,
0x110d5c,1008,FUN_00110d5c,todo,
0x111154,312,FUN_00111154,todo,
0x1112a8,196,FUN_001112a8,todo,
0x111374,180,FUN_00111374,todo,
0x11142c,124,FUN_0011142c,todo,
0x1114b0,16,FUN_001114b0,todo,
0x1114c0,68,FUN_001114c0,todo,
0x111508,12,FUN_00111508,todo,
0x111518,40,FUN_00111518,todo,
0x11154c,120,FUN_0011154c,todo,
0x111574,628,FUN_00111574,todo,
0x111974,88,FUN_00111974,todo,
0x1119d0,236,FUN_001119d0,todo,
0x111af0,100,FUN_00111af0,todo,
0x111c88,80,FUN_00111c88,todo,
0x111cdc,104,FUN_00111cdc,todo,
0x111d44,308,FUN_00111d44,todo,
0x111e78,28,FUN_00111e78,todo,
0x111e94,324,FUN_00111e94,todo,
0x111fe0,76,FUN_00111fe0,todo,
0x112030,212,FUN_00112030,todo,
0x112108,432,FUN_00112108,todo,
0x1122c0,12,FUN_001122c0,todo,
0x1122cc,476,FUN_001122cc,todo,
0x1124b0,28,FUN_001124b0,todo,
0x1124cc,60,FUN_001124cc,todo,
0x112508,64,FUN_00112508,todo,
0x112548,64,FUN_00112548,todo,
0x112588,192,FUN_00112588,todo,
0x112648,128,FUN_00112648,todo,
0x1126c8,60,FUN_001126c8,todo,
0x112708,112,FUN_00112708,todo,
0x11277c,104,FUN_0011277c,todo,
0x1127e8,92,FUN_001127e8,todo,
0x112844,128,FUN_00112844,todo,
0x1128c8,4,FUN_001128c8,todo,
0x1128cc,180,FUN_001128cc,todo,
0x112984,120,FUN_00112984,todo,
0x112a00,520,FUN_00112a00,todo,
0x112c1c,120,FUN_00112c1c,todo,
0x112cec,80,FUN_00112cec,todo,
0x112d40,12,FUN_00112d40,todo,
0x112d50,76,FUN_00112d50,todo,
0x112da4,204,FUN_00112da4,todo,
0x112e80,196,FUN_00112e80,todo,
0x112f44,24,FUN_00112f44,todo,
0x112f5c,56,FUN_00112f5c,todo,
0x112f9c,128,FUN_00112f9c,todo,
0x113040,144,FUN_00113040,todo,
0x1130f8,164,FUN_001130f8,todo,
0x11319c,96,FUN_0011319c,todo,
0x113200,244,FUN_00113200,todo,
0x113300,4,FUN_00113300,todo,
0x113304,56,FUN_00113304,todo,
0x11333c,8,FUN_0011333c,todo,
0x113358,40,FUN_00113358,todo,
0x113380,24,FUN_00113380,todo,
0x113398,52,FUN_00113398,todo,
0x1133cc,228,FUN_001133cc,todo,
0x1134b0,52,FUN_001134b0,todo,
0x1134e4,68,FUN_001134e4,todo,
0x113528,32,FUN_00113528,todo,
0x113548,280,FUN_00113548,todo,
0x113664,244,FUN_00113664,todo,
0x113760,52,FUN_00113760,todo,
0x113794,60,FUN_00113794,todo,
0x1137d0,56,FUN_001137d0,todo,
0x11380c,8,FUN_0011380c,todo,
0x113814,20,FUN_00113814,todo,
0x113828,24,FUN_00113828,todo,
0x113840,32,FUN_00113840,todo,
0x113860,24,FUN_00113860,todo,
0x113878,60,FUN_00113878,todo,
0x1138b4,76,FUN_001138b4,todo,
0x113900,44,FUN_00113900,todo,
0x11392c,24,FUN_0011392c,todo,
0x113960,40,FUN_00113960,todo,
0x1139b4,56,FUN_001139b4,todo,
0x1139ec,60,FUN_001139ec,todo,
0x113a70,76,FUN_00113a70,todo,
0x113abc,28,FUN_00113abc,todo,
0x113c6c,28,FUN_00113c6c,todo,
0x113e1c,28,FUN_00113e1c,todo,
0x114004,28,FUN_00114004,todo,
0x1144c0,208,FUN_001144c0,todo,
0x114590,80,FUN_00114590,todo,
0x1145e0,56,FUN_001145e0,todo,
0x114620,52,FUN_00114620,todo,
0x114658,12,FUN_00114658,todo,
0x114664,20,FUN_00114664,todo,
0x114678,12,FUN_00114678,todo,
0x114684,32,FUN_00114684,todo,
0x1146b0,16,FUN_001146b0,todo,
0x1146c0,16,FUN_001146c0,todo,
0x1146f4,52,FUN_001146f4,todo,
0x114728,252,FUN_00114728,todo,
0x114928,168,FUN_00114928,todo,
0x114a18,328,FUN_00114a18,todo,
0x114c88,228,FUN_00114c88,todo,
0x114d6c,60,FUN_00114d6c,todo,
0x114da8,32,FUN_00114da8,todo,
0x114dc8,36,FUN_00114dc8,todo,
0x114dec,304,FUN_00114dec,todo,
0x114fc8,44,FUN_00114fc8,todo,
0x114ff4,140,FUN_00114ff4,todo,
0x1150a0,56,FUN_001150a0,todo,
0x1150e0,28,FUN_001150e0,todo,
0x1150fc,28,FUN_001150fc,todo,
0x115118,28,FUN_00115118,todo,
0x115134,60,FUN_00115134,todo,
0x115170,52,FUN_00115170,todo,
0x1151a4,60,FUN_001151a4,todo,
0x1151e0,28,FUN_001151e0,todo,
0x1151fc,24,FUN_001151fc,todo,
0x115214,32,FUN_00115214,todo,
0x115238,28,FUN_00115238,todo,
0x115254,64,FUN_00115254,todo,
0x11529c,40,FUN_0011529c,todo,
0x1152c4,168,FUN_001152c4,todo,
0x11536c,28,FUN_0011536c,todo,
0x115388,24,FUN_00115388,todo,
0x1153b8,4,FUN_001153b8,todo,
0x1153bc,8,FUN_001153bc,todo,
0x1153c4,16,FUN_001153c4,todo,
0x1153d8,688,FUN_001153d8,todo,
0x1156c8,40,FUN_001156c8,todo,
0x1156f0,40,FUN_001156f0,todo,
0x115718,80,FUN_00115718,todo,
0x115768,36,FUN_00115768,todo,
0x11578c,40,FUN_0011578c,todo,
0x1157b4,88,FUN_001157b4,todo,
0x115810,88,FUN_00115810,todo,
0x11586c,112,FUN_0011586c,todo,
0x1158e0,88,FUN_001158e0,todo,
0x11593c,112,FUN_0011593c,todo,
0x1159b0,84,FUN_001159b0,todo,
0x115a04,72,FUN_00115a04,todo,
0x115a4c,36,FUN_00115a4c,todo,
0x115a70,32,FUN_00115a70,todo,
0x115a90,144,FUN_00115a90,todo,
0x115bd4,240,FUN_00115bd4,todo,
0x115cc8,148,FUN_00115cc8,todo,
0x115fb0,644,FUN_00115fb0,todo,
0x116238,180,FUN_00116238,todo,
0x1162ec,140,FUN_001162ec,todo,
0x116378,808,FUN_00116378,todo,
0x1166a0,228,FUN_001166a0,todo,
0x116784,60,FUN_00116784,todo,
0x1167c0,212,FUN_001167c0,todo,
0x116898,176,FUN_00116898,todo,
0x116948,104,FUN_00116948,todo,
0x1169b4,28,FUN_001169b4,todo,
0x1169d0,48,FUN_001169d0,todo,
0x116a00,44,FUN_00116a00,todo,
0x116a2c,52,FUN_00116a2c,todo,
0x116a60,68,FUN_00116a60,todo,
0x116aa4,40,FUN_00116aa4,todo,
0x116acc,76,FUN_00116acc,todo,
0x116b18,220,FUN_00116b18,todo,
0x116bf8,104,FUN_00116bf8,todo,
0x116c64,20,FUN_00116c64,todo,
0x116c78,60,FUN_00116c78,todo,
0x116cb4,4,thunk_FUN_0010fcd4,todo,
0x116cb8,8,FUN_00116cb8,todo,
0x116cc4,152,FUN_00116cc4,todo,
0x116d5c,16,FUN_00116d5c,todo,
0x116d6c,20,FUN_00116d6c,todo,
0x116d80,16,FUN_00116d80,todo,
0x116d90,32,FUN_00116d90,todo,
0x116db0,88,FUN_00116db0,todo,
0x116f7c,632,FUN_00116f7c,todo,
0x1175c4,60,FUN_001175c4,todo,
0x117604,16,FUN_00117604,todo,
0x117678,316,FUN_00117678,todo,
0x1177cc,60,FUN_001177cc,todo,
0x11780c,24,FUN_0011780c,todo,
0x117870,92,FUN_00117870,todo,
0x1178d4,728,FUN_001178d4,todo,
0x117bac,1048,FUN_00117bac,todo,
0x117fe0,24,FUN_00117fe0,todo,
0x117ff8,1596,FUN_00117ff8,todo,
0x1180b8,236,FUN_001180b8,todo,
0x118388,96,FUN_00118388,todo,
0x1183e8,36,FUN_001183e8,todo,
0x11840c,36,FUN_0011840c,todo,
0x118430,140,FUN_00118430,todo,
0x1184bc,44,FUN_001184bc,todo,
0x1184e8,8,FUN_001184e8,todo,
0x1184f4,28,FUN_001184f4,todo,
0x118510,128,FUN_00118510,todo,
0x118590,204,FUN_00118590,todo,
0x11866c,48,FUN_0011866c,todo,
0x1186a0,32,FUN_001186a0,todo,
0x118cd0,524,FUN_00118cd0,todo,
0x118edc,476,FUN_00118edc,todo,
0x1190b8,372,FUN_001190b8,todo,
0x11922c,472,FUN_0011922c,todo,
0x119404,408,FUN_00119404,todo,
0x11959c,364,FUN_0011959c,todo,
0x119708,308,FUN_00119708,todo,
0x1198b8,232,FUN_001198b8,todo,
0x119a20,116,FUN_00119a20,todo,
0x119a94,188,FUN_00119a94,todo,
0x119aa8,108,FUN_00119aa8,todo,
0x119b20,12,FUN_00119b20,todo,
0x119b2c,4,thunk_FUN_00105750,todo,
0x119f64,1184,FUN_00119f64,todo,
0x11a408,4,thunk_FUN_00119f64,todo,
0x11a40c,548,FUN_0011a40c,todo,
0x11a63c,4,thunk_FUN_0011a65c,todo,
0x11a65c,48,FUN_0011a65c,todo,
0x11a670,12,FUN_0011a670,todo,
0x11a67c,412,FUN_0011a67c,todo,
0x11a818,32,FUN_0011a818,todo,
0x11a838,140,FUN_0011a838,todo,
0x11a8c4,120,FUN_0011a8c4,todo,
0x11a93c,100,FUN_0011a93c,todo,
0x11a9a4,248,FUN_0011a9a4,todo,
0x11ab48,244,FUN_0011ab48,todo,
0x11af80,120,FUN_0011af80,todo,
0x11aff8,52,FUN_0011aff8,todo,
0x11b02c,244,FUN_0011b02c,todo,
0x11b120,712,FUN_0011b120,todo,
0x11b468,88,FUN_0011b468,todo,
0x11b4c4,220,FUN_0011b4c4,todo,
0x11b5a0,48,FUN_0011b5a0,todo,
0x11b5d0,48,FUN_0011b5d0,todo,
0x11b600,48,FUN_0011b600,todo,
0x11b630,48,FUN_0011b630,todo,
0x11b660,612,FUN_0011b660,todo,
0x11b900,4,thunk_FUN_0011cfe4,todo,
0x11bbd0,52,FUN_0011bbd0,todo,
0x11cfe4,480,FUN_0011cfe4,todo,
0x11d204,560,FUN_0011d204,todo,
0x11d3a0,128,FUN_0011d3a0,todo,
0x11d72c,744,FUN_0011d72c,todo,
0x11d8e8,296,FUN_0011d8e8,todo,
0x11d938,48,FUN_0011d938,todo,
0x11d968,20,FUN_0011d968,todo,
0x11d97c,60,FUN_0011d97c,todo,
0x11d9b8,4,FUN_0011d9b8,todo,
0x11d9bc,1020,FUN_0011d9bc,todo,
0x11decc,500,FUN_0011decc,todo,
0x11f098,300,FUN_0011f098,todo,
0x11f8a0,336,FUN_0011f8a0,todo,
0x120270,176,FUN_00120270,todo,
0x120424,308,FUN_00120424,todo,
0x12059c,252,FUN_0012059c,todo,
0x120714,408,FUN_00120714,todo,
0x1208f0,252,FUN_001208f0,todo,
0x120a64,396,FUN_00120a64,todo,
0x120c30,240,FUN_00120c30,todo,
0x120d7c,312,FUN_00120d7c,todo,
0x121f00,4,thunk_FUN_001235e4,todo,
0x1221d0,52,FUN_001221d0,todo,
0x1235e4,480,FUN_001235e4,todo,
0x123804,560,FUN_00123804,todo,
0x1239a0,128,FUN_001239a0,todo,
0x123d2c,744,FUN_00123d2c,todo,
0x123ee8,296,FUN_00123ee8,todo,
0x123f38,48,FUN_00123f38,todo,
0x123f68,20,FUN_00123f68,todo,
0x123f7c,60,FUN_00123f7c,todo,
0x123fb8,4,FUN_00123fb8,todo,
0x123fbc,1020,FUN_00123fbc,todo,
0x1244cc,500,FUN_001244cc,todo,
0x125698,300,FUN_00125698,todo,
0x125ea0,336,FUN_00125ea0,todo,
0x126870,176,FUN_00126870,todo,
0x126a24,308,FUN_00126a24,todo,
0x126b9c,252,FUN_00126b9c,todo,
0x126d14,408,FUN_00126d14,todo,
0x126ef0,252,FUN_00126ef0,todo,
0x127064,396,FUN_00127064,todo,
0x127230,240,FUN_00127230,todo,
0x12737c,312,FUN_0012737c,todo,
0x128500,4,thunk_FUN_00129be4,todo,
0x1287d0,52,FUN_001287d0,todo,
0x129be4,480,FUN_00129be4,todo,
0x129e04,560,FUN_00129e04,todo,
0x129fa0,128,FUN_00129fa0,todo,
0x12a32c,744,FUN_0012a32c,todo,
0x12a4e8,296,FUN_0012a4e8,todo,
0x12a538,48,FUN_0012a538,todo,
0x12a568,20,FUN_0012a568,todo,
0x12a57c,60,FUN_0012a57c,todo,
0x12a5b8,4,FUN_0012a5b8,todo,
0x12a5bc,1020,FUN_0012a5bc,todo,
0x12aacc,500,FUN_0012aacc,todo,
0x12bc98,300,FUN_0012bc98,todo,
0x12c4a0,336,FUN_0012c4a0,todo,
0x12ce70,176,FUN_0012ce70,todo,
0x12d024,308,FUN_0012d024,todo,
0x12d19c,252,FUN_0012d19c,todo,
0x12d314,408,FUN_0012d314,todo,
0x12d4f0,252,FUN_0012d4f0,todo,
0x12d664,396,FUN_0012d664,todo,
0x12d830,240,FUN_0012d830,todo,
0x12d97c,312,FUN_0012d97c,todo,
0x12f3b8,480,FUN_0012f3b8,todo,
0x12f5a0,88,FUN_0012f5a0,todo,
0x12f5f8,32,FUN_0012f5f8,todo,
0x12f618,88,FUN_0012f618,todo,
0x12f670,68,FUN_0012f670,todo,
0x12f6b4,12,FUN_0012f6b4,todo,
0x12f6c0,20,FUN_0012f6c0,todo,
0x12f6d4,36,FUN_0012f6d4,todo,
0x12f6f8,84,FUN_0012f6f8,todo,
0x12f750,24,FUN_0012f750,todo,
0x12f768,24,FUN_0012f768,todo,
0x12f780,172,FUN_0012f780,todo,
0x12f838,308,FUN_0012f838,todo,
0x12f990,240,FUN_0012f990,todo,
0x12fa88,56,FUN_0012fa88,todo,
0x12fac4,164,FUN_0012fac4,todo,
0x12fb70,60,FUN_0012fb70,todo,
0x12fbb4,80,FUN_0012fbb4,todo,
0x12fc08,148,FUN_0012fc08,todo,
0x12fc9c,40,FUN_0012fc9c,todo,
0x12fcc4,88,FUN_0012fcc4,todo,
0x12fd70,148,FUN_0012fd70,todo,
0x12fe04,120,FUN_0012fe04,todo,
0x12fe80,188,FUN_0012fe80,todo,
0x12ff40,20,FUN_0012ff40,todo,
0x12ff58,36,FUN_0012ff58,todo,
0x12ff7c,40,FUN_0012ff7c,todo,
0x12ffa4,56,FUN_0012ffa4,todo,
0x12ffdc,92,FUN_0012ffdc,todo,
0x130038,340,FUN_00130038,todo,
0x1301ac,240,FUN_001301ac,todo,
0x13029c,208,FUN_0013029c,todo,
0x130370,480,FUN_00130370,todo,
0x130554,152,FUN_00130554,todo,
0x1305ec,24,FUN_001305ec,todo,
0x130604,12,FUN_00130604,todo,
0x130610,252,FUN_00130610,todo,
0x130710,32,FUN_00130710,todo,
0x130730,132,FUN_00130730,todo,
0x1307b8,284,FUN_001307b8,todo,
0x1308dc,68,FUN_001308dc,todo,
0x130920,44,FUN_00130920,todo,
0x13094c,944,FUN_0013094c,todo,
0x130d04,136,FUN_00130d04,todo,
0x130d98,32,FUN_00130d98,todo,
0x130db8,1184,FUN_00130db8,todo,
0x131258,28,FUN_00131258,todo,
0x13127c,72,FUN_0013127c,todo,
0x1312c4,232,FUN_001312c4,todo,
0x1313b4,380,FUN_001313b4,todo,
0x13157c,12,FUN_0013157c,todo,
0x131588,28,FUN_00131588,todo,
0x1315a8,56,FUN_001315a8,todo,
0x1315e0,348,FUN_001315e0,todo,
0x131740,508,FUN_00131740,todo,
0x131988,984,FUN_00131988,todo,
0x131d64,40,FUN_00131d64,todo,
0x131d90,104,FUN_00131d90,todo,
0x131dfc,8,FUN_00131dfc,todo,
0x131e08,52,FUN_00131e08,todo,
0x131e3c,16,FUN_00131e3c,todo,
0x131e50,16,FUN_00131e50,todo,
0x131e64,20,FUN_00131e64,todo,
0x131e7c,40,FUN_00131e7c,todo,
0x131eac,576,FUN_00131eac,todo,
0x132128,1424,FUN_00132128,todo,
0x1326f8,12,FUN_001326f8,todo,
0x132708,28,FUN_00132708,todo,
0x132724,424,FUN_00132724,todo,
0x1328d8,468,FUN_001328d8,todo,
0x132af0,48,FUN_00132af0,todo,
0x132b20,12,FUN_00132b20,todo,
0x132b34,92,FUN_00132b34,todo,
0x132b90,48,FUN_00132b90,todo,
0x132bdc,12,FUN_00132bdc,todo,
0x132bec,84,FUN_00132bec,todo,
0x132c40,36,FUN_00132c40,todo,
0x132c64,12,FUN_00132c64,todo,
0x132c74,16,FUN_00132c74,todo,
0x132c84,60,FUN_00132c84,todo,
0x132cc0,72,FUN_00132cc0,todo,
0x132d08,256,FUN_00132d08,todo,
0x132e08,16,FUN_00132e08,todo,
0x132e18,104,FUN_00132e18,todo,
0x132e80,124,FUN_00132e80,todo,
0x132efc,220,FUN_00132efc,todo,
0x133010,380,FUN_00133010,todo,
0x13318c,180,FUN_0013318c,todo,
0x13325c,72,FUN_0013325c,todo,
0x1332b0,1676,FUN_001332b0,todo,
0x13393c,172,FUN_0013393c,todo,
0x133c08,84,FUN_00133c08,todo,
0x133c5c,476,FUN_00133c5c,todo,
0x133eec,572,FUN_00133eec,todo,
0x133f54,108,FUN_00133f54,todo,
0x133fc4,36,FUN_00133fc4,todo,
0x133fec,28,FUN_00133fec,todo,
0x13400c,20,FUN_0013400c,todo,
0x134020,936,FUN_00134020,todo,
0x1343cc,20,FUN_001343cc,todo,
0x1343e0,144,FUN_001343e0,todo,
0x134470,40,FUN_00134470,todo,
0x1344a8,996,FUN_001344a8,todo,
0x13488c,1204,FUN_0013488c,todo,
0x134d50,28,FUN_00134d50,todo,
0x134d6c,828,FUN_00134d6c,todo,
0x1350a8,28,FUN_001350a8,todo,
0x1350c4,160,FUN_001350c4,todo,
0x135164,128,FUN_00135164,todo,
0x1351e4,136,FUN_001351e4,todo,
0x13526c,44,FUN_0013526c,todo,
0x13529c,144,FUN_0013529c,todo,
0x13532c,60,FUN_0013532c,todo,
0x135368,128,FUN_00135368,todo,
0x135418,12,FUN_00135418,todo,
0x1354fc,76,FUN_001354fc,todo,
0x135548,180,FUN_00135548,todo,
0x1355fc,12,FUN_001355fc,todo,
0x135784,964,FUN_00135784,todo,
0x135b58,256,FUN_00135b58,todo,
0x135c60,428,FUN_00135c60,todo,
0x135e0c,112,FUN_00135e0c,todo,
0x135e84,100,FUN_00135e84,todo,
0x135ef0,160,FUN_00135ef0,todo,
0x135f90,124,FUN_00135f90,todo,
0x136014,408,FUN_00136014,todo,
0x1362ec,408,FUN_001362ec,todo,
0x13650c,48,FUN_0013650c,todo,
0x136540,8,FUN_00136540,todo,
0x13654c,344,FUN_0013654c,todo,
0x136644,20,FUN_00136644,todo,
0x136658,24,FUN_00136658,todo,
0x136670,296,FUN_00136670,todo,
0x136824,168,FUN_00136824,todo,
0x1368cc,36,FUN_001368cc,todo,
0x1368f4,12,FUN_001368f4,todo,
0x136904,7380,FUN_00136904,todo,
0x1386b4,516,FUN_001386b4,todo,
0x138970,248,FUN_00138970,todo,
0x138a6c,876,FUN_00138a6c,todo,
0x138de4,284,FUN_00138de4,todo,
0x138f0c,24,FUN_00138f0c,todo,
0x138f28,128,FUN_00138f28,todo,
0x138fa8,2848,FUN_00138fa8,todo,
0x139b00,188,FUN_00139b00,todo,
0x139bcc,240,FUN_00139bcc,todo,
0x139cbc,76,FUN_00139cbc,todo,
0x139d6c,112,FUN_00139d6c,todo,
0x139de4,556,FUN_00139de4,todo,
0x13a044,24,FUN_0013a044,todo,
0x13a060,196,FUN_0013a060,todo,
0x13a128,80,FUN_0013a128,todo,
0x13a178,76,FUN_0013a178,todo,
0x13a1c4,780,FUN_0013a1c4,todo,
0x13a504,72,FUN_0013a504,todo,
0x13a768,56,FUN_0013a768,todo,
0x13a7a4,68,FUN_0013a7a4,todo,
0x13a7e8,108,FUN_0013a7e8,todo,
0x13a854,100,FUN_0013a854,todo,
0x13a8d0,1920,FUN_0013a8d0,todo,
0x13b0b4,268,FUN_0013b0b4,todo,
0x13b1c0,1840,FUN_0013b1c0,todo,
0x13b914,72,FUN_0013b914,todo,
0x13b96c,68,FUN_0013b96c,todo,
0x13bcc0,72,FUN_0013bcc0,todo,
0x13bd08,168,FUN_0013bd08,todo,
0x13bdb4,148,FUN_0013bdb4,todo,
0x13be60,256,FUN_0013be60,todo,
0x13bf78,284,FUN_0013bf78,todo,
0x13c094,288,FUN_0013c094,todo,
0x13c1e8,192,FUN_0013c1e8,todo,
0x13c37c,28,FUN_0013c37c,todo,
0x13c398,1916,FUN_0013c398,todo,
0x13cb58,92,FUN_0013cb58,todo,
0x13cbb4,36,FUN_0013cbb4,todo,
0x13cbd8,204,FUN_0013cbd8,todo,
0x13ccac,444,FUN_0013ccac,todo,
0x13ce6c,68,FUN_0013ce6c,todo,
0x13ceb0,452,FUN_0013ceb0,todo,
0x13d074,84,FUN_0013d074,todo,
0x13d0d8,116,FUN_0013d0d8,todo,
0x13d150,248,FUN_0013d150,todo,
0x13d258,148,FUN_0013d258,todo,
0x13d2ec,108,FUN_0013d2ec,todo,
0x13d368,12,FUN_0013d368,todo,
0x13d374,96,FUN_0013d374,todo,
0x13d3d4,44,FUN_0013d3d4,todo,
0x13d400,204,FUN_0013d400,todo,
0x13d4e4,380,FUN_0013d4e4,todo,
0x13d688,1084,FUN_0013d688,todo,
0x13de00,164,FUN_0013de00,todo,
0x13e7ec,36,FUN_0013e7ec,todo,
0x13e878,428,FUN_0013e878,todo,
0x13e92c,940,FUN_0013e92c,todo,
0x13ebac,524,FUN_0013ebac,todo,
0x13eddc,208,FUN_0013eddc,todo,
0x13eeb0,272,FUN_0013eeb0,todo,
0x13efc4,156,FUN_0013efc4,todo,
0x13f03c,64,FUN_0013f03c,todo,
0x13f07c,72,FUN_0013f07c,todo,
0x13f0c8,664,FUN_0013f0c8,todo,
0x13f420,628,FUN_0013f420,todo,
0x13f698,180,FUN_0013f698,todo,
0x13f814,232,FUN_0013f814,todo,
0x13f95c,1620,FUN_0013f95c,todo,
0x13ffc0,64,FUN_0013ffc0,todo,
0x14013c,236,FUN_0014013c,todo,
0x140250,148,FUN_00140250,todo,
0x14037c,36,FUN_0014037c,todo,
0x1403ac,40,FUN_001403ac,todo,
0x1403dc,104,FUN_001403dc,todo,
0x14063c,88,FUN_0014063c,todo,
0x140694,440,FUN_00140694,todo,
0x140854,96,FUN_00140854,todo,
0x140934,56,FUN_00140934,todo,
0x14096c,216,FUN_0014096c,todo,
0x140a5c,376,FUN_00140a5c,todo,
0x140be4,96,FUN_00140be4,todo,
0x140c4c,88,FUN_00140c4c,todo,
0x140cec,24,FUN_00140cec,todo,
0x140de0,240,FUN_00140de0,todo,
0x140ed0,88,FUN_00140ed0,todo,
0x140f30,24,FUN_00140f30,todo,
0x140f70,88,FUN_00140f70,todo,
0x140fc8,88,FUN_00140fc8,todo,
0x141054,212,FUN_00141054,todo,
0x141148,96,FUN_00141148,todo,
0x1411b0,92,FUN_001411b0,todo,
0x14120c,36,FUN_0014120c,todo,
0x1413c8,36,FUN_001413c8,todo,
0x1413f0,36,FUN_001413f0,todo,
0x141418,84,FUN_00141418,todo,
0x141470,108,FUN_00141470,todo,
0x1414dc,412,FUN_001414dc,todo,
0x141688,380,FUN_00141688,todo,
0x14184c,776,FUN_0014184c,todo,
0x141b8c,88,FUN_00141b8c,todo,
0x141bf8,120,FUN_00141bf8,todo,
0x141c90,584,FUN_00141c90,todo,
0x141e28,164,FUN_00141e28,todo,
0x141ecc,20,FUN_00141ecc,todo,
0x141ee0,64,FUN_00141ee0,todo,
0x141f00,28,FUN_00141f00,todo,
0x141f1c,84,FUN_00141f1c,todo,
0x141f80,292,FUN_00141f80,todo,
0x142320,260,FUN_00142320,todo,
0x142454,252,FUN_00142454,todo,
0x142550,92,FUN_00142550,todo,
0x1425ac,420,FUN_001425ac,todo,
0x142760,20,FUN_00142760,todo,
0x1428c4,108,FUN_001428c4,todo,
0x142960,192,FUN_00142960,todo,
0x142a94,44,FUN_00142a94,todo,
0x142ad8,16,FUN_00142ad8,todo,
0x142aec,88,FUN_00142aec,todo,
0x142b60,192,FUN_00142b60,todo,
0x142c4c,456,FUN_00142c4c,todo,
0x142d88,288,FUN_00142d88,todo,
0x14317c,132,FUN_0014317c,todo,
0x143204,48,FUN_00143204,todo,
0x143234,16,FUN_00143234,todo,
0x143244,268,FUN_00143244,todo,
0x1433f4,96,FUN_001433f4,todo,
0x143458,16,FUN_00143458,todo,
0x143468,96,FUN_00143468,todo,
0x143504,96,FUN_00143504,todo,
0x1435bc,256,FUN_001435bc,todo,
0x1436e4,152,FUN_001436e4,todo,
0x14377c,132,FUN_0014377c,todo,
0x143804,16,FUN_00143804,todo,
0x143814,192,FUN_00143814,todo,
0x1438f0,8,FUN_001438f0,todo,
0x1438f8,40,FUN_001438f8,todo,
0x143924,556,FUN_00143924,todo,
0x143b90,544,FUN_00143b90,todo,
0x143df0,32,FUN_00143df0,todo,
0x143e2c,32,FUN_00143e2c,todo,
0x143e4c,60,FUN_00143e4c,todo,
0x143ea8,376,FUN_00143ea8,todo,
0x143f10,60,FUN_00143f10,todo,
0x144008,528,FUN_00144008,todo,
0x144274,92,FUN_00144274,todo,
0x1442d0,92,FUN_001442d0,todo,
0x14432c,92,FUN_0014432c,todo,
0x144388,568,FUN_00144388,todo,
0x1445e8,396,FUN_001445e8,todo,
0x144778,604,FUN_00144778,todo,
0x1449d8,124,FUN_001449d8,todo,
0x144a68,124,FUN_00144a68,todo,
0x144af4,32,FUN_00144af4,todo,
0x144b14,16,FUN_00144b14,todo,
0x144b28,124,FUN_00144b28,todo,
0x144bc4,212,FUN_00144bc4,todo,
0x144c98,88,FUN_00144c98,todo,
0x144cf0,88,FUN_00144cf0,todo,
0x144d48,180,FUN_00144d48,todo,
0x144dfc,12,FUN_00144dfc,todo,
0x144e08,180,FUN_00144e08,todo,
0x144ebc,196,FUN_00144ebc,todo,
0x144f80,628,FUN_00144f80,todo,
0x1451f4,68,FUN_001451f4,todo,
0x145238,252,FUN_00145238,todo,
0x145334,432,FUN_00145334,todo,
0x1454e4,540,FUN_001454e4,todo,
0x145700,696,FUN_00145700,todo,
0x146c34,120,FUN_00146c34,todo,
0x146cac,40,FUN_00146cac,todo,
0x146cd4,12,FUN_00146cd4,todo,
0x146ce0,216,FUN_00146ce0,todo,
0x146db8,128,FUN_00146db8,todo,
0x146e58,468,FUN_00146e58,todo,
0x147020,44,FUN_00147020,todo,
0x147050,32,FUN_00147050,todo,
0x147084,116,FUN_00147084,todo,
0x1470f8,116,FUN_001470f8,todo,
0x14716c,116,FUN_0014716c,todo,
0x1471e0,180,FUN_001471e0,todo,
0x147298,300,FUN_00147298,todo,
0x147358,36,FUN_00147358,todo,
0x147380,420,FUN_00147380,todo,
0x14752c,52,FUN_0014752c,todo,
0x147560,52,FUN_00147560,todo,
0x147594,52,FUN_00147594,todo,
0x1475c8,1404,FUN_001475c8,todo,
0x147bd4,540,FUN_00147bd4,todo,
0x147e08,1008,FUN_00147e08,todo,
0x14826c,80,FUN_0014826c,todo,
0x1482bc,372,FUN_001482bc,todo,
0x148438,76,FUN_00148438,todo,
0x148484,740,FUN_00148484,todo,
0x1489f0,1268,FUN_001489f0,todo,
0x148ef0,76,FUN_00148ef0,todo,
0x148f3c,276,FUN_00148f3c,todo,
0x149074,172,FUN_00149074,todo,
0x149124,924,FUN_00149124,todo,
0x1493c8,628,FUN_001493c8,todo,
0x149698,1828,FUN_00149698,todo,
0x149eb8,36,FUN_00149eb8,todo,
0x149ee0,544,FUN_00149ee0,todo,
0x14a10c,608,FUN_0014a10c,todo,
0x14a374,88,FUN_0014a374,todo,
0x14a3cc,460,FUN_0014a3cc,todo,
0x14a614,168,FUN_0014a614,todo,
0x14a71c,320,FUN_0014a71c,todo,
0x14a8b0,248,FUN_0014a8b0,todo,
0x14a9b0,176,FUN_0014a9b0,todo,
0x14ab00,16,FUN_0014ab00,todo,
0x14ab10,12,FUN_0014ab10,todo,
0x14ab1c,184,FUN_0014ab1c,todo,
0x14abd4,216,FUN_0014abd4,todo,
0x14acb4,40,FUN_0014acb4,todo,
0x14ace0,32,FUN_0014ace0,todo,
0x14afb4,108,FUN_0014afb4,todo,
0x14b020,44,FUN_0014b020,todo,
0x14b04c,100,FUN_0014b04c,todo,
0x14b0b0,72,FUN_0014b0b0,todo,
0x14b0f8,100,FUN_0014b0f8,todo,
0x14b15c,40,FUN_0014b15c,todo,
0x14b1e8,244,FUN_0014b1e8,todo,
0x14b2dc,64,FUN_0014b2dc,todo,
0x14b31c,244,FUN_0014b31c,todo,
0x14b410,260,FUN_0014b410,todo,
0x14b534,60,FUN_0014b534,todo,
0x14b570,184,FUN_0014b570,todo,
0x14b6e0,248,FUN_0014b6e0,todo,
0x14b860,540,FUN_0014b860,todo,
0x14baf4,96,FUN_0014baf4,todo,
0x14bb84,64,FUN_0014bb84,todo,
0x14bbe4,96,FUN_0014bbe4,todo,
0x14bc84,192,FUN_0014bc84,todo,
0x14bd5c,176,FUN_0014bd5c,todo,
0x14be14,148,FUN_0014be14,todo,
0x14bea8,112,FUN_0014bea8,todo,
0x14bf20,96,FUN_0014bf20,todo,
0x14bf84,76,FUN_0014bf84,todo,
0x14bfd4,76,FUN_0014bfd4,todo,
0x14c044,428,FUN_0014c044,todo,
0x14c3dc,92,FUN_0014c3dc,todo,
0x14c43c,64,FUN_0014c43c,todo,
0x14c4ac,396,FUN_0014c4ac,todo,
0x14c680,160,FUN_0014c680,todo,
0x14c724,24,FUN_0014c724,todo,
0x14c740,24,FUN_0014c740,todo,
0x14c75c,96,FUN_0014c75c,todo,
0x14c7c4,100,FUN_0014c7c4,todo,
0x14c868,96,FUN_0014c868,todo,
0x14c988,656,FUN_0014c988,todo,
0x14ccd4,228,FUN_0014ccd4,todo,
0x14cdbc,264,FUN_0014cdbc,todo,
0x14cf1c,344,FUN_0014cf1c,todo,
0x14d080,60,FUN_0014d080,todo,
0x14d0bc,364,FUN_0014d0bc,todo,
0x14d280,144,FUN_0014d280,todo,
0x14d310,168,FUN_0014d310,todo,
0x14d3bc,184,FUN_0014d3bc,todo,
0x14d6a8,224,FUN_0014d6a8,todo,
0x14d788,172,FUN_0014d788,todo,
0x14d86c,28,FUN_0014d86c,todo,
0x14d888,364,FUN_0014d888,todo,
0x14da30,556,FUN_0014da30,todo,
0x14dc60,16,FUN_0014dc60,todo,
0x14dc70,156,FUN_0014dc70,todo,
0x14dd14,60,FUN_0014dd14,todo,
0x14dd64,36,FUN_0014dd64,todo,
0x14e044,188,FUN_0014e044,todo,
0x14e108,748,FUN_0014e108,todo,
0x14e40c,140,FUN_0014e40c,todo,
0x14e49c,284,FUN_0014e49c,todo,
0x14e69c,416,FUN_0014e69c,todo,
0x14e844,476,FUN_0014e844,todo,
0x14ea6c,140,FUN_0014ea6c,todo,
0x14eb10,96,FUN_0014eb10,todo,
0x14eb84,12,FUN_0014eb84,todo,
0x14eb98,64,FUN_0014eb98,todo,
0x14ec10,332,FUN_0014ec10,todo,
0x14eda8,228,FUN_0014eda8,todo,
0x14ee98,440,FUN_0014ee98,todo,
0x14f058,120,FUN_0014f058,todo,
0x14f0d4,60,FUN_0014f0d4,todo,
0x14f1a0,60,FUN_0014f1a0,todo,
0x14f358,84,FUN_0014f358,todo,
0x14f3b0,52,FUN_0014f3b0,todo,
0x14f3e4,16,FUN_0014f3e4,todo,
0x14f3f4,40,FUN_0014f3f4,todo,
0x14f41c,652,FUN_0014f41c,todo,
0x14f744,292,FUN_0014f744,todo,
0x14f870,504,FUN_0014f870,todo,
0x14fa70,344,FUN_0014fa70,todo,
0x14fbcc,344,FUN_0014fbcc,todo,
0x14fd28,76,FUN_0014fd28,todo,
0x14fd74,240,FUN_0014fd74,todo,
0x14fe88,252,FUN_0014fe88,todo,
0x14ffa0,224,FUN_0014ffa0,todo,
0x1500c8,16,FUN_001500c8,todo,
0x1500d8,744,FUN_001500d8,todo,
0x1503e4,224,FUN_001503e4,todo,
0x150514,120,FUN_00150514,todo,
0x150590,16,FUN_00150590,todo,
0x1505a0,96,FUN_001505a0,todo,
0x1509dc,300,FUN_001509dc,todo,
0x150b14,248,FUN_00150b14,todo,
0x150c10,360,FUN_00150c10,todo,
0x150d7c,1104,FUN_00150d7c,todo,
0x15124c,904,FUN_0015124c,todo,
0x151624,96,FUN_00151624,todo,
0x15168c,64,FUN_0015168c,todo,
0x1516d0,300,FUN_001516d0,todo,
0x15181c,84,FUN_0015181c,todo,
0x151870,172,FUN_00151870,todo,
0x151928,64,FUN_00151928,todo,
0x15196c,36,FUN_0015196c,todo,
0x151990,28,FUN_00151990,todo,
0x1519ac,184,FUN_001519ac,todo,
0x151a68,256,FUN_00151a68,todo,
0x151b68,104,FUN_00151b68,todo,
0x151bd0,260,FUN_00151bd0,todo,
0x151cd8,220,FUN_00151cd8,todo,
0x151db8,200,FUN_00151db8,todo,
0x151e8c,24,FUN_00151e8c,todo,
0x151ea4,184,FUN_00151ea4,todo,
0x151f60,380,FUN_00151f60,todo,
0x152110,172,FUN_00152110,todo,
0x1521bc,72,FUN_001521bc,todo,
0x15220c,72,FUN_0015220c,todo,
0x15225c,120,FUN_0015225c,todo,
0x1522d4,248,FUN_001522d4,todo,
0x1523d4,120,FUN_001523d4,todo,
0x152454,376,FUN_00152454,todo,
0x1525d4,24,FUN_001525d4,todo,
0x1525ec,408,FUN_001525ec,todo,
0x15279c,96,FUN_0015279c,todo,
0x152830,1344,FUN_00152830,todo,
0x152dcc,72,FUN_00152dcc,todo,
0x152e30,84,FUN_00152e30,todo,
0x152f60,80,FUN_00152f60,todo,
0x152fb4,8,FUN_00152fb4,todo,
0x152fbc,184,FUN_00152fbc,todo,
0x153074,20,FUN_00153074,todo,
0x153088,80,FUN_00153088,todo,
0x1530e8,168,FUN_001530e8,todo,
0x1531b0,192,FUN_001531b0,todo,
0x153284,136,FUN_00153284,todo,
0x153320,64,FUN_00153320,todo,
0x153370,168,FUN_00153370,todo,
0x153444,20,FUN_00153444,todo,
0x153458,80,FUN_00153458,todo,
0x1534a8,340,FUN_001534a8,todo,
0x1535fc,160,FUN_001535fc,todo,
0x15369c,48,FUN_0015369c,todo,
0x1536cc,144,FUN_001536cc,todo,
0x15383c,1304,FUN_0015383c,todo,
0x153e74,168,FUN_00153e74,todo,
0x153f4c,160,FUN_00153f4c,todo,
0x154030,108,FUN_00154030,todo,
0x15409c,148,FUN_0015409c,todo,
0x154158,160,FUN_00154158,todo,
0x1542a8,148,FUN_001542a8,todo,
0x154364,268,FUN_00154364,todo,
0x154510,96,FUN_00154510,todo,
0x154574,16,FUN_00154574,todo,
0x154584,60,FUN_00154584,todo,
0x1545c0,240,FUN_001545c0,todo,
0x1546b4,116,FUN_001546b4,todo,
0x154730,136,FUN_00154730,todo,
0x1547b8,1272,FUN_001547b8,todo,
0x154cbc,488,FUN_00154cbc,todo,
0x154eac,492,FUN_00154eac,todo,
0x1550a8,76,FUN_001550a8,todo,
0x1550fc,256,FUN_001550fc,todo,
0x155200,112,FUN_00155200,todo,
0x155270,40,FUN_00155270,todo,
0x1552a0,408,FUN_001552a0,todo,
0x155440,480,FUN_00155440,todo,
0x15565c,420,FUN_0015565c,todo,
0x155808,84,FUN_00155808,todo,
0x15589c,320,FUN_0015589c,todo,
0x1559f8,100,FUN_001559f8,todo,
0x155c24,120,FUN_00155c24,todo,
0x155c9c,196,FUN_00155c9c,todo,
0x155d64,268,FUN_00155d64,todo,
0x15619c,164,FUN_0015619c,todo,
0x156244,264,FUN_00156244,todo,
0x1563b4,256,FUN_001563b4,todo,
0x1564f4,168,FUN_001564f4,todo,
0x1565a0,300,FUN_001565a0,todo,
0x1566d8,16,FUN_001566d8,todo,
0x1566e8,144,FUN_001566e8,todo,
0x156794,616,FUN_00156794,todo,
0x156a0c,252,FUN_00156a0c,todo,
0x156b28,84,FUN_00156b28,todo,
0x156b7c,52,FUN_00156b7c,todo,
0x156bdc,76,FUN_00156bdc,todo,
0x156c34,44,FUN_00156c34,todo,
0x156c88,4,FUN_00156c88,todo,
0x156c8c,28,FUN_00156c8c,todo,
0x156cac,84,FUN_00156cac,todo,
0x156d0c,100,FUN_00156d0c,todo,
0x156dcc,256,FUN_00156dcc,todo,
0x156ecc,12,FUN_00156ecc,todo,
0x156ed8,16,FUN_00156ed8,todo,
0x156ee8,264,FUN_00156ee8,todo,
0x156ff0,108,FUN_00156ff0,todo,
0x15706c,12,FUN_0015706c,todo,
0x15707c,12,FUN_0015707c,todo,
0x15708c,12,FUN_0015708c,todo,
0x1571d4,364,FUN_001571d4,todo,
0x157364,312,FUN_00157364,todo,
0x1574b8,880,FUN_001574b8,todo,
0x157848,196,FUN_00157848,todo,
0x157910,188,FUN_00157910,todo,
0x157a4c,432,FUN_00157a4c,todo,
0x157c14,420,FUN_00157c14,todo,
0x157f68,84,FUN_00157f68,todo,
0x157fc0,252,FUN_00157fc0,todo,
0x1580d4,16,FUN_001580d4,todo,
0x1580e4,148,FUN_001580e4,todo,
0x158180,16,FUN_00158180,todo,
0x158190,120,FUN_00158190,todo,
0x158318,132,FUN_00158318,todo,
0x1583a0,116,FUN_001583a0,todo,
0x1584f8,56,FUN_001584f8,todo,
0x158534,192,FUN_00158534,todo,
0x15861c,256,FUN_0015861c,todo,
0x158744,136,FUN_00158744,todo,
0x1587dc,116,FUN_001587dc,todo,
0x158868,304,FUN_00158868,todo,
0x158aa4,92,FUN_00158aa4,todo,
0x158b04,64,FUN_00158b04,todo,
0x158b48,16,FUN_00158b48,todo,
0x158b58,140,FUN_00158b58,todo,
0x158be8,224,FUN_00158be8,todo,
0x158d04,120,FUN_00158d04,todo,
0x158d84,16,FUN_00158d84,todo,
0x158d9c,336,FUN_00158d9c,todo,
0x158ef0,80,FUN_00158ef0,todo,
0x158f48,516,FUN_00158f48,todo,
0x15914c,72,FUN_0015914c,todo,
0x15919c,80,FUN_0015919c,todo,
0x1591f0,12,FUN_001591f0,todo,
0x159200,40,FUN_00159200,todo,
0x1592cc,132,FUN_001592cc,todo,
0x159350,112,FUN_00159350,todo,
0x159594,108,FUN_00159594,todo,
0x159604,112,FUN_00159604,todo,
0x159674,1216,FUN_00159674,todo,
0x159b6c,328,FUN_00159b6c,todo,
0x159cc0,96,FUN_00159cc0,todo,
0x159d20,12,FUN_00159d20,todo,
0x159d2c,44,FUN_00159d2c,todo,
0x159d58,12,FUN_00159d58,todo,
0x159d64,132,FUN_00159d64,todo,
0x159dec,116,FUN_00159dec,todo,
0x159e60,44,FUN_00159e60,todo,
0x159e8c,32,FUN_00159e8c,todo,
0x159eac,44,FUN_00159eac,todo,
0x159ed8,112,FUN_00159ed8,todo,
0x159f50,52,FUN_00159f50,todo,
0x159f84,20,FUN_00159f84,todo,
0x159f98,92,FUN_00159f98,todo,
0x159ff4,152,FUN_00159ff4,todo,
0x15a094,28,FUN_0015a094,todo,
0x15a0b0,292,FUN_0015a0b0,todo,
0x15a1d4,76,FUN_0015a1d4,todo,
0x15a228,36,FUN_0015a228,todo,
0x15a258,108,FUN_0015a258,todo,
0x15a2c8,152,FUN_0015a2c8,todo,
0x15a360,40,FUN_0015a360,todo,
0x15a390,12,FUN_0015a390,todo,
0x15a3a4,136,FUN_0015a3a4,todo,
0x15a42c,80,FUN_0015a42c,todo,
0x15a47c,136,FUN_0015a47c,todo,
0x15a504,156,FUN_0015a504,todo,
0x15a5a0,224,FUN_0015a5a0,todo,
0x15a680,40,FUN_0015a680,todo,
0x15a6ac,40,FUN_0015a6ac,todo,
0x15a6d4,156,FUN_0015a6d4,todo,
0x15a770,156,FUN_0015a770,todo,
0x15a80c,220,FUN_0015a80c,todo,
0x15a8ec,596,FUN_0015a8ec,todo,
0x15ab44,188,FUN_0015ab44,todo,
0x15ac3c,76,FUN_0015ac3c,todo,
0x15ac88,24,FUN_0015ac88,todo,
0x15aca0,20,FUN_0015aca0,todo,
0x15acb8,72,FUN_0015acb8,todo,
0x15ad04,72,FUN_0015ad04,todo,
0x15ad50,76,FUN_0015ad50,todo,
0x15adc0,56,FUN_0015adc0,todo,
0x15adf8,48,FUN_0015adf8,todo,
0x15ae28,56,FUN_0015ae28,todo,
0x15ae60,60,FUN_0015ae60,todo,
0x15ae9c,56,FUN_0015ae9c,todo,
0x15aed4,348,FUN_0015aed4,todo,
0x15b030,104,FUN_0015b030,todo,
0x15b098,100,FUN_0015b098,todo,
0x15b108,104,FUN_0015b108,todo,
0x15b174,372,FUN_0015b174,todo,
0x15b2e8,184,FUN_0015b2e8,todo,
0x15b3ac,108,FUN_0015b3ac,todo,
0x15b418,40,FUN_0015b418,todo,
0x15b440,364,FUN_0015b440,todo,
0x15b618,156,FUN_0015b618,todo,
0x15b704,36,FUN_0015b704,todo,
0x15b72c,36,FUN_0015b72c,todo,
0x15b764,44,FUN_0015b764,todo,
0x15b7ac,40,FUN_0015b7ac,todo,
0x15b7d4,16,FUN_0015b7d4,todo,
0x15b7e4,128,FUN_0015b7e4,todo,
0x15b918,64,FUN_0015b918,todo,
0x15b95c,16,FUN_0015b95c,todo,
0x15b96c,24,FUN_0015b96c,todo,
0x15b984,168,FUN_0015b984,todo,
0x15ba2c,20,FUN_0015ba2c,todo,
0x15ba40,20,FUN_0015ba40,todo,
0x15ba58,1320,FUN_0015ba58,todo,
0x15c020,568,FUN_0015c020,todo,
0x15c2a0,40,FUN_0015c2a0,todo,
0x15c2c8,492,FUN_0015c2c8,todo,
0x15c504,28,FUN_0015c504,todo,
0x15c520,228,FUN_0015c520,todo,
0x15c608,488,FUN_0015c608,todo,
0x15c7f4,304,FUN_0015c7f4,todo,
0x15c928,264,FUN_0015c928,todo,
0x15ca34,76,FUN_0015ca34,todo,
0x15ca80,940,FUN_0015ca80,todo,
0x15ce6c,36,FUN_0015ce6c,todo,
0x15ce94,36,FUN_0015ce94,todo,
0x15cecc,344,FUN_0015cecc,todo,
0x15d038,160,FUN_0015d038,todo,
0x15d0d8,400,FUN_0015d0d8,todo,
0x15d2a0,44,FUN_0015d2a0,todo,
0x15d310,56,FUN_0015d310,todo,
0x15d34c,160,FUN_0015d34c,todo,
0x15d9a0,132,FUN_0015d9a0,todo,
0x15da34,216,FUN_0015da34,todo,
0x15dd94,468,FUN_0015dd94,todo,
0x15df9c,68,FUN_0015df9c,todo,
0x15dfe8,192,FUN_0015dfe8,todo,
0x15e0d0,300,FUN_0015e0d0,todo,
0x15e224,188,FUN_0015e224,todo,
0x15e340,88,FUN_0015e340,todo,
0x15e3a0,84,FUN_0015e3a0,todo,
0x15e408,112,FUN_0015e408,todo,
0x15e56c,188,FUN_0015e56c,todo,
0x15e62c,88,FUN_0015e62c,todo,
0x15e694,72,FUN_0015e694,todo,
0x15e6f8,12,FUN_0015e6f8,todo,
0x15e714,156,FUN_0015e714,todo,
0x15e7cc,400,FUN_0015e7cc,todo,
0x15e98c,144,FUN_0015e98c,todo,
0x15ea28,144,FUN_0015ea28,todo,
0x15eab8,156,FUN_0015eab8,todo,
0x15eb54,196,FUN_0015eb54,todo,
0x15ec38,68,FUN_0015ec38,todo,
0x15ec7c,316,FUN_0015ec7c,todo,
0x15edd4,160,FUN_0015edd4,todo,
0x15eea4,260,FUN_0015eea4,todo,
0x15f00c,120,FUN_0015f00c,todo,
0x15f0ac,192,FUN_0015f0ac,todo,
0x15f1ec,68,FUN_0015f1ec,todo,
0x15f234,152,FUN_0015f234,todo,
0x15f2ec,416,FUN_0015f2ec,todo,
0x15f498,20,FUN_0015f498,todo,
0x15f4ac,108,FUN_0015f4ac,todo,
0x15f518,864,FUN_0015f518,todo,
0x15f888,36,FUN_0015f888,todo,
0x15f8ac,264,FUN_0015f8ac,todo,
0x15f9c8,224,FUN_0015f9c8,todo,
0x15fadc,100,FUN_0015fadc,todo,
0x15fb44,88,FUN_0015fb44,todo,
0x15fb9c,48,FUN_0015fb9c,todo,
0x15fbd0,1052,FUN_0015fbd0,todo,
0x160048,36,FUN_00160048,todo,
0x16006c,416,FUN_0016006c,todo,
0x16024c,16,FUN_0016024c,todo,
0x16025c,16,FUN_0016025c,todo,
0x16026c,1036,FUN_0016026c,todo,
0x16068c,12,FUN_0016068c,todo,
0x160698,216,FUN_00160698,todo,
0x160770,220,FUN_00160770,todo,
0x160850,344,FUN_00160850,todo,
0x1609b8,564,FUN_001609b8,todo,
0x160bf0,300,FUN_00160bf0,todo,
0x160d64,288,FUN_00160d64,todo,
0x160e98,220,FUN_00160e98,todo,
0x160f78,564,FUN_00160f78,todo,
0x1611c0,2680,FUN_001611c0,todo,
0x161c40,384,FUN_00161c40,todo,
0x161e04,208,FUN_00161e04,todo,
0x161ed8,136,FUN_00161ed8,todo,
0x161f64,164,FUN_00161f64,todo,
0x162008,324,FUN_00162008,todo,
0x162150,140,FUN_00162150,todo,
0x1621e0,560,FUN_001621e0,todo,
0x16248c,20,FUN_0016248c,todo,
0x1624a0,304,FUN_001624a0,todo,
0x16266c,372,FUN_0016266c,todo,
0x1627e4,120,FUN_001627e4,todo,
0x162860,16,FUN_00162860,todo,
0x162870,192,FUN_00162870,todo,
0x1629ec,64,FUN_001629ec,todo,
0x162a30,16,FUN_00162a30,todo,
0x162a40,96,FUN_00162a40,todo,
0x162ab4,244,FUN_00162ab4,todo,
0x1631ac,192,FUN_001631ac,todo,
0x16333c,40,FUN_0016333c,todo,
0x163514,372,FUN_00163514,todo,
0x163690,1596,FUN_00163690,todo,
0x163d2c,404,FUN_00163d2c,todo,
0x163ec8,3664,FUN_00163ec8,todo,
0x164e00,128,FUN_00164e00,todo,
0x164e84,92,FUN_00164e84,todo,
0x164f30,60,FUN_00164f30,todo,
0x164f8c,888,FUN_00164f8c,todo,
0x165508,248,FUN_00165508,todo,
0x165618,12,FUN_00165618,todo,
0x165634,16,FUN_00165634,todo,
0x165654,304,FUN_00165654,todo,
0x165790,256,FUN_00165790,todo,
0x165898,192,FUN_00165898,todo,
0x165958,44,FUN_00165958,todo,
0x165a9c,96,FUN_00165a9c,todo,
0x165b14,160,FUN_00165b14,todo,
0x165bcc,128,FUN_00165bcc,todo,
0x165c50,44,FUN_00165c50,todo,
0x165c80,332,FUN_00165c80,todo,
0x165dfc,76,FUN_00165dfc,todo,
0x165ff8,36,FUN_00165ff8,todo,
0x166020,116,FUN_00166020,todo,
0x166098,872,FUN_00166098,todo,
0x166468,128,FUN_00166468,todo,
0x1664e8,128,FUN_001664e8,todo,
0x166568,416,FUN_00166568,todo,
0x16677c,560,FUN_0016677c,todo,
0x166b1c,208,FUN_00166b1c,todo,
0x166bf8,196,FUN_00166bf8,todo,
0x166cd8,148,FUN_00166cd8,todo,
0x166d90,16,FUN_00166d90,todo,
0x166da0,816,FUN_00166da0,todo,
0x1670c0,72,FUN_001670c0,todo,
0x167108,336,FUN_00167108,todo,
0x16725c,116,FUN_0016725c,todo,
0x1672d8,36,FUN_001672d8,todo,
0x1672fc,1096,FUN_001672fc,todo,
0x1674b4,28,FUN_001674b4,todo,
0x1674d0,12,FUN_001674d0,todo,
0x1674dc,116,FUN_001674dc,todo,
0x167550,20,FUN_00167550,todo,
0x167564,12,FUN_00167564,todo,
0x167570,20,FUN_00167570,todo,
0x167584,176,FUN_00167584,todo,
0x167640,112,FUN_00167640,todo,
0x1676f4,136,FUN_001676f4,todo,
0x167788,128,FUN_00167788,todo,
0x167908,164,FUN_00167908,todo,
0x1679cc,492,FUN_001679cc,todo,
0x167c84,92,FUN_00167c84,todo,
0x167d18,24,FUN_00167d18,todo,
0x167d34,136,FUN_00167d34,todo,
0x167dc8,552,FUN_00167dc8,todo,
0x16801c,60,FUN_0016801c,todo,
0x168064,564,FUN_00168064,todo,
0x1682d4,48,FUN_001682d4,todo,
0x16830c,40,FUN_0016830c,todo,
0x168340,40,FUN_00168340,todo,
0x168374,40,FUN_00168374,todo,
0x1683a8,40,FUN_001683a8,todo,
0x1683dc,908,FUN_001683dc,todo,
0x16876c,20,FUN_0016876c,todo,
0x168784,48,FUN_00168784,todo,
0x1687bc,48,FUN_001687bc,todo,
0x1687f4,68,FUN_001687f4,todo,
0x168838,356,FUN_00168838,todo,
0x1689a4,88,FUN_001689a4,todo,
0x1689fc,460,FUN_001689fc,todo,
0x168c28,44,FUN_00168c28,todo,
0x168c54,116,FUN_00168c54,todo,
0x168cc8,944,FUN_00168cc8,todo,
0x1690b0,388,FUN_001690b0,todo,
0x1694d8,172,FUN_001694d8,todo,
0x169590,76,FUN_00169590,todo,
0x169618,80,FUN_00169618,todo,
0x169668,16,FUN_00169668,todo,
0x169678,36,FUN_00169678,todo,
0x1696ac,184,FUN_001696ac,todo,
0x169768,80,FUN_00169768,todo,
0x1697dc,40,FUN_001697dc,todo,
0x1699fc,324,FUN_001699fc,todo,
0x169b4c,464,FUN_00169b4c,todo,
0x169d98,276,FUN_00169d98,todo,
0x169eb4,52,FUN_00169eb4,todo,
0x169eec,20,FUN_00169eec,todo,
0x169f7c,664,FUN_00169f7c,todo,
0x16a2f8,328,FUN_0016a2f8,todo,
0x16a7c0,172,FUN_0016a7c0,todo,
0x16a874,488,FUN_0016a874,todo,
0x16aa94,392,FUN_0016aa94,todo,
0x16ac1c,104,FUN_0016ac1c,todo,
0x16ad10,104,FUN_0016ad10,todo,
0x16ae40,328,FUN_0016ae40,todo,
0x16afa4,28,FUN_0016afa4,todo,
0x16afc0,132,FUN_0016afc0,todo,
0x16b044,152,FUN_0016b044,todo,
0x16b284,92,FUN_0016b284,todo,
0x16b2e4,488,FUN_0016b2e4,todo,
0x16b500,276,FUN_0016b500,todo,
0x16b614,280,FUN_0016b614,todo,
0x16b734,212,FUN_0016b734,todo,
0x16b81c,160,FUN_0016b81c,todo,
0x16b8bc,56,FUN_0016b8bc,todo,
0x16b8f4,264,FUN_0016b8f4,todo,
0x16b9fc,96,FUN_0016b9fc,todo,
0x16ba68,180,FUN_0016ba68,todo,
0x16bb30,112,FUN_0016bb30,todo,
0x16bbe4,464,FUN_0016bbe4,todo,
0x16bdc0,32,FUN_0016bdc0,todo,
0x16bde0,508,FUN_0016bde0,todo,
0x16bf7c,184,FUN_0016bf7c,todo,
0x16c03c,288,FUN_0016c03c,todo,
0x16c170,36,FUN_0016c170,todo,
0x16c1a4,72,FUN_0016c1a4,todo,
0x16c288,56,FUN_0016c288,todo,
0x16c2c0,52,FUN_0016c2c0,todo,
0x16c2f8,52,FUN_0016c2f8,todo,
0x16c32c,16,FUN_0016c32c,todo,
0x16c33c,388,FUN_0016c33c,todo,
0x16c4ec,4,thunk_FUN_00156c8c,todo,
0x16c4f0,192,FUN_0016c4f0,todo,
0x16c5d8,72,FUN_0016c5d8,todo,
0x16c624,104,FUN_0016c624,todo,
0x16c690,32,FUN_0016c690,todo,
0x16c6b8,84,FUN_0016c6b8,todo,
0x16c75c,36,FUN_0016c75c,todo,
0x16c784,72,FUN_0016c784,todo,
0x16c7d0,16,FUN_0016c7d0,todo,
0x16c7e0,260,FUN_0016c7e0,todo,
0x16c8e8,96,FUN_0016c8e8,todo,
0x16c990,124,FUN_0016c990,todo,
0x16ca0c,48,FUN_0016ca0c,todo,
0x16ca40,104,FUN_0016ca40,todo,
0x16caac,84,FUN_0016caac,todo,
0x16cb18,148,FUN_0016cb18,todo,
0x16cbf8,16,FUN_0016cbf8,todo,
0x16cc08,128,FUN_0016cc08,todo,
0x16cca0,80,FUN_0016cca0,todo,
0x16cd10,212,FUN_0016cd10,todo,
0x16ce48,480,FUN_0016ce48,todo,
0x16d028,308,FUN_0016d028,todo,
0x16d184,472,FUN_0016d184,todo,
0x16d3a0,40,FUN_0016d3a0,todo,
0x16d558,152,FUN_0016d558,todo,
0x16d5f4,40,FUN_0016d5f4,todo,
0x16d684,328,FUN_0016d684,todo,
0x16d8a4,120,FUN_0016d8a4,todo,
0x16d91c,116,FUN_0016d91c,todo,
0x16d994,196,FUN_0016d994,todo,
0x16db3c,28,FUN_0016db3c,todo,
0x16db68,272,FUN_0016db68,todo,
0x16dc7c,320,FUN_0016dc7c,todo,
0x16ddcc,88,FUN_0016ddcc,todo,
0x16de24,372,FUN_0016de24,todo,
0x16dfa0,212,FUN_0016dfa0,todo,
0x16e1b8,160,FUN_0016e1b8,todo,
0x16e2ec,256,FUN_0016e2ec,todo,
0x16e584,252,FUN_0016e584,todo,
0x16e7ac,108,FUN_0016e7ac,todo,
0x16e820,124,FUN_0016e820,todo,
0x16e9a8,72,FUN_0016e9a8,todo,
0x16ea08,304,FUN_0016ea08,todo,
0x16eb6c,68,FUN_0016eb6c,todo,
0x16ec00,36,FUN_0016ec00,todo,
0x16ec28,116,FUN_0016ec28,todo,
0x16eca0,248,FUN_0016eca0,todo,
0x16edd0,404,FUN_0016edd0,todo,
0x16f0c8,80,FUN_0016f0c8,todo,
0x16f118,136,FUN_0016f118,todo,
0x16f290,40,FUN_0016f290,todo,
0x16f2c8,144,FUN_0016f2c8,todo,
0x16f360,304,FUN_0016f360,todo,
0x16f62c,1256,FUN_0016f62c,todo,
0x16fb1c,12,FUN_0016fb1c,todo,
0x16fb28,112,FUN_0016fb28,todo,
0x16fba0,144,FUN_0016fba0,todo,
0x16fc34,528,FUN_0016fc34,todo,
0x16ff58,148,FUN_0016ff58,todo,
0x16ffec,88,FUN_0016ffec,todo,
0x170048,188,FUN_00170048,todo,
0x170108,500,FUN_00170108,todo,
0x1701fc,184,FUN_001701fc,todo,
0x1702b4,172,FUN_001702b4,todo,
0x170360,120,FUN_00170360,todo,
0x1703d8,120,FUN_001703d8,todo,
0x170454,28,FUN_00170454,todo,
0x170470,488,FUN_00170470,todo,
0x1706a0,60,FUN_001706a0,todo,
0x1706dc,344,FUN_001706dc,todo,
0x171960,108,FUN_00171960,todo,
0x1719cc,1520,FUN_001719cc,todo,
0x171fc4,44,FUN_00171fc4,todo,
0x171ff0,468,FUN_00171ff0,todo,
0x172200,136,FUN_00172200,todo,
0x172288,40,FUN_00172288,todo,
0x1722b0,156,FUN_001722b0,todo,
0x172350,168,FUN_00172350,todo,
0x172400,48,FUN_00172400,todo,
0x172430,456,FUN_00172430,todo,
0x172620,4,thunk_FUN_00156c8c,todo,
0x172850,76,FUN_00172850,todo,
0x1728a4,668,FUN_001728a4,todo,
0x172b60,80,FUN_00172b60,todo,
0x172bb0,132,FUN_00172bb0,todo,
0x172c38,64,FUN_00172c38,todo,
0x172dd0,180,FUN_00172dd0,todo,
0x172e8c,80,FUN_00172e8c,todo,
0x172ef4,72,FUN_00172ef4,todo,
0x172f74,68,FUN_00172f74,todo,
0x172fb8,48,FUN_00172fb8,todo,
0x173004,28,FUN_00173004,todo,
0x17331c,40,FUN_0017331c,todo,
0x173344,424,FUN_00173344,todo,
0x1734f8,252,FUN_001734f8,todo,
0x1735f8,112,FUN_001735f8,todo,
0x173678,40,FUN_00173678,todo,
0x173b78,1084,FUN_00173b78,todo,
0x173c04,72,FUN_00173c04,todo,
0x173c50,756,FUN_00173c50,todo,
0x173f60,176,FUN_00173f60,todo,
0x17402c,480,FUN_0017402c,todo,
0x174300,424,FUN_00174300,todo,
0x1744bc,144,FUN_001744bc,todo,
0x174598,68,FUN_00174598,todo,
0x1745f4,64,FUN_001745f4,todo,
0x17463c,48,FUN_0017463c,todo,
0x17469c,264,FUN_0017469c,todo,
0x1747b0,1092,FUN_001747b0,todo,
0x174c44,52,FUN_00174c44,todo,
0x174cd4,120,FUN_00174cd4,todo,
0x174d4c,76,FUN_00174d4c,todo,
0x174d98,416,FUN_00174d98,todo,
0x174f38,988,FUN_00174f38,todo,
0x175318,24,FUN_00175318,todo,
0x175330,44,FUN_00175330,todo,
0x17535c,100,FUN_0017535c,todo,
0x1753c4,88,FUN_001753c4,todo,
0x17555c,112,FUN_0017555c,todo,
0x1755cc,264,FUN_001755cc,todo,
0x175728,72,FUN_00175728,todo,
0x175770,380,FUN_00175770,todo,
0x175928,28,FUN_00175928,todo,
0x17594c,68,FUN_0017594c,todo,
0x175a04,164,FUN_00175a04,todo,
0x175b1c,208,FUN_00175b1c,todo,
0x175bf4,656,FUN_00175bf4,todo,
0x175e94,64,FUN_00175e94,todo,
0x175f04,240,FUN_00175f04,todo,
0x175ffc,268,FUN_00175ffc,todo,
0x176108,60,FUN_00176108,todo,
0x17616c,20,FUN_0017616c,todo,
0x176180,268,FUN_00176180,todo,
0x1762dc,72,FUN_001762dc,todo,
0x17632c,16,FUN_0017632c,todo,
0x17633c,292,FUN_0017633c,todo,
0x176460,40,FUN_00176460,todo,
0x17648c,20,FUN_0017648c,todo,
0x1764a0,12,FUN_001764a0,todo,
0x1764ac,20,FUN_001764ac,todo,
0x1764c0,12,FUN_001764c0,todo,
0x1764d0,16,FUN_001764d0,todo,
0x1764e0,504,FUN_001764e0,todo,
0x176778,124,FUN_00176778,todo,
0x1767f4,616,FUN_001767f4,todo,
0x176a88,88,FUN_00176a88,todo,
0x176ae4,196,FUN_00176ae4,todo,
0x176bcc,320,FUN_00176bcc,todo,
0x176d28,124,FUN_00176d28,todo,
0x176e60,84,FUN_00176e60,todo,
0x176eb4,112,FUN_00176eb4,todo,
0x176f2c,200,FUN_00176f2c,todo,
0x177040,120,FUN_00177040,todo,
0x1770c0,500,FUN_001770c0,todo,
0x1772c4,12,FUN_001772c4,todo,
0x1772d0,268,FUN_001772d0,todo,
0x1773e4,12,FUN_001773e4,todo,
0x177424,72,FUN_00177424,todo,
0x17748c,112,FUN_0017748c,todo,
0x177504,72,FUN_00177504,todo,
0x177550,60,FUN_00177550,todo,
0x177694,16,FUN_00177694,todo,
0x1776a4,300,FUN_001776a4,todo,
0x1777d8,12,FUN_001777d8,todo,
0x1777e4,40,FUN_001777e4,todo,
0x17780c,16,FUN_0017780c,todo,
0x17781c,384,FUN_0017781c,todo,
0x1779f0,108,FUN_001779f0,todo,
0x177ab0,120,FUN_00177ab0,todo,
0x177b8c,96,FUN_00177b8c,todo,
0x177c0c,280,FUN_00177c0c,todo,
0x177d6c,60,FUN_00177d6c,todo,
0x177dcc,504,FUN_00177dcc,todo,
0x178074,176,FUN_00178074,todo,
0x178124,16,FUN_00178124,todo,
0x178134,24,FUN_00178134,todo,
0x178228,24,FUN_00178228,todo,
0x178244,24,FUN_00178244,todo,
0x178284,88,FUN_00178284,todo,
0x178310,16,FUN_00178310,todo,
0x17843c,980,FUN_0017843c,todo,
0x179020,352,FUN_00179020,todo,
0x1791e4,72,FUN_001791e4,todo,
0x1792ec,980,FUN_001792ec,todo,
0x17976c,128,FUN_0017976c,todo,
0x1797f0,204,FUN_001797f0,todo,
0x1798d0,396,FUN_001798d0,todo,
0x179a64,136,FUN_00179a64,todo,
0x179af0,268,FUN_00179af0,todo,
0x179bfc,128,FUN_00179bfc,todo,
0x179c7c,100,FUN_00179c7c,todo,
0x179ce0,56,FUN_00179ce0,todo,
0x17a618,76,FUN_0017a618,todo,
0x17aa08,92,FUN_0017aa08,todo,
0x17aa64,72,FUN_0017aa64,todo,
0x17aacc,228,FUN_0017aacc,todo,
0x17abb4,320,FUN_0017abb4,todo,
0x17ad28,28,FUN_0017ad28,todo,
0x17ad44,76,FUN_0017ad44,todo,
0x17ada4,96,FUN_0017ada4,todo,
0x17bae8,512,FUN_0017bae8,todo,
0x17bce8,144,FUN_0017bce8,todo,
0x17bd7c,272,FUN_0017bd7c,todo,
0x17c258,68,FUN_0017c258,todo,
0x17c29c,192,FUN_0017c29c,todo,
0x17c3bc,1244,FUN_0017c3bc,todo,
0x17c99c,432,FUN_0017c99c,todo,
0x17c9d4,272,FUN_0017c9d4,todo,
0x17cbe8,204,FUN_0017cbe8,todo,
0x17ccbc,936,FUN_0017ccbc,todo,
0x17d06c,104,FUN_0017d06c,todo,
0x17d0d4,700,FUN_0017d0d4,todo,
0x17d4a8,428,FUN_0017d4a8,todo,
0x17d664,140,FUN_0017d664,todo,
0x17d6f4,220,FUN_0017d6f4,todo,
0x17e2cc,48,FUN_0017e2cc,todo,
0x17e300,272,FUN_0017e300,todo,
0x17e420,916,FUN_0017e420,todo,
0x17eaf0,36,FUN_0017eaf0,todo,
0x17eb14,120,FUN_0017eb14,todo,
0x17ebac,192,FUN_0017ebac,todo,
0x17ec88,124,FUN_0017ec88,todo,
0x17ed14,124,FUN_0017ed14,todo,
0x17eda0,44,FUN_0017eda0,todo,
0x17edd0,92,FUN_0017edd0,todo,
0x17ee2c,44,FUN_0017ee2c,todo,
0x17ef14,492,FUN_0017ef14,todo,
0x17f1a4,1284,FUN_0017f1a4,todo,
0x17f6e0,352,FUN_0017f6e0,todo,
0x17f844,476,FUN_0017f844,todo,
0x17fa48,4624,FUN_0017fa48,todo,
0x180df0,680,FUN_00180df0,todo,
0x1810d0,812,FUN_001810d0,todo,
0x181408,316,FUN_00181408,todo,
0x181544,148,FUN_00181544,todo,
0x1815d8,288,FUN_001815d8,todo,
0x1816f8,100,FUN_001816f8,todo,
0x181764,48,FUN_00181764,todo,
0x181950,1900,FUN_00181950,todo,
0x1821c8,92,FUN_001821c8,todo,
0x182294,128,FUN_00182294,todo,
0x18246c,552,FUN_0018246c,todo,
0x1826c0,1024,FUN_001826c0,todo,
0x182a48,88,FUN_00182a48,todo,
0x182aa4,252,FUN_00182aa4,todo,
0x182bd8,60,FUN_00182bd8,todo,
0x182c14,260,FUN_00182c14,todo,
0x182d2c,64,FUN_00182d2c,todo,
0x182d88,96,FUN_00182d88,todo,
0x182dec,36,FUN_00182dec,todo,
0x182fc0,120,FUN_00182fc0,todo,
0x183178,36,FUN_00183178,todo,
0x1831b0,56,FUN_001831b0,todo,
0x1831ec,40,FUN_001831ec,todo,
0x183214,332,FUN_00183214,todo,
0x1833a0,36,FUN_001833a0,todo,
0x1833c4,60,FUN_001833c4,todo,
0x183400,48,FUN_00183400,todo,
0x183430,348,FUN_00183430,todo,
0x183590,24,FUN_00183590,todo,
0x1835ac,108,FUN_001835ac,todo,
0x18361c,64,FUN_0018361c,todo,
0x183678,20,FUN_00183678,todo,
0x183690,28,FUN_00183690,todo,
0x1837b0,60,FUN_001837b0,todo,
0x183808,656,FUN_00183808,todo,
0x183b54,228,FUN_00183b54,todo,
0x183c3c,264,FUN_00183c3c,todo,
0x183e34,56,FUN_00183e34,todo,
0x183e70,268,FUN_00183e70,todo,
0x183fd8,700,FUN_00183fd8,todo,
0x1842d8,580,FUN_001842d8,todo,
0x184524,152,FUN_00184524,todo,
0x1845bc,44,FUN_001845bc,todo,
0x1845e0,36,FUN_001845e0,todo,
0x184604,48,FUN_00184604,todo,
0x184634,20,FUN_00184634,todo,
0x184648,12,FUN_00184648,todo,
0x184654,100,FUN_00184654,todo,
0x1846b8,20,FUN_001846b8,todo,
0x1846d4,148,FUN_001846d4,todo,
0x184780,56,FUN_00184780,todo,
0x1847bc,20,FUN_001847bc,todo,
0x1847d4,84,FUN_001847d4,todo,
0x184950,100,FUN_00184950,todo,
0x18496c,20,FUN_0018496c,todo,
0x184984,164,FUN_00184984,todo,
0x184a2c,88,FUN_00184a2c,todo,
0x184a48,116,FUN_00184a48,todo,
0x184a64,276,FUN_00184a64,todo,
0x184b80,64,FUN_00184b80,todo,
0x184bc8,72,FUN_00184bc8,todo,
0x184c18,76,FUN_00184c18,todo,
0x184c70,88,FUN_00184c70,todo,
0x184cd4,52,FUN_00184cd4,todo,
0x184d10,52,FUN_00184d10,todo,
0x184d4c,72,FUN_00184d4c,todo,
0x184de0,56,FUN_00184de0,todo,
0x184e74,104,FUN_00184e74,todo,
0x184f94,396,FUN_00184f94,todo,
0x184fcc,124,FUN_00184fcc,todo,
0x185054,48,FUN_00185054,todo,
0x185084,136,FUN_00185084,todo,
0x18510c,20,FUN_0018510c,todo,
0x185124,112,FUN_00185124,todo,
0x18519c,128,FUN_0018519c,todo,
0x185248,40,FUN_00185248,todo,
0x185270,136,FUN_00185270,todo,
0x1852fc,124,FUN_001852fc,todo,
0x185380,84,FUN_00185380,todo,
0x1853d8,76,FUN_001853d8,todo,
0x18542c,24,FUN_0018542c,todo,
0x185444,716,FUN_00185444,todo,
0x185740,124,FUN_00185740,todo,
0x1857bc,196,FUN_001857bc,todo,
0x1858c0,148,FUN_001858c0,todo,
0x185970,340,FUN_00185970,todo,
0x185b00,788,FUN_00185b00,todo,
0x185e24,108,FUN_00185e24,todo,
0x185e94,196,FUN_00185e94,todo,
0x185f60,24,FUN_00185f60,todo,
0x185f78,136,FUN_00185f78,todo,
0x186004,80,FUN_00186004,todo,
0x186058,108,FUN_00186058,todo,
0x1860c8,32,FUN_001860c8,todo,
0x1860e8,496,FUN_001860e8,todo,
0x1862ec,220,FUN_001862ec,todo,
0x1863f0,108,FUN_001863f0,todo,
0x186460,100,FUN_00186460,todo,
0x1864c8,124,FUN_001864c8,todo,
0x186574,192,FUN_00186574,todo,
0x1866b0,60,FUN_001866b0,todo,
0x1866f0,92,FUN_001866f0,todo,
0x1868d8,216,FUN_001868d8,todo,
0x186a74,96,FUN_00186a74,todo,
0x186b7c,188,FUN_00186b7c,todo,
0x186c48,128,FUN_00186c48,todo,
0x186ccc,76,FUN_00186ccc,todo,
0x186d1c,120,FUN_00186d1c,todo,
0x186d98,92,FUN_00186d98,todo,
0x186df8,116,FUN_00186df8,todo,
0x186ee4,96,FUN_00186ee4,todo,
0x186f48,56,FUN_00186f48,todo,
0x186f84,148,FUN_00186f84,todo,
0x18701c,88,FUN_0018701c,todo,
0x187078,40,FUN_00187078,todo,
0x1871dc,40,FUN_001871dc,todo,
0x187210,156,FUN_00187210,todo,
0x1872b0,172,FUN_001872b0,todo,
0x187360,368,FUN_00187360,todo,
0x1874e0,1008,FUN_001874e0,todo,
0x1878f4,1452,FUN_001878f4,todo,
0x187f9c,80,FUN_00187f9c,todo,
0x187ff8,220,FUN_00187ff8,todo,
0x18813c,252,FUN_0018813c,todo,
0x18823c,96,FUN_0018823c,todo,
0x1882f0,188,FUN_001882f0,todo,
0x1883b0,364,FUN_001883b0,todo,
0x188488,276,FUN_00188488,todo,
0x18859c,2148,FUN_0018859c,todo,
0x188fa0,12,FUN_00188fa0,todo,
0x188fac,192,FUN_00188fac,todo,
0x189084,404,FUN_00189084,todo,
0x189220,80,FUN_00189220,todo,
0x189284,264,FUN_00189284,todo,
0x18938c,196,FUN_0018938c,todo,
0x1894d0,196,FUN_001894d0,todo,
0x189620,60,FUN_00189620,todo,
0x189668,160,FUN_00189668,todo,
0x18974c,60,FUN_0018974c,todo,
0x189790,80,FUN_00189790,todo,
0x1897e4,124,FUN_001897e4,todo,
0x189860,80,FUN_00189860,todo,
0x1898b0,84,FUN_001898b0,todo,
0x189904,84,FUN_00189904,todo,
0x189958,92,FUN_00189958,todo,
0x1899b8,220,FUN_001899b8,todo,
0x189adc,12,FUN_00189adc,todo,
0x189aec,152,FUN_00189aec,todo,
0x189b88,176,FUN_00189b88,todo,
0x189c40,176,FUN_00189c40,todo,
0x189cf4,100,FUN_00189cf4,todo,
0x189d5c,112,FUN_00189d5c,todo,
0x189dcc,72,FUN_00189dcc,todo,
0x189e14,116,FUN_00189e14,todo,
0x189e88,80,FUN_00189e88,todo,
0x189ee0,44,FUN_00189ee0,todo,
0x189f3c,424,FUN_00189f3c,todo,
0x18a0e8,88,FUN_0018a0e8,todo,
0x18a140,80,FUN_0018a140,todo,
0x18a190,88,FUN_0018a190,todo,
0x18a1e8,72,FUN_0018a1e8,todo,
0x18a230,104,FUN_0018a230,todo,
0x18a298,44,FUN_0018a298,todo,
0x18a2c4,180,FUN_0018a2c4,todo,
0x18a37c,108,FUN_0018a37c,todo,
0x18a3ec,124,FUN_0018a3ec,todo,
0x18a468,100,FUN_0018a468,todo,
0x18a4d0,96,FUN_0018a4d0,todo,
0x18a534,132,FUN_0018a534,todo,
0x18a5bc,168,FUN_0018a5bc,todo,
0x18a6c0,84,FUN_0018a6c0,todo,
0x18a724,40,FUN_0018a724,todo,
0x18a74c,96,FUN_0018a74c,todo,
0x18a7ac,40,FUN_0018a7ac,todo,
0x18a7d4,40,FUN_0018a7d4,todo,
0x18a7fc,152,FUN_0018a7fc,todo,
0x18a898,52,FUN_0018a898,todo,
0x18a8dc,12,FUN_0018a8dc,todo,
0x18a8ec,60,FUN_0018a8ec,todo,
0x18a94c,24,FUN_0018a94c,todo,
0x18a980,40,FUN_0018a980,todo,
0x18a9a8,88,FUN_0018a9a8,todo,
0x18aa04,564,FUN_0018aa04,todo,
0x18ac50,40,FUN_0018ac50,todo,
0x18ac7c,288,FUN_0018ac7c,todo,
0x18adac,12,FUN_0018adac,todo,
0x18adec,224,FUN_0018adec,todo,
0x18aed8,1172,FUN_0018aed8,todo,
0x18b390,192,FUN_0018b390,todo,
0x18b45c,376,FUN_0018b45c,todo,
0x18b4a8,64,FUN_0018b4a8,todo,
0x18b4ec,220,FUN_0018b4ec,todo,
0x18b5cc,28,FUN_0018b5cc,todo,
0x18b5e8,1436,FUN_0018b5e8,todo,
0x18bba8,188,FUN_0018bba8,todo,
0x18bc64,20,FUN_0018bc64,todo,
0x18bc78,464,FUN_0018bc78,todo,
0x18be54,8,FUN_0018be54,todo,
0x18be5c,472,FUN_0018be5c,todo,
0x18c048,168,FUN_0018c048,todo,
0x18c17c,588,FUN_0018c17c,todo,
0x18c3d0,184,FUN_0018c3d0,todo,
0x18c48c,1096,FUN_0018c48c,todo,
0x18c8f0,108,FUN_0018c8f0,todo,
0x18c960,236,FUN_0018c960,todo,
0x18ca58,408,FUN_0018ca58,todo,
0x18cbfc,20,FUN_0018cbfc,todo,
0x18cc10,276,FUN_0018cc10,todo,
0x18cd30,20,FUN_0018cd30,todo,
0x18cd44,80,FUN_0018cd44,todo,
0x18cd98,20,FUN_0018cd98,todo,
0x18cdac,20,FUN_0018cdac,todo,
0x18cdc0,316,FUN_0018cdc0,todo,
0x18cf00,20,FUN_0018cf00,todo,
0x18cf14,20,FUN_0018cf14,todo,
0x18cf28,72,FUN_0018cf28,todo,
0x18cf74,144,FUN_0018cf74,todo,
0x18d004,80,FUN_0018d004,todo,
0x18d058,380,FUN_0018d058,todo,
0x18d1dc,128,FUN_0018d1dc,todo,
0x18d264,20,FUN_0018d264,todo,
0x18d278,116,FUN_0018d278,todo,
0x18d2f4,112,FUN_0018d2f4,todo,
0x18d36c,116,FUN_0018d36c,todo,
0x18d3e8,192,FUN_0018d3e8,todo,
0x18d574,12,FUN_0018d574,todo,
0x18d584,12,FUN_0018d584,todo,
0x18d594,136,FUN_0018d594,todo,
0x18d6b0,160,FUN_0018d6b0,todo,
0x18d6e4,112,FUN_0018d6e4,todo,
0x18d798,84,FUN_0018d798,todo,
0x18d7f8,132,FUN_0018d7f8,todo,
0x18d888,160,FUN_0018d888,todo,
0x18d8bc,152,FUN_0018d8bc,todo,
0x18d9b0,100,FUN_0018d9b0,todo,
0x18da60,76,FUN_0018da60,todo,
0x18dab4,124,FUN_0018dab4,todo,
0x18dc74,84,FUN_0018dc74,todo,
0x18dd14,80,FUN_0018dd14,todo,
0x18dda0,136,FUN_0018dda0,todo,
0x18ddd4,136,FUN_0018ddd4,todo,
0x18dec8,100,FUN_0018dec8,todo,
0x18df78,76,FUN_0018df78,todo,
0x18dfcc,124,FUN_0018dfcc,todo,
0x18e198,84,FUN_0018e198,todo,
0x18e238,80,FUN_0018e238,todo,
0x18e290,84,FUN_0018e290,todo,
0x18e2f0,160,FUN_0018e2f0,todo,
0x18e324,84,FUN_0018e324,todo,
0x18e384,124,FUN_0018e384,todo,
0x18e408,148,FUN_0018e408,todo,
0x18e4a0,132,FUN_0018e4a0,todo,
0x18e660,188,FUN_0018e660,todo,
0x18e72c,188,FUN_0018e72c,todo,
0x18e7e8,172,FUN_0018e7e8,todo,
0x18e89c,88,FUN_0018e89c,todo,
0x18e8f4,40,FUN_0018e8f4,todo,
0x18e920,40,FUN_0018e920,todo,
0x18e948,28,FUN_0018e948,todo,
0x18e964,28,FUN_0018e964,todo,
0x18e980,20,FUN_0018e980,todo,
0x18e994,32,FUN_0018e994,todo,
0x18e9b8,52,FUN_0018e9b8,todo,
0x18e9f0,48,FUN_0018e9f0,todo,
0x18ea28,56,FUN_0018ea28,todo,
0x18ea60,344,FUN_0018ea60,todo,
0x18ebc8,140,FUN_0018ebc8,todo,
0x18ec60,52,FUN_0018ec60,todo,
0x18ec94,8,FUN_0018ec94,todo,
0x18ec9c,36,FUN_0018ec9c,todo,
0x18ecc0,56,FUN_0018ecc0,todo,
0x18ecf8,52,FUN_0018ecf8,todo,
0x18ed2c,52,FUN_0018ed2c,todo,
0x18ed60,68,FUN_0018ed60,todo,
0x18edac,60,FUN_0018edac,todo,
0x18edec,32,FUN_0018edec,todo,
0x18ee0c,80,FUN_0018ee0c,todo,
0x18ee60,188,FUN_0018ee60,todo,
0x18ef20,24,FUN_0018ef20,todo,
0x18ef38,268,FUN_0018ef38,todo,
0x18f048,112,FUN_0018f048,todo,
0x18f098,92,FUN_0018f098,todo,
0x18f168,28,FUN_0018f168,todo,
0x18f184,64,FUN_0018f184,todo,
0x18f1c4,292,FUN_0018f1c4,todo,
0x18f314,28,FUN_0018f314,todo,
0x18f350,28,FUN_0018f350,todo,
0x18f370,352,FUN_0018f370,todo,
0x18f60c,28,FUN_0018f60c,todo,
0x18f628,240,FUN_0018f628,todo,
0x18f718,80,FUN_0018f718,todo,
0x18f72c,140,FUN_0018f72c,todo,
0x18f7b8,92,FUN_0018f7b8,todo,
0x18f824,88,FUN_0018f824,todo,
0x18f95c,84,FUN_0018f95c,todo,
0x18f9bc,44,FUN_0018f9bc,todo,
0x18f9f0,68,FUN_0018f9f0,todo,
0x18fa38,92,FUN_0018fa38,todo,
0x18faa0,68,FUN_0018faa0,todo,
0x18faec,120,FUN_0018faec,todo,
0x18fb70,112,FUN_0018fb70,todo,
0x18fc58,92,FUN_0018fc58,todo,
0x18fcc0,44,FUN_0018fcc0,todo,
0x18fcf0,48,FUN_0018fcf0,todo,
0x18fd80,108,FUN_0018fd80,todo,
0x18fdf4,68,FUN_0018fdf4,todo,
0x18fe40,4,FUN_0018fe40,todo,
0x18fe44,44,FUN_0018fe44,todo,
0x18fe74,88,FUN_0018fe74,todo,
0x18fed4,76,FUN_0018fed4,todo,
0x18ff28,48,FUN_0018ff28,todo,
0x18ffa4,132,FUN_0018ffa4,todo,
0x190030,84,FUN_00190030,todo,
0x19008c,44,FUN_0019008c,todo,
0x1900bc,60,FUN_001900bc,todo,
0x1900fc,196,FUN_001900fc,todo,
0x1901d4,88,FUN_001901d4,todo,
0x190200,104,FUN_00190200,todo,
0x190240,112,FUN_00190240,todo,
0x1902a4,124,FUN_001902a4,todo,
0x1902e8,72,FUN_001902e8,todo,
0x190378,112,FUN_00190378,todo,
0x1903fc,88,FUN_001903fc,todo,
0x190428,88,FUN_00190428,todo,
0x190454,148,FUN_00190454,todo,
0x1904f0,72,FUN_001904f0,todo,
0x190540,80,FUN_00190540,todo,
0x190598,52,FUN_00190598,todo,
0x190774,108,FUN_00190774,todo,
0x190850,52,FUN_00190850,todo,
0x190888,60,FUN_00190888,todo,
0x190924,64,FUN_00190924,todo,
0x190970,112,FUN_00190970,todo,
0x1909a4,44,FUN_001909a4,todo,
0x1909d4,32,FUN_001909d4,todo,
0x1909f4,32,FUN_001909f4,todo,
0x190a14,40,FUN_00190a14,todo,
0x190a3c,40,FUN_00190a3c,todo,
0x190a84,96,FUN_00190a84,todo,
0x190ae4,280,FUN_00190ae4,todo,
0x190c5c,200,FUN_00190c5c,todo,
0x190ccc,52,FUN_00190ccc,todo,
0x190d00,248,FUN_00190d00,todo,
0x190e08,376,FUN_00190e08,todo,
0x190fa4,184,FUN_00190fa4,todo,
0x191068,56,FUN_00191068,todo,
0x1910a8,76,FUN_001910a8,todo,
0x191328,400,FUN_00191328,todo,
0x191340,8,FUN_00191340,todo,
0x19134c,8,FUN_0019134c,todo,
0x191358,276,FUN_00191358,todo,
0x191470,104,FUN_00191470,todo,
0x1914e8,492,FUN_001914e8,todo,
0x1916e0,208,FUN_001916e0,todo,
0x19190c,448,FUN_0019190c,todo,
0x191ad8,1188,FUN_00191ad8,todo,
0x191f94,648,FUN_00191f94,todo,
0x192110,1432,FUN_00192110,todo,
0x1926cc,540,FUN_001926cc,todo,
0x192934,8,FUN_00192934,todo,
0x192940,128,FUN_00192940,todo,
0x1929c0,76,FUN_001929c0,todo,
0x192a0c,600,FUN_00192a0c,todo,
0x192c78,160,FUN_00192c78,todo,
0x192d18,88,FUN_00192d18,todo,
0x192d7c,196,FUN_00192d7c,todo,
0x192e40,12,FUN_00192e40,todo,
0x192e4c,124,FUN_00192e4c,todo,
0x192ecc,44,FUN_00192ecc,todo,
0x192ef8,184,FUN_00192ef8,todo,
0x192fc0,540,FUN_00192fc0,todo,
0x1931e4,368,FUN_001931e4,todo,
0x193358,132,FUN_00193358,todo,
0x1933dc,20,FUN_001933dc,todo,
0x1933f0,532,FUN_001933f0,todo,
0x19360c,8,FUN_0019360c,todo,
0x193618,72,FUN_00193618,todo,
0x193660,120,FUN_00193660,todo,
0x1936dc,44,FUN_001936dc,todo,
0x19373c,44,FUN_0019373c,todo,
0x19376c,44,FUN_0019376c,todo,
0x19379c,68,FUN_0019379c,todo,
0x1937e4,60,FUN_001937e4,todo,
0x193824,24,FUN_00193824,todo,
0x19383c,296,FUN_0019383c,todo,
0x193968,32,FUN_00193968,todo,
0x193988,44,FUN_00193988,todo,
0x1939ec,60,FUN_001939ec,todo,
0x193a30,56,FUN_00193a30,todo,
0x193a70,76,FUN_00193a70,todo,
0x193a90,28,FUN_00193a90,todo,
0x193ab0,416,FUN_00193ab0,todo,
0x193c64,40,FUN_00193c64,todo,
0x193c8c,96,FUN_00193c8c,todo,
0x193cec,108,FUN_00193cec,todo,
0x193d58,28,FUN_00193d58,todo,
0x193d74,220,FUN_00193d74,todo,
0x193e50,72,FUN_00193e50,todo,
0x193e98,212,FUN_00193e98,todo,
0x193f6c,72,FUN_00193f6c,todo,
0x193fb4,180,FUN_00193fb4,todo,
0x194068,36,FUN_00194068,todo,
0x19408c,24,FUN_0019408c,todo,
0x1940a4,48,FUN_001940a4,todo,
0x1940d4,44,FUN_001940d4,todo,
0x194100,72,FUN_00194100,todo,
0x194148,24,FUN_00194148,todo,
0x194160,28,FUN_00194160,todo,
0x19417c,244,FUN_0019417c,todo,
0x194280,56,FUN_00194280,todo,
0x1942bc,292,FUN_001942bc,todo,
0x1943f0,44,FUN_001943f0,todo,
0x19441c,40,FUN_0019441c,todo,
0x194444,52,FUN_00194444,todo,
0x194478,68,FUN_00194478,todo,
0x1944bc,48,FUN_001944bc,todo,
0x1944ec,12,FUN_001944ec,todo,
0x194500,500,FUN_00194500,todo,
0x19470c,12,FUN_0019470c,todo,
0x19474c,64,FUN_0019474c,todo,
0x1947a0,12,FUN_001947a0,todo,
0x1947b0,80,FUN_001947b0,todo,
0x194800,80,FUN_00194800,todo,
0x194850,100,FUN_00194850,todo,
0x1948b4,76,FUN_001948b4,todo,
0x194900,32,FUN_00194900,todo,
0x194924,100,FUN_00194924,todo,
0x194b70,404,FUN_00194b70,todo,
0x194d04,76,FUN_00194d04,todo,
0x194d50,144,FUN_00194d50,todo,
0x194e00,80,FUN_00194e00,todo,
0x194e50,92,FUN_00194e50,todo,
0x194f1c,96,FUN_00194f1c,todo,
0x194ffc,88,FUN_00194ffc,todo,
0x195054,64,FUN_00195054,todo,
0x195094,28,FUN_00195094,todo,
0x1950cc,60,FUN_001950cc,todo,
0x195108,20,FUN_00195108,todo,
0x195130,4,thunk_FUN_001a8ea8,todo,
0x195134,4,thunk_FUN_001a8ed0,todo,
0x195138,308,FUN_00195138,todo,
0x19526c,40,FUN_0019526c,todo,
0x195294,588,FUN_00195294,todo,
0x1954f0,48,FUN_001954f0,todo,
0x195520,48,FUN_00195520,todo,
0x195550,468,FUN_00195550,todo,
0x195728,40,FUN_00195728,todo,
0x195750,48,FUN_00195750,todo,
0x195780,48,FUN_00195780,todo,
0x1957b0,52,FUN_001957b0,todo,
0x1957e4,48,FUN_001957e4,todo,
0x195814,48,FUN_00195814,todo,
0x195844,48,FUN_00195844,todo,
0x195874,48,FUN_00195874,todo,
0x1958a4,212,FUN_001958a4,todo,
0x195978,48,FUN_00195978,todo,
0x1959a8,48,FUN_001959a8,todo,
0x1959d8,680,FUN_001959d8,todo,
0x195c80,464,FUN_00195c80,todo,
0x195e68,916,FUN_00195e68,todo,
0x19626c,140,FUN_0019626c,todo,
0x1962f8,48,FUN_001962f8,todo,
0x196328,48,FUN_00196328,todo,
0x196358,104,FUN_00196358,todo,
0x1963c4,104,FUN_001963c4,todo,
0x196430,104,FUN_00196430,todo,
0x19649c,116,FUN_0019649c,todo,
0x196514,428,FUN_00196514,todo,
0x1966c4,20,FUN_001966c4,todo,
0x1966d8,24,FUN_001966d8,todo,
0x1966f0,20,FUN_001966f0,todo,
0x196704,12,FUN_00196704,todo,
0x196710,116,FUN_00196710,todo,
0x196784,88,FUN_00196784,todo,
0x1967dc,76,FUN_001967dc,todo,
0x19682c,12,FUN_0019682c,todo,
0x196838,112,FUN_00196838,todo,
0x1968ac,56,FUN_001968ac,todo,
0x1968e4,16,FUN_001968e4,todo,
0x1968f4,12,FUN_001968f4,todo,
0x196900,64,FUN_00196900,todo,
0x196948,112,FUN_00196948,todo,
0x1969d0,108,FUN_001969d0,todo,
0x196a80,48,FUN_00196a80,todo,
0x196ab0,148,FUN_00196ab0,todo,
0x196b44,188,FUN_00196b44,todo,
0x196c5c,44,FUN_00196c5c,todo,
0x196d08,188,FUN_00196d08,todo,
0x196e20,64,FUN_00196e20,todo,
0x197110,32,FUN_00197110,todo,
0x197130,104,FUN_00197130,todo,
0x1971a8,172,FUN_001971a8,todo,
0x197268,160,FUN_00197268,todo,
0x197308,144,FUN_00197308,todo,
0x197398,104,FUN_00197398,todo,
0x197420,48,FUN_00197420,todo,
0x197458,80,FUN_00197458,todo,
0x1974a8,80,FUN_001974a8,todo,
0x1974f8,104,FUN_001974f8,todo,
0x197560,80,FUN_00197560,todo,
0x1975b0,32,FUN_001975b0,todo,
0x1975d4,100,FUN_001975d4,todo,
0x19763c,88,FUN_0019763c,todo,
0x1976b4,224,FUN_001976b4,todo,
0x1977a0,668,FUN_001977a0,todo,
0x197a54,48,FUN_00197a54,todo,
0x197a84,48,FUN_00197a84,todo,
0x197abc,4,FUN_00197abc,todo,
0x197ac0,256,FUN_00197ac0,todo,
0x197bd0,12,FUN_00197bd0,todo,
0x197bdc,368,FUN_00197bdc,todo,
0x197d4c,72,FUN_00197d4c,todo,
0x197d9c,236,FUN_00197d9c,todo,
0x197e90,252,FUN_00197e90,todo,
0x197f94,404,FUN_00197f94,todo,
0x198138,16,FUN_00198138,todo,
0x198148,16,FUN_00198148,todo,
0x198158,244,FUN_00198158,todo,
0x198264,480,FUN_00198264,todo,
0x198460,20,FUN_00198460,todo,
0x198474,372,FUN_00198474,todo,
0x1985e8,156,FUN_001985e8,todo,
0x198688,184,FUN_00198688,todo,
0x198758,244,FUN_00198758,todo,
0x198850,96,FUN_00198850,todo,
0x1988bc,108,FUN_001988bc,todo,
0x198958,4,FUN_00198958,todo,
0x19895c,28,FUN_0019895c,todo,
0x1989b4,16,FUN_001989b4,todo,
0x1989c4,504,FUN_001989c4,todo,
0x198bc8,112,FUN_00198bc8,todo,
0x198c3c,156,FUN_00198c3c,todo,
0x198cdc,532,FUN_00198cdc,todo,
0x198f18,124,FUN_00198f18,todo,
0x199058,40,FUN_00199058,todo,
0x199080,236,FUN_00199080,todo,
0x19917c,12,FUN_0019917c,todo,
0x199188,12,FUN_00199188,todo,
0x199194,12,FUN_00199194,todo,
0x1991a4,24,FUN_001991a4,todo,
0x1991bc,64,FUN_001991bc,todo,
0x199200,28,FUN_00199200,todo,
0x199220,44,FUN_00199220,todo,
0x199250,32,FUN_00199250,todo,
0x19927c,20,FUN_0019927c,todo,
0x199310,28,FUN_00199310,todo,
0x199340,36,FUN_00199340,todo,
0x199368,32,FUN_00199368,todo,
0x19938c,80,FUN_0019938c,todo,
0x1993e4,88,FUN_001993e4,todo,
0x19943c,20,FUN_0019943c,todo,
0x199464,48,FUN_00199464,todo,
0x199494,28,FUN_00199494,todo,
0x1994b0,28,FUN_001994b0,todo,
0x1994d0,72,FUN_001994d0,todo,
0x199530,132,FUN_00199530,todo,
0x1995b8,220,FUN_001995b8,todo,
0x199698,100,FUN_00199698,todo,
0x199784,120,FUN_00199784,todo,
0x199804,720,FUN_00199804,todo,
0x199ad8,88,FUN_00199ad8,todo,
0x199b30,488,FUN_00199b30,todo,
0x199d1c,168,FUN_00199d1c,todo,
0x199de0,80,FUN_00199de0,todo,
0x199e34,324,FUN_00199e34,todo,
0x199f78,128,FUN_00199f78,todo,
0x199ff8,284,FUN_00199ff8,todo,
0x19a11c,1132,FUN_0019a11c,todo,
0x19a590,80,FUN_0019a590,todo,
0x19a5e4,80,FUN_0019a5e4,todo,
0x19a638,112,FUN_0019a638,todo,
0x19a6a8,396,FUN_0019a6a8,todo,
0x19a83c,396,FUN_0019a83c,todo,
0x19a9d0,252,FUN_0019a9d0,todo,
0x19aad0,368,FUN_0019aad0,todo,
0x19ac58,948,FUN_0019ac58,todo,
0x19b018,376,FUN_0019b018,todo,
0x19b19c,76,FUN_0019b19c,todo,
0x19b1e8,544,FUN_0019b1e8,todo,
0x19b414,372,FUN_0019b414,todo,
0x19b59c,40,FUN_0019b59c,todo,
0x19b5cc,100,FUN_0019b5cc,todo,
0x19b634,96,FUN_0019b634,todo,
0x19b6ac,44,FUN_0019b6ac,todo,
0x19b6ec,136,FUN_0019b6ec,todo,
0x19b774,12,FUN_0019b774,todo,
0x19b784,144,FUN_0019b784,todo,
0x19b898,16,FUN_0019b898,todo,
0x19b8a8,92,FUN_0019b8a8,todo,
0x19b918,76,FUN_0019b918,todo,
0x19b964,216,FUN_0019b964,todo,
0x19ba3c,100,FUN_0019ba3c,todo,
0x19baa8,32,FUN_0019baa8,todo,
0x19bacc,104,FUN_0019bacc,todo,
0x19bb64,28,FUN_0019bb64,todo,
0x19bb80,48,FUN_0019bb80,todo,
0x19bbb4,24,FUN_0019bbb4,todo,
0x19bbcc,40,FUN_0019bbcc,todo,
0x19bbf8,12,FUN_0019bbf8,todo,
0x19bc08,432,FUN_0019bc08,todo,
0x19bdbc,36,FUN_0019bdbc,todo,
0x19bde4,12,FUN_0019bde4,todo,
0x19bdf4,88,FUN_0019bdf4,todo,
0x19be4c,96,FUN_0019be4c,todo,
0x19beac,132,FUN_0019beac,todo,
0x19c004,380,FUN_0019c004,todo,
0x19c188,260,FUN_0019c188,todo,
0x19c298,336,FUN_0019c298,todo,
0x19c3f4,252,FUN_0019c3f4,todo,
0x19c4f4,24,FUN_0019c4f4,todo,
0x19c50c,384,FUN_0019c50c,todo,
0x19c690,60,FUN_0019c690,todo,
0x19c6cc,44,FUN_0019c6cc,todo,
0x19c6f8,436,FUN_0019c6f8,todo,
0x19c8b0,28,FUN_0019c8b0,todo,
0x19c8d0,32,FUN_0019c8d0,todo,
0x19c8f4,28,FUN_0019c8f4,todo,
0x19c914,28,FUN_0019c914,todo,
0x19c934,24,FUN_0019c934,todo,
0x19c94c,20,FUN_0019c94c,todo,
0x19c984,16,FUN_0019c984,todo,
0x19c994,32,FUN_0019c994,todo,
0x19c9b4,236,FUN_0019c9b4,todo,
0x19caa4,88,FUN_0019caa4,todo,
0x19cb00,88,FUN_0019cb00,todo,
0x19cb5c,84,FUN_0019cb5c,todo,
0x19cbcc,24,FUN_0019cbcc,todo,
0x19cbe8,48,FUN_0019cbe8,todo,
0x19cc18,752,FUN_0019cc18,todo,
0x19cf4c,204,FUN_0019cf4c,todo,
0x19d024,28,FUN_0019d024,todo,
0x19d040,284,FUN_0019d040,todo,
0x19d188,432,FUN_0019d188,todo,
0x19d370,60,FUN_0019d370,todo,
0x19d3d4,72,FUN_0019d3d4,todo,
0x19d444,116,FUN_0019d444,todo,
0x19d4e0,340,FUN_0019d4e0,todo,
0x19d668,312,FUN_0019d668,todo,
0x19d7d0,96,FUN_0019d7d0,todo,
0x19d830,80,FUN_0019d830,todo,
0x19d880,240,FUN_0019d880,todo,
0x19d974,56,FUN_0019d974,todo,
0x19d9b8,72,FUN_0019d9b8,todo,
0x19da28,64,FUN_0019da28,todo,
0x19daac,76,FUN_0019daac,todo,
0x19db5c,180,FUN_0019db5c,todo,
0x19dc10,372,FUN_0019dc10,todo,
0x19dd88,628,FUN_0019dd88,todo,
0x19e030,144,FUN_0019e030,todo,
0x19e0c4,60,FUN_0019e0c4,todo,
0x19e108,296,FUN_0019e108,todo,
0x19e288,120,FUN_0019e288,todo,
0x19e320,504,FUN_0019e320,todo,
0x19e3d4,268,FUN_0019e3d4,todo,
0x19e444,204,FUN_0019e444,todo,
0x19e528,460,FUN_0019e528,todo,
0x19e6f4,860,FUN_0019e6f4,todo,
0x19ea58,432,FUN_0019ea58,todo,
0x19ec18,340,FUN_0019ec18,todo,
0x19ed6c,212,FUN_0019ed6c,todo,
0x19ee6c,292,FUN_0019ee6c,todo,
0x19ef90,88,FUN_0019ef90,todo,
0x19f0a4,36,FUN_0019f0a4,todo,
0x19f0dc,460,FUN_0019f0dc,todo,
0x19f2a8,172,FUN_0019f2a8,todo,
0x19f3a4,440,FUN_0019f3a4,todo,
0x19f56c,344,FUN_0019f56c,todo,
0x19f6c4,284,FUN_0019f6c4,todo,
0x19f7e0,188,FUN_0019f7e0,todo,
0x19f7f4,120,FUN_0019f7f4,todo,
0x19f8d4,252,FUN_0019f8d4,todo,
0x19f9d8,16,FUN_0019f9d8,todo,
0x19f9e8,1048,FUN_0019f9e8,todo,
0x19fe18,996,FUN_0019fe18,todo,
0x1a05d0,52,FUN_001a05d0,todo,
0x1a0604,964,FUN_001a0604,todo,
0x1a09d8,1076,FUN_001a09d8,todo,
0x1a0e20,176,FUN_001a0e20,todo,
0x1a0ee0,996,FUN_001a0ee0,todo,
0x1a12d4,284,FUN_001a12d4,todo,
0x1a144c,232,FUN_001a144c,todo,
0x1a153c,180,FUN_001a153c,todo,
0x1a15f8,148,FUN_001a15f8,todo,
0x1a16b4,16,FUN_001a16b4,todo,
0x1a16c4,20,FUN_001a16c4,todo,
0x1a16dc,212,FUN_001a16dc,todo,
0x1a17b8,52,FUN_001a17b8,todo,
0x1a1820,48,FUN_001a1820,todo,
0x1a1850,400,FUN_001a1850,todo,
0x1a19e4,236,FUN_001a19e4,todo,
0x1a1af4,232,FUN_001a1af4,todo,
0x1a1be0,68,FUN_001a1be0,todo,
0x1a1c28,392,FUN_001a1c28,todo,
0x1a1dc0,76,FUN_001a1dc0,todo,
0x1a1e10,540,FUN_001a1e10,todo,
0x1a2068,12,FUN_001a2068,todo,
0x1a2074,40,FUN_001a2074,todo,
0x1a20b0,268,FUN_001a20b0,todo,
0x1a21d0,196,FUN_001a21d0,todo,
0x1a2294,148,FUN_001a2294,todo,
0x1a2330,164,FUN_001a2330,todo,
0x1a23d4,28,FUN_001a23d4,todo,
0x1a2404,568,FUN_001a2404,todo,
0x1a2644,140,FUN_001a2644,todo,
0x1a26d4,88,FUN_001a26d4,todo,
0x1a2730,160,FUN_001a2730,todo,
0x1a27d8,108,FUN_001a27d8,todo,
0x1a2878,68,FUN_001a2878,todo,
0x1a28bc,24,FUN_001a28bc,todo,
0x1a28d4,16,FUN_001a28d4,todo,
0x1a28e4,108,FUN_001a28e4,todo,
0x1a2968,128,FUN_001a2968,todo,
0x1a29e8,124,FUN_001a29e8,todo,
0x1a2a64,156,FUN_001a2a64,todo,
0x1a2b00,96,FUN_001a2b00,todo,
0x1a2b60,1428,FUN_001a2b60,todo,
0x1a30fc,264,FUN_001a30fc,todo,
0x1a3218,680,FUN_001a3218,todo,
0x1a34dc,4,thunk_FUN_001a8ea8,todo,
0x1a34e0,296,FUN_001a34e0,todo,
0x1a3608,620,FUN_001a3608,todo,
0x1a3874,556,FUN_001a3874,todo,
0x1a3aa0,168,FUN_001a3aa0,todo,
0x1a3b8c,84,FUN_001a3b8c,todo,
0x1a3de8,84,FUN_001a3de8,todo,
0x1a3e40,88,FUN_001a3e40,todo,
0x1a3e9c,76,FUN_001a3e9c,todo,
0x1a3ee8,12,FUN_001a3ee8,todo,
0x1a3ef8,288,FUN_001a3ef8,todo,
0x1a401c,100,FUN_001a401c,todo,
0x1a4098,472,FUN_001a4098,todo,
0x1a4168,52,FUN_001a4168,todo,
0x1a419c,1036,FUN_001a419c,todo,
0x1a45c8,284,FUN_001a45c8,todo,
0x1a481c,200,FUN_001a481c,todo,
0x1a48ec,340,FUN_001a48ec,todo,
0x1a4bb8,420,FUN_001a4bb8,todo,
0x1a4d74,36,FUN_001a4d74,todo,
0x1a4d9c,352,FUN_001a4d9c,todo,
0x1a5000,112,FUN_001a5000,todo,
0x1a508c,52,FUN_001a508c,todo,
0x1a50c4,76,FUN_001a50c4,todo,
0x1a5114,12,FUN_001a5114,todo,
0x1a5124,16,FUN_001a5124,todo,
0x1a5134,16,FUN_001a5134,todo,
0x1a5148,36,FUN_001a5148,todo,
0x1a5190,136,FUN_001a5190,todo,
0x1a5218,12,FUN_001a5218,todo,
0x1a5224,220,FUN_001a5224,todo,
0x1a5890,1748,FUN_001a5890,todo,
0x1a59e0,88,FUN_001a59e0,todo,
0x1a5a50,32,FUN_001a5a50,todo,
0x1a5a7c,60,FUN_001a5a7c,todo,
0x1a5abc,136,FUN_001a5abc,todo,
0x1a5b48,436,FUN_001a5b48,todo,
0x1a5d00,32,FUN_001a5d00,todo,
0x1a5d24,272,FUN_001a5d24,todo,
0x1a5e74,60,FUN_001a5e74,todo,
0x1a5eb0,32,FUN_001a5eb0,todo,
0x1a5ed4,128,FUN_001a5ed4,todo,
0x1a5f64,128,FUN_001a5f64,todo,
0x1a6004,140,FUN_001a6004,todo,
0x1a6090,56,FUN_001a6090,todo,
0x1a60c8,60,FUN_001a60c8,todo,
0x1a6108,44,FUN_001a6108,todo,
0x1a6138,112,FUN_001a6138,todo,
0x1a61b8,44,FUN_001a61b8,todo,
0x1a61e4,76,FUN_001a61e4,todo,
0x1a6234,20,FUN_001a6234,todo,
0x1a625c,240,FUN_001a625c,todo,
0x1a634c,212,FUN_001a634c,todo,
0x1a6420,68,FUN_001a6420,todo,
0x1a6464,176,FUN_001a6464,todo,
0x1a6514,68,FUN_001a6514,todo,
0x1a6558,132,FUN_001a6558,todo,
0x1a65e0,208,FUN_001a65e0,todo,
0x1a66d0,44,FUN_001a66d0,todo,
0x1a66fc,292,FUN_001a66fc,todo,
0x1a6824,44,FUN_001a6824,todo,
0x1a6850,100,FUN_001a6850,todo,
0x1a68b4,924,FUN_001a68b4,todo,
0x1a6c5c,356,FUN_001a6c5c,todo,
0x1a6dc0,48,FUN_001a6dc0,todo,
0x1a6e04,176,FUN_001a6e04,todo,
0x1a6ed4,16,FUN_001a6ed4,todo,
0x1a6ee4,340,FUN_001a6ee4,todo,
0x1a72c4,148,FUN_001a72c4,todo,
0x1a735c,408,FUN_001a735c,todo,
0x1a75a0,168,FUN_001a75a0,todo,
0x1a7648,252,FUN_001a7648,todo,
0x1a7748,168,FUN_001a7748,todo,
0x1a77f0,376,FUN_001a77f0,todo,
0x1a7980,48,FUN_001a7980,todo,
0x1a79b0,152,FUN_001a79b0,todo,
0x1a7a4c,556,FUN_001a7a4c,todo,
0x1a7cb0,120,FUN_001a7cb0,todo,
0x1a7d40,72,FUN_001a7d40,todo,
0x1a7d88,160,FUN_001a7d88,todo,
0x1a7e80,148,FUN_001a7e80,todo,
0x1a7f1c,52,FUN_001a7f1c,todo,
0x1a7f5c,196,FUN_001a7f5c,todo,
0x1a8028,144,FUN_001a8028,todo,
0x1a80c8,136,FUN_001a80c8,todo,
0x1a8160,196,FUN_001a8160,todo,
0x1a822c,120,FUN_001a822c,todo,
0x1a82ac,336,FUN_001a82ac,todo,
0x1a8400,104,FUN_001a8400,todo,
0x1a8468,80,FUN_001a8468,todo,
0x1a84b8,88,FUN_001a84b8,todo,
0x1a8510,976,FUN_001a8510,todo,
0x1a88e4,36,FUN_001a88e4,todo,
0x1a8908,260,FUN_001a8908,todo,
0x1a8a0c,156,FUN_001a8a0c,todo,
0x1a8aac,188,FUN_001a8aac,todo,
0x1a8b88,44,FUN_001a8b88,todo,
0x1a8bc4,148,FUN_001a8bc4,todo,
0x1a8c5c,128,FUN_001a8c5c,todo,
0x1a8d24,316,FUN_001a8d24,todo,
0x1a8ea4,4,FUN_001a8ea4,todo,
0x1a8ea8,36,FUN_001a8ea8,todo,
0x1a8ecc,4,FUN_001a8ecc,todo,
0x1a8ed0,72,FUN_001a8ed0,todo,
0x1a8f1c,184,FUN_001a8f1c,todo,
0x1a8fd8,60,FUN_001a8fd8,todo,
0x1a9018,24,FUN_001a9018,todo,
0x1a9034,8,FUN_001a9034,todo,
0x1a903c,72,FUN_001a903c,todo,
0x1a908c,32,FUN_001a908c,todo,
0x1a90d0,44,FUN_001a90d0,todo,
0x1a9100,20,FUN_001a9100,todo,
0x1a9128,756,FUN_001a9128,todo,
0x1a95c0,788,FUN_001a95c0,todo,
0x1a9950,660,FUN_001a9950,todo,
0x1a9a6c,580,FUN_001a9a6c,todo,
0x1a9cd4,580,FUN_001a9cd4,todo,
0x1a9f88,244,FUN_001a9f88,todo,
0x1aa084,352,FUN_001aa084,todo,
0x1aa1e8,260,FUN_001aa1e8,todo,
0x1aa2f8,220,FUN_001aa2f8,todo,
0x1aa3e0,1004,FUN_001aa3e0,todo,
0x1aabc0,264,FUN_001aabc0,todo,
0x1aacc8,16,FUN_001aacc8,todo,
0x1aacdc,12,FUN_001aacdc,todo,
0x1aacec,740,FUN_001aacec,todo,
0x1aafe0,508,FUN_001aafe0,todo,
0x1ab1ec,360,FUN_001ab1ec,todo,
0x1ab360,216,FUN_001ab360,todo,
0x1ab450,976,FUN_001ab450,todo,
0x1ab894,460,FUN_001ab894,todo,
0x1aba88,464,FUN_001aba88,todo,
0x1abc60,140,FUN_001abc60,todo,
0x1abd00,616,FUN_001abd00,todo,
0x1abf84,788,FUN_001abf84,todo,
0x1ac2f0,556,FUN_001ac2f0,todo,
0x1ac534,256,FUN_001ac534,todo,
0x1ac768,252,FUN_001ac768,todo,
0x1ac870,212,FUN_001ac870,todo,
0x1ac9ac,68,FUN_001ac9ac,todo,
0x1ac9f0,156,FUN_001ac9f0,todo,
0x1aca8c,596,FUN_001aca8c,todo,
0x1acce8,2688,FUN_001acce8,todo,
0x1ad794,276,FUN_001ad794,todo,
0x1ad8a8,44,FUN_001ad8a8,todo,
0x1ad8d4,104,FUN_001ad8d4,todo,
0x1ad93c,52,FUN_001ad93c,todo,
0x1ad970,136,FUN_001ad970,todo,
0x1ad9f8,40,FUN_001ad9f8,todo,
0x1ada20,148,FUN_001ada20,todo,
0x1adaf4,208,FUN_001adaf4,todo,
0x1adbcc,396,FUN_001adbcc,todo,
0x1add5c,168,FUN_001add5c,todo,
0x1ade20,48,FUN_001ade20,todo,
0x1ade68,48,FUN_001ade68,todo,
0x1ade98,152,FUN_001ade98,todo,
0x1adf34,64,FUN_001adf34,todo,
0x1adf78,52,FUN_001adf78,todo,
0x1adfb0,56,FUN_001adfb0,todo,
0x1adfe8,36,FUN_001adfe8,todo,
0x1ae00c,36,FUN_001ae00c,todo,
0x1ae030,72,FUN_001ae030,todo,
0x1ae078,56,FUN_001ae078,todo,
0x1ae0b0,52,FUN_001ae0b0,todo,
0x1ae0e4,52,FUN_001ae0e4,todo,
0x1ae118,72,FUN_001ae118,todo,
0x1ae168,304,FUN_001ae168,todo,
0x1ae1dc,32,FUN_001ae1dc,todo,
0x1ae200,352,FUN_001ae200,todo,
0x1ae368,124,FUN_001ae368,todo,
0x1ae3ec,88,FUN_001ae3ec,todo,
0x1ae444,24,FUN_001ae444,todo,
0x1ae460,12,FUN_001ae460,todo,
0x1ae470,12,FUN_001ae470,todo,
0x1ae480,24,FUN_001ae480,todo,
0x1ae49c,280,FUN_001ae49c,todo,
0x1ae5e4,284,FUN_001ae5e4,todo,
0x1ae754,1188,FUN_001ae754,todo,
0x1aec18,484,FUN_001aec18,todo,
0x1aee00,160,FUN_001aee00,todo,
0x1aeea0,2756,FUN_001aeea0,todo,
0x1afc98,364,FUN_001afc98,todo,
0x1afe08,492,FUN_001afe08,todo,
0x1b0008,340,FUN_001b0008,todo,
0x1b0164,124,FUN_001b0164,todo,
0x1b01e0,184,FUN_001b01e0,todo,
0x1b0298,124,FUN_001b0298,todo,
0x1b0314,76,FUN_001b0314,todo,
0x1b0360,364,FUN_001b0360,todo,
0x1b04d4,228,FUN_001b04d4,todo,
0x1b05c0,152,FUN_001b05c0,todo,
0x1b073c,16,FUN_001b073c,todo,
0x1b074c,412,FUN_001b074c,todo,
0x1b08f4,160,FUN_001b08f4,todo,
0x1b0998,224,FUN_001b0998,todo,
0x1b0a84,204,FUN_001b0a84,todo,
0x1b0b5c,644,FUN_001b0b5c,todo,
0x1b0df0,344,FUN_001b0df0,todo,
0x1b0f54,24,FUN_001b0f54,todo,
0x1b0f6c,116,FUN_001b0f6c,todo,
0x1b0fe4,224,FUN_001b0fe4,todo,
0x1b10c8,384,FUN_001b10c8,todo,
0x1b124c,564,FUN_001b124c,todo,
0x1b1488,20,FUN_001b1488,todo,
0x1b14a0,56,FUN_001b14a0,todo,
0x1b14d8,368,FUN_001b14d8,todo,
0x1b1670,232,FUN_001b1670,todo,
0x1b18d0,96,FUN_001b18d0,todo,
0x1b1930,328,FUN_001b1930,todo,
0x1b1a78,424,FUN_001b1a78,todo,
0x1b1c28,800,FUN_001b1c28,todo,
0x1b1f54,424,FUN_001b1f54,todo,
0x1b2104,160,FUN_001b2104,todo,
0x1b21a4,140,FUN_001b21a4,todo,
0x1b2234,84,FUN_001b2234,todo,
0x1b2288,532,FUN_001b2288,todo,
0x1b24a0,828,FUN_001b24a0,todo,
0x1b2814,52,FUN_001b2814,todo,
0x1b284c,48,FUN_001b284c,todo,
0x1b2880,72,FUN_001b2880,todo,
0x1b28c8,56,FUN_001b28c8,todo,
0x1b2900,388,FUN_001b2900,todo,
0x1b2a94,244,FUN_001b2a94,todo,
0x1b2b8c,324,FUN_001b2b8c,todo,
0x1b2d08,20,FUN_001b2d08,todo,
0x1b2d20,580,FUN_001b2d20,todo,
0x1b2f78,544,FUN_001b2f78,todo,
0x1b31a8,148,FUN_001b31a8,todo,
0x1b3258,192,FUN_001b3258,todo,
0x1b33b8,912,FUN_001b33b8,todo,
0x1b3758,184,FUN_001b3758,todo,
0x1b3840,48,FUN_001b3840,todo,
0x1b3870,260,FUN_001b3870,todo,
0x1b3a84,88,FUN_001b3a84,todo,
0x1b3ae4,60,FUN_001b3ae4,todo,
0x1b3b24,12,FUN_001b3b24,todo,
0x1b3b30,32,FUN_001b3b30,todo,
0x1b3b54,24,FUN_001b3b54,todo,
0x1b3b6c,56,FUN_001b3b6c,todo,
0x1b3ba4,196,FUN_001b3ba4,todo,
0x1b3c68,460,FUN_001b3c68,todo,
0x1b3e34,40,FUN_001b3e34,todo,
0x1b3e60,476,FUN_001b3e60,todo,
0x1b3ef4,160,FUN_001b3ef4,todo,
0x1b3f94,268,FUN_001b3f94,todo,
0x1b40e0,276,FUN_001b40e0,todo,
0x1b4134,72,FUN_001b4134,todo,
0x1b4184,196,FUN_001b4184,todo,
0x1b424c,16,FUN_001b424c,todo,
0x1b425c,52,FUN_001b425c,todo,
0x1b4294,16,FUN_001b4294,todo,
0x1b42a4,108,FUN_001b42a4,todo,
0x1b4324,124,FUN_001b4324,todo,
0x1b43b0,388,FUN_001b43b0,todo,
0x1b4554,168,FUN_001b4554,todo,
0x1b47e8,196,FUN_001b47e8,todo,
0x1b4a6c,156,FUN_001b4a6c,todo,
0x1b4b14,624,FUN_001b4b14,todo,
0x1b4d9c,216,FUN_001b4d9c,todo,
0x1b5014,124,FUN_001b5014,todo,
0x1b548c,240,FUN_001b548c,todo,
0x1b5588,1000,FUN_001b5588,todo,
0x1b5a40,344,FUN_001b5a40,todo,
0x1b5ba0,704,FUN_001b5ba0,todo,
0x1b5e88,240,FUN_001b5e88,todo,
0x1b5f80,388,FUN_001b5f80,todo,
0x1b61b8,64,FUN_001b61b8,todo,
0x1b61f8,300,FUN_001b61f8,todo,
0x1b6270,72,FUN_001b6270,todo,
0x1b62bc,12,FUN_001b62bc,todo,
0x1b6480,384,FUN_001b6480,todo,
0x1b6608,36,FUN_001b6608,todo,
0x1b662c,20,FUN_001b662c,todo,
0x1b6640,28,FUN_001b6640,todo,
0x1b6660,860,FUN_001b6660,todo,
0x1b69c4,72,FUN_001b69c4,todo,
0x1b6a0c,208,FUN_001b6a0c,todo,
0x1b6ae4,1164,FUN_001b6ae4,todo,
0x1b6bc8,24,FUN_001b6bc8,todo,
0x1b6be0,68,FUN_001b6be0,todo,
0x1b6c24,24,FUN_001b6c24,todo,
0x1b6c3c,268,FUN_001b6c3c,todo,
0x1b6d58,172,FUN_001b6d58,todo,
0x1b6e08,220,FUN_001b6e08,todo,
0x1b6ee8,280,FUN_001b6ee8,todo,
0x1b7010,280,FUN_001b7010,todo,
0x1b713c,136,FUN_001b713c,todo,
0x1b71c4,80,FUN_001b71c4,todo,
0x1b7214,104,FUN_001b7214,todo,
0x1b727c,420,FUN_001b727c,todo,
0x1b7560,1088,FUN_001b7560,todo,
0x1b79d0,204,FUN_001b79d0,todo,
0x1b7a9c,672,FUN_001b7a9c,todo,
0x1b7f8c,604,FUN_001b7f8c,todo,
0x1b81e8,328,FUN_001b81e8,todo,
0x1b8344,492,FUN_001b8344,todo,
0x1b8534,64,FUN_001b8534,todo,
0x1b8574,368,FUN_001b8574,todo,
0x1b86f0,112,FUN_001b86f0,todo,
0x1b8760,100,FUN_001b8760,todo,
0x1b87c4,152,FUN_001b87c4,todo,
0x1b8860,852,FUN_001b8860,todo,
0x1b8bdc,64,FUN_001b8bdc,todo,
0x1b8c1c,124,FUN_001b8c1c,todo,
0x1b8c9c,340,FUN_001b8c9c,todo,
0x1b8df4,152,FUN_001b8df4,todo,
0x1b8e90,204,FUN_001b8e90,todo,
0x1b8f64,812,FUN_001b8f64,todo,
0x1b92ac,200,FUN_001b92ac,todo,
0x1b9378,76,FUN_001b9378,todo,
0x1b9410,300,FUN_001b9410,todo,
0x1b95d0,388,FUN_001b95d0,todo,
0x1b9794,156,FUN_001b9794,todo,
0x1b9830,48,FUN_001b9830,todo,
0x1b98ac,1004,FUN_001b98ac,todo,
0x1b9cf8,48,FUN_001b9cf8,todo,
0x1b9d28,464,FUN_001b9d28,todo,
0x1b9f00,20,FUN_001b9f00,todo,
0x1b9f28,180,FUN_001b9f28,todo,
0x1b9fdc,812,FUN_001b9fdc,todo,
0x1ba318,16,FUN_001ba318,todo,
0x1ba32c,60,FUN_001ba32c,todo,
0x1ba368,204,FUN_001ba368,todo,
0x1ba434,712,FUN_001ba434,todo,
0x1ba884,168,FUN_001ba884,todo,
0x1ba934,444,FUN_001ba934,todo,
0x1baaf0,496,FUN_001baaf0,todo,
0x1bacf8,212,FUN_001bacf8,todo,
0x1badd0,124,FUN_001badd0,todo,
0x1bae4c,260,FUN_001bae4c,todo,
0x1baf5c,12,FUN_001baf5c,todo,
0x1baf68,232,FUN_001baf68,todo,
0x1bb05c,592,FUN_001bb05c,todo,
0x1bb2ec,376,FUN_001bb2ec,todo,
0x1bb480,820,FUN_001bb480,todo,
0x1bb7b4,32,FUN_001bb7b4,todo,
0x1bb7d4,448,FUN_001bb7d4,todo,
0x1bbc50,384,FUN_001bbc50,todo,
0x1bbdd4,184,FUN_001bbdd4,todo,
0x1bbe90,200,FUN_001bbe90,todo,
0x1bbf5c,84,FUN_001bbf5c,todo,
0x1bbfb8,24,FUN_001bbfb8,todo,
0x1bbfd4,28,FUN_001bbfd4,todo,
0x1bbff4,28,FUN_001bbff4,todo,
0x1bc014,304,FUN_001bc014,todo,
0x1bc1e0,24,FUN_001bc1e0,todo,
0x1bc1fc,1108,FUN_001bc1fc,todo,
0x1bc664,1872,FUN_001bc664,todo,
0x1bcdc8,944,FUN_001bcdc8,todo,
0x1bd18c,440,FUN_001bd18c,todo,
0x1bd350,284,FUN_001bd350,todo,
0x1bd46c,456,FUN_001bd46c,todo,
0x1bd634,24,FUN_001bd634,todo,
0x1bd69c,12,FUN_001bd69c,todo,
0x1bd6ac,312,FUN_001bd6ac,todo,
0x1bd7f4,1080,FUN_001bd7f4,todo,
0x1bdc68,52,FUN_001bdc68,todo,
0x1bdd4c,172,FUN_001bdd4c,todo,
0x1bddf8,104,FUN_001bddf8,todo,
0x1bde60,400,FUN_001bde60,todo,
0x1be010,428,FUN_001be010,todo,
0x1be1f0,328,FUN_001be1f0,todo,
0x1be338,336,FUN_001be338,todo,
0x1be34c,136,FUN_001be34c,todo,
0x1be3d4,12,FUN_001be3d4,todo,
0x1be3e0,284,FUN_001be3e0,todo,
0x1be508,24,FUN_001be508,todo,
0x1be520,704,FUN_001be520,todo,
0x1be534,420,FUN_001be534,todo,
0x1be548,276,FUN_001be548,todo,
0x1be668,660,FUN_001be668,todo,
0x1be910,128,FUN_001be910,todo,
0x1be99c,260,FUN_001be99c,todo,
0x1beaa8,20,FUN_001beaa8,todo,
0x1beac0,20,FUN_001beac0,todo,
0x1bead8,120,FUN_001bead8,todo,
0x1beb54,100,FUN_001beb54,todo,
0x1bebc0,88,FUN_001bebc0,todo,
0x1bec20,84,FUN_001bec20,todo,
0x1beca8,32,FUN_001beca8,todo,
0x1bed04,16,FUN_001bed04,todo,
0x1bed18,40,FUN_001bed18,todo,
0x1bed44,88,FUN_001bed44,todo,
0x1beda0,44,FUN_001beda0,todo,
0x1bedd0,32,FUN_001bedd0,todo,
0x1bedfc,20,FUN_001bedfc,todo,
0x1bee14,668,FUN_001bee14,todo,
0x1bf0d0,1348,FUN_001bf0d0,todo,
0x1bf6c0,140,FUN_001bf6c0,todo,
0x1bf75c,76,FUN_001bf75c,todo,
0x1bf7f8,48,FUN_001bf7f8,todo,
0x1bffbc,20,FUN_001bffbc,todo,
0x1bffd4,28,FUN_001bffd4,todo,
0x1bfff4,168,FUN_001bfff4,todo,
0x1c00b4,216,FUN_001c00b4,todo,
0x1c01a0,832,FUN_001c01a0,todo,
0x1c05b8,228,FUN_001c05b8,todo,
0x1c06b0,124,FUN_001c06b0,todo,
0x1c072c,248,FUN_001c072c,todo,
0x1c0828,52,FUN_001c0828,todo,
0x1c085c,68,FUN_001c085c,todo,
0x1c08a8,48,FUN_001c08a8,todo,
0x1c08dc,60,FUN_001c08dc,todo,
0x1c0924,112,FUN_001c0924,todo,
0x1c09a0,56,FUN_001c09a0,todo,
0x1c09e0,124,FUN_001c09e0,todo,
0x1c0a6c,96,FUN_001c0a6c,todo,
0x1c0adc,688,FUN_001c0adc,todo,
0x1c0d94,64,FUN_001c0d94,todo,
0x1c0dd4,244,FUN_001c0dd4,todo,
0x1c0ed0,600,FUN_001c0ed0,todo,
0x1c1134,84,FUN_001c1134,todo,
0x1c118c,192,FUN_001c118c,todo,
0x1c1294,64,FUN_001c1294,todo,
0x1c12d8,492,FUN_001c12d8,todo,
0x1c1514,388,FUN_001c1514,todo,
0x1c16b0,1044,FUN_001c16b0,todo,
0x1c1b3c,624,FUN_001c1b3c,todo,
0x1c1db8,248,FUN_001c1db8,todo,
0x1c1ecc,240,FUN_001c1ecc,todo,
0x1c1fc4,52,FUN_001c1fc4,todo,
0x1c1ff8,52,FUN_001c1ff8,todo,
0x1c202c,24,FUN_001c202c,todo,
0x1c204c,68,FUN_001c204c,todo,
0x1c20d8,248,FUN_001c20d8,todo,
0x1c21dc,284,FUN_001c21dc,todo,
0x1c2304,408,FUN_001c2304,todo,
0x1c24a8,124,FUN_001c24a8,todo,
0x1c2524,980,FUN_001c2524,todo,
0x1c2908,288,FUN_001c2908,todo,
0x1c2a34,20,FUN_001c2a34,todo,
0x1c2a64,12,FUN_001c2a64,todo,
0x1c2a74,24,FUN_001c2a74,todo,
0x1c2a90,16,FUN_001c2a90,todo,
0x1c2aa4,104,FUN_001c2aa4,todo,
0x1c2b10,32,FUN_001c2b10,todo,
0x1c2b40,572,FUN_001c2b40,todo,
0x1c2d98,92,FUN_001c2d98,todo,
0x1c2dfc,1456,FUN_001c2dfc,todo,
0x1c33cc,768,FUN_001c33cc,todo,
0x1c36e8,304,FUN_001c36e8,todo,
0x1c3830,188,FUN_001c3830,todo,
0x1c38f0,752,FUN_001c38f0,todo,
0x1c3cb4,396,FUN_001c3cb4,todo,
0x1c3e60,524,FUN_001c3e60,todo,
0x1c4078,1584,FUN_001c4078,todo,
0x1c46cc,808,FUN_001c46cc,todo,
0x1c4ac4,20,FUN_001c4ac4,todo,
0x1c4ad8,424,FUN_001c4ad8,todo,
0x1c4e24,180,FUN_001c4e24,todo,
0x1c4edc,520,FUN_001c4edc,todo,
0x1c5194,436,FUN_001c5194,todo,
0x1c535c,356,FUN_001c535c,todo,
0x1c54cc,108,FUN_001c54cc,todo,
0x1c5538,260,FUN_001c5538,todo,
0x1c5680,116,FUN_001c5680,todo,
0x1c56f8,64,FUN_001c56f8,todo,
0x1c5738,76,FUN_001c5738,todo,
0x1c57ac,12,FUN_001c57ac,todo,
0x1c57bc,32,FUN_001c57bc,todo,
0x1c57dc,48,FUN_001c57dc,todo,
0x1c580c,108,FUN_001c580c,todo,
0x1c5878,56,FUN_001c5878,todo,
0x1c58b0,32,FUN_001c58b0,todo,
0x1c58d0,8,FUN_001c58d0,todo,
0x1c58d8,276,FUN_001c58d8,todo,
0x1c5b2c,316,FUN_001c5b2c,todo,
0x1c5c7c,140,FUN_001c5c7c,todo,
0x1c5d0c,148,FUN_001c5d0c,todo,
0x1c5da4,8,FUN_001c5da4,todo,
0x1c5dac,16,FUN_001c5dac,todo,
0x1c5dbc,76,FUN_001c5dbc,todo,
0x1c5e08,28,FUN_001c5e08,todo,
0x1c5e24,432,FUN_001c5e24,todo,
0x1c5fdc,56,FUN_001c5fdc,todo,
0x1c6050,4,FUN_001c6050,todo,
0x1c6054,48,FUN_001c6054,todo,
0x1c6088,488,FUN_001c6088,todo,
0x1c6284,280,FUN_001c6284,todo,
0x1c63a0,304,FUN_001c63a0,todo,
0x1c64dc,308,FUN_001c64dc,todo,
0x1c68c4,204,FUN_001c68c4,todo,
0x1c6a28,128,FUN_001c6a28,todo,
0x1c6b40,136,FUN_001c6b40,todo,
0x1c6bc0,212,FUN_001c6bc0,todo,
0x1c6cf0,32,FUN_001c6cf0,todo,
0x1c6d14,56,FUN_001c6d14,todo,
0x1c6d78,56,FUN_001c6d78,todo,
0x1c6db0,272,FUN_001c6db0,todo,
0x1c700c,60,FUN_001c700c,todo,
0x1c7050,344,FUN_001c7050,todo,
0x1c71bc,420,FUN_001c71bc,todo,
0x1c7378,436,FUN_001c7378,todo,
0x1c7540,84,FUN_001c7540,todo,
0x1c7594,656,FUN_001c7594,todo,
0x1c7850,1888,FUN_001c7850,todo,
0x1c7fdc,148,FUN_001c7fdc,todo,
0x1c8074,24,FUN_001c8074,todo,
0x1c80a0,4,thunk_FUN_001b3b30,todo,
0x1c80a4,416,FUN_001c80a4,todo,
0x1c825c,236,FUN_001c825c,todo,
0x1c8358,292,FUN_001c8358,todo,
0x1c8490,328,FUN_001c8490,todo,
0x1c85dc,488,FUN_001c85dc,todo,
0x1c8808,128,FUN_001c8808,todo,
0x1c8888,304,FUN_001c8888,todo,
0x1c89cc,724,FUN_001c89cc,todo,
0x1c8ccc,288,FUN_001c8ccc,todo,
0x1c8df8,652,FUN_001c8df8,todo,
0x1c90a0,44,FUN_001c90a0,todo,
0x1c9570,80,FUN_001c9570,todo,
0x1c95c0,684,FUN_001c95c0,todo,
0x1c9944,400,FUN_001c9944,todo,
0x1c9aec,284,FUN_001c9aec,todo,
0x1c9c10,1428,FUN_001c9c10,todo,
0x1ca1fc,912,FUN_001ca1fc,todo,
0x1ca648,152,FUN_001ca648,todo,
0x1ca6e8,388,FUN_001ca6e8,todo,
0x1ca878,664,FUN_001ca878,todo,
0x1cabd8,372,FUN_001cabd8,todo,
0x1cad5c,68,FUN_001cad5c,todo,
0x1cada4,368,FUN_001cada4,todo,
0x1caf30,64,FUN_001caf30,todo,
0x1cb0d4,16,FUN_001cb0d4,todo,
0x1cb0e4,500,FUN_001cb0e4,todo,
0x1cb2e0,80,FUN_001cb2e0,todo,
0x1cb330,316,FUN_001cb330,todo,
0x1cb474,156,FUN_001cb474,todo,
0x1cb520,532,FUN_001cb520,todo,
0x1cb754,32,FUN_001cb754,todo,
0x1cb778,52,FUN_001cb778,todo,
0x1cb7b0,452,FUN_001cb7b0,todo,
0x1cb9a0,800,FUN_001cb9a0,todo,
0x1cbce0,272,FUN_001cbce0,todo,
0x1cbdf0,224,FUN_001cbdf0,todo,
0x1cbedc,104,FUN_001cbedc,todo,
0x1cbf5c,248,FUN_001cbf5c,todo,
0x1cc058,176,FUN_001cc058,todo,
0x1cc120,1108,FUN_001cc120,todo,
0x1cc590,284,FUN_001cc590,todo,
0x1cc6b8,104,FUN_001cc6b8,todo,
0x1cc724,4,FUN_001cc724,todo,
0x1cc728,24,FUN_001cc728,todo,
0x1cc740,52,FUN_001cc740,todo,
0x1cc774,188,FUN_001cc774,todo,
0x1cc83c,28,FUN_001cc83c,todo,
0x1cc858,76,FUN_001cc858,todo,
0x1cc8b0,28,FUN_001cc8b0,todo,
0x1cc8cc,724,FUN_001cc8cc,todo,
0x1ccbfc,52,FUN_001ccbfc,todo,
0x1ccd18,584,FUN_001ccd18,todo,
0x1ccfbc,24,FUN_001ccfbc,todo,
0x1ccfd4,64,FUN_001ccfd4,todo,
0x1cd014,236,FUN_001cd014,todo,
0x1cd118,4,FUN_001cd118,todo,
0x1cd11c,44,FUN_001cd11c,todo,
0x1cd14c,348,FUN_001cd14c,todo,
0x1cd2b0,408,FUN_001cd2b0,todo,
0x1cd458,168,FUN_001cd458,todo,
0x1cd50c,284,FUN_001cd50c,todo,
0x1cd630,168,FUN_001cd630,todo,
0x1cd6e0,424,FUN_001cd6e0,todo,
0x1cd898,600,FUN_001cd898,todo,
0x1cdb0c,24,FUN_001cdb0c,todo,
0x1cdb28,292,FUN_001cdb28,todo,
0x1cdc5c,16,FUN_001cdc5c,todo,
0x1cdc78,488,FUN_001cdc78,todo,
0x1cde68,8,FUN_001cde68,todo,
0x1cde74,160,FUN_001cde74,todo,
0x1cdf24,240,FUN_001cdf24,todo,
0x1ce054,232,FUN_001ce054,todo,
0x1ce13c,144,FUN_001ce13c,todo,
0x1ce1cc,56,FUN_001ce1cc,todo,
0x1ce204,144,FUN_001ce204,todo,
0x1ce29c,292,FUN_001ce29c,todo,
0x1ce3d0,1648,FUN_001ce3d0,todo,
0x1ce6a8,292,FUN_001ce6a8,todo,
0x1ce7dc,140,FUN_001ce7dc,todo,
0x1ce868,164,FUN_001ce868,todo,
0x1ce914,612,FUN_001ce914,todo,
0x1ceb8c,144,FUN_001ceb8c,todo,
0x1cec1c,152,FUN_001cec1c,todo,
0x1cecbc,192,FUN_001cecbc,todo,
0x1ced84,1416,FUN_001ced84,todo,
0x1cf6c8,168,FUN_001cf6c8,todo,
0x1cf778,328,FUN_001cf778,todo,
0x1cf8c8,168,FUN_001cf8c8,todo,
0x1cf994,140,FUN_001cf994,todo,
0x1cfa8c,264,FUN_001cfa8c,todo,
0x1cfc08,28,FUN_001cfc08,todo,
0x1cfc30,104,FUN_001cfc30,todo,
0x1cfc98,84,FUN_001cfc98,todo,
0x1cfd10,68,FUN_001cfd10,todo,
0x1cfd5c,56,FUN_001cfd5c,todo,
0x1cfd9c,64,FUN_001cfd9c,todo,
0x1cfde4,48,FUN_001cfde4,todo,
0x1cfe18,56,FUN_001cfe18,todo,
0x1cfe50,12,FUN_001cfe50,todo,
0x1cfe5c,700,FUN_001cfe5c,todo,
0x1d0118,64,FUN_001d0118,todo,
0x1d0190,408,FUN_001d0190,todo,
0x1d0338,152,FUN_001d0338,todo,
0x1d03d4,732,FUN_001d03d4,todo,
0x1d06dc,624,FUN_001d06dc,todo,
0x1d0998,72,FUN_001d0998,todo,
0x1d09e8,40,FUN_001d09e8,todo,
0x1d0a14,604,FUN_001d0a14,todo,
0x1d0cc4,392,FUN_001d0cc4,todo,
0x1d0e50,12,FUN_001d0e50,todo,
0x1d0f30,4,FUN_001d0f30,todo,
0x1d0f34,36,FUN_001d0f34,todo,
0x1d0f5c,12,FUN_001d0f5c,todo,
0x1d10ec,560,FUN_001d10ec,todo,
0x1d1368,132,FUN_001d1368,todo,
0x1d1420,100,FUN_001d1420,todo,
0x1d148c,96,FUN_001d148c,todo,
0x1d14f0,252,FUN_001d14f0,todo,
0x1d15f0,60,FUN_001d15f0,todo,
0x1d162c,148,FUN_001d162c,todo,
0x1d16c0,92,FUN_001d16c0,todo,
0x1d171c,276,FUN_001d171c,todo,
0x1d1834,696,FUN_001d1834,todo,
0x1d1af4,360,FUN_001d1af4,todo,
0x1d1c64,224,FUN_001d1c64,todo,
0x1d1edc,144,FUN_001d1edc,todo,
0x1d1f74,12,FUN_001d1f74,todo,
0x1d1f88,388,FUN_001d1f88,todo,
0x1d2110,480,FUN_001d2110,todo,
0x1d2304,588,FUN_001d2304,todo,
0x1d25a4,252,FUN_001d25a4,todo,
0x1d26a8,236,FUN_001d26a8,todo,
0x1d279c,428,FUN_001d279c,todo,
0x1d295c,512,FUN_001d295c,todo,
0x1d2c94,216,FUN_001d2c94,todo,
0x1d2d78,160,FUN_001d2d78,todo,
0x1d2e24,12,FUN_001d2e24,todo,
0x1d2e34,20,FUN_001d2e34,todo,
0x1d2e5c,4,FUN_001d2e5c,todo,
0x1d2e60,12,FUN_001d2e60,todo,
0x1d2e70,24,FUN_001d2e70,todo,
0x1d2e9c,76,FUN_001d2e9c,todo,
0x1d2eec,68,FUN_001d2eec,todo,
0x1d2f30,76,FUN_001d2f30,todo,
0x1d2f80,132,FUN_001d2f80,todo,
0x1d3008,208,FUN_001d3008,todo,
0x1d30d8,128,FUN_001d30d8,todo,
0x1d3164,104,FUN_001d3164,todo,
0x1d325c,72,FUN_001d325c,todo,
0x1d32a4,4,thunk_FUN_002b0620,todo,
0x1d32a8,4,thunk_FUN_002b06e8,todo,
0x1d32ac,152,FUN_001d32ac,todo,
0x1d3388,712,FUN_001d3388,todo,
0x1d3678,60,FUN_001d3678,todo,
0x1d36c0,24,FUN_001d36c0,todo,
0x1d36d8,32,FUN_001d36d8,todo,
0x1d36f8,88,FUN_001d36f8,todo,
0x1d3760,968,FUN_001d3760,todo,
0x1d3b30,56,FUN_001d3b30,todo,
0x1d3b9c,40,FUN_001d3b9c,todo,
0x1d3bc8,156,FUN_001d3bc8,todo,
0x1d3c68,236,FUN_001d3c68,todo,
0x1d3d58,28,FUN_001d3d58,todo,
0x1d3d78,72,FUN_001d3d78,todo,
0x1d3e24,708,FUN_001d3e24,todo,
0x1d40e8,548,FUN_001d40e8,todo,
0x1d430c,44,FUN_001d430c,todo,
0x1d4340,152,FUN_001d4340,todo,
0x1d4494,188,FUN_001d4494,todo,
0x1d4554,152,FUN_001d4554,todo,
0x1d4710,164,FUN_001d4710,todo,
0x1d47c4,172,FUN_001d47c4,todo,
0x1d4884,72,FUN_001d4884,todo,
0x1d48fc,216,FUN_001d48fc,todo,
0x1d4a28,20,FUN_001d4a28,todo,
0x1d4a3c,20,FUN_001d4a3c,todo,
0x1d4a50,40,FUN_001d4a50,todo,
0x1d4a78,48,FUN_001d4a78,todo,
0x1d4aa8,40,FUN_001d4aa8,todo,
0x1d4ad0,104,FUN_001d4ad0,todo,
0x1d4b38,284,FUN_001d4b38,todo,
0x1d4c58,404,FUN_001d4c58,todo,
0x1d4dec,96,FUN_001d4dec,todo,
0x1d4e4c,1768,FUN_001d4e4c,todo,
0x1d5544,112,FUN_001d5544,todo,
0x1d5898,104,FUN_001d5898,todo,
0x1d5904,72,FUN_001d5904,todo,
0x1d5aac,172,FUN_001d5aac,todo,
0x1d5b78,64,FUN_001d5b78,todo,
0x1d5bd0,1196,FUN_001d5bd0,todo,
0x1d6210,284,FUN_001d6210,todo,
0x1d6334,296,FUN_001d6334,todo,
0x1d645c,408,FUN_001d645c,todo,
0x1d65f4,36,FUN_001d65f4,todo,
0x1d6618,232,FUN_001d6618,todo,
0x1d6700,124,FUN_001d6700,todo,
0x1d677c,448,FUN_001d677c,todo,
0x1d6944,24,FUN_001d6944,todo,
0x1d6964,8,FUN_001d6964,todo,
0x1d696c,388,FUN_001d696c,todo,
0x1d6b00,432,FUN_001d6b00,todo,
0x1d6cb8,232,FUN_001d6cb8,todo,
0x1d6da0,92,FUN_001d6da0,todo,
0x1d6dfc,24,FUN_001d6dfc,todo,
0x1d6e14,124,FUN_001d6e14,todo,
0x1d6e90,124,FUN_001d6e90,todo,
0x1d6f0c,16,FUN_001d6f0c,todo,
0x1d6f1c,120,FUN_001d6f1c,todo,
0x1d6f94,152,FUN_001d6f94,todo,
0x1d702c,620,FUN_001d702c,todo,
0x1d7298,8,FUN_001d7298,todo,
0x1d72a0,8,FUN_001d72a0,todo,
0x1d72a8,268,FUN_001d72a8,todo,
0x1d7564,60,FUN_001d7564,todo,
0x1d75a4,156,FUN_001d75a4,todo,
0x1d7674,32,FUN_001d7674,todo,
0x1d7694,32,FUN_001d7694,todo,
0x1d76b4,36,FUN_001d76b4,todo,
0x1d76fc,208,FUN_001d76fc,todo,
0x1d77d0,208,FUN_001d77d0,todo,
0x1d78a4,56,FUN_001d78a4,todo,
0x1d78dc,56,FUN_001d78dc,todo,
0x1d7914,36,FUN_001d7914,todo,
0x1d794c,120,FUN_001d794c,todo,
0x1d79d0,148,FUN_001d79d0,todo,
0x1d7a70,476,FUN_001d7a70,todo,
0x1d7c68,108,FUN_001d7c68,todo,
0x1d7cd8,160,FUN_001d7cd8,todo,
0x1d7d94,864,FUN_001d7d94,todo,
0x1d8148,128,FUN_001d8148,todo,
0x1d81d4,688,FUN_001d81d4,todo,
0x1d849c,404,FUN_001d849c,todo,
0x1d8644,456,FUN_001d8644,todo,
0x1d8924,248,FUN_001d8924,todo,
0x1d8b7c,108,FUN_001d8b7c,todo,
0x1d8bf4,260,FUN_001d8bf4,todo,
0x1d8d08,252,FUN_001d8d08,todo,
0x1d8e10,68,FUN_001d8e10,todo,
0x1d8e60,64,FUN_001d8e60,todo,
0x1d8eac,212,FUN_001d8eac,todo,
0x1d8f8c,996,FUN_001d8f8c,todo,
0x1d939c,400,FUN_001d939c,todo,
0x1d9568,680,FUN_001d9568,todo,
0x1d985c,468,FUN_001d985c,todo,
0x1d9a3c,40,FUN_001d9a3c,todo,
0x1d9a64,48,FUN_001d9a64,todo,
0x1d9a98,48,FUN_001d9a98,todo,
0x1d9acc,24,FUN_001d9acc,todo,
0x1d9ae4,52,FUN_001d9ae4,todo,
0x1d9b18,60,FUN_001d9b18,todo,
0x1d9b7c,8,FUN_001d9b7c,todo,
0x1d9b88,28,FUN_001d9b88,todo,
0x1d9ba4,560,FUN_001d9ba4,todo,
0x1d9e5c,344,FUN_001d9e5c,todo,
0x1d9fc0,168,FUN_001d9fc0,todo,
0x1da09c,836,FUN_001da09c,todo,
0x1da408,16,FUN_001da408,todo,
0x1da434,264,FUN_001da434,todo,
0x1da550,52,FUN_001da550,todo,
0x1da58c,140,FUN_001da58c,todo,
0x1da640,16,FUN_001da640,todo,
0x1da650,24,FUN_001da650,todo,
0x1da668,80,FUN_001da668,todo,
0x1da6bc,72,FUN_001da6bc,todo,
0x1da708,80,FUN_001da708,todo,
0x1da75c,400,FUN_001da75c,todo,
0x1da9c0,4,thunk_FUN_001a8ed0,todo,
0x1da9c8,456,FUN_001da9c8,todo,
0x1dac64,228,FUN_001dac64,todo,
0x1dae24,80,FUN_001dae24,todo,
0x1dae78,560,FUN_001dae78,todo,
0x1db298,428,FUN_001db298,todo,
0x1db454,536,FUN_001db454,todo,
0x1db720,140,FUN_001db720,todo,
0x1db7b4,128,FUN_001db7b4,todo,
0x1db840,288,FUN_001db840,todo,
0x1db970,284,FUN_001db970,todo,
0x1dba98,160,FUN_001dba98,todo,
0x1dbb40,208,FUN_001dbb40,todo,
0x1dbc18,228,FUN_001dbc18,todo,
0x1dbd0c,252,FUN_001dbd0c,todo,
0x1dbe14,76,FUN_001dbe14,todo,
0x1dbe6c,216,FUN_001dbe6c,todo,
0x1dbfb4,260,FUN_001dbfb4,todo,
0x1dc0cc,192,FUN_001dc0cc,todo,
0x1dc198,192,FUN_001dc198,todo,
0x1dc22c,176,FUN_001dc22c,todo,
0x1dc300,96,FUN_001dc300,todo,
0x1dc36c,136,FUN_001dc36c,todo,
0x1dc3f4,1280,FUN_001dc3f4,todo,
0x1dc92c,16,FUN_001dc92c,todo,
0x1dc93c,472,FUN_001dc93c,todo,
0x1dcb18,1156,FUN_001dcb18,todo,
0x1dd0bc,116,FUN_001dd0bc,todo,
0x1dd69c,740,FUN_001dd69c,todo,
0x1dd990,392,FUN_001dd990,todo,
0x1ddb18,60,FUN_001ddb18,todo,
0x1ddb54,12,FUN_001ddb54,todo,
0x1ddb60,768,FUN_001ddb60,todo,
0x1dde7c,924,FUN_001dde7c,todo,
0x1de228,184,FUN_001de228,todo,
0x1de2f0,1084,FUN_001de2f0,todo,
0x1de740,156,FUN_001de740,todo,
0x1de838,64,FUN_001de838,todo,
0x1deaac,584,FUN_001deaac,todo,
0x1ded1c,612,FUN_001ded1c,todo,
0x1def88,468,FUN_001def88,todo,
0x1df16c,1532,FUN_001df16c,todo,
0x1df810,88,FUN_001df810,todo,
0x1df878,96,FUN_001df878,todo,
0x1df8e8,596,FUN_001df8e8,todo,
0x1dfb60,392,FUN_001dfb60,todo,
0x1dfcf4,776,FUN_001dfcf4,todo,
0x1e0130,468,FUN_001e0130,todo,
0x1e0324,40,FUN_001e0324,todo,
0x1e0350,64,FUN_001e0350,todo,
0x1e039c,176,FUN_001e039c,todo,
0x1e0460,184,FUN_001e0460,todo,
0x1e0550,88,FUN_001e0550,todo,
0x1e05b8,68,FUN_001e05b8,todo,
0x1e0a00,108,FUN_001e0a00,todo,
0x1e0a80,176,FUN_001e0a80,todo,
0x1e0c50,656,FUN_001e0c50,todo,
0x1e0e3c,104,FUN_001e0e3c,todo,
0x1e0eb0,148,FUN_001e0eb0,todo,
0x1e10d8,112,FUN_001e10d8,todo,
0x1e1148,232,FUN_001e1148,todo,
0x1e1230,180,FUN_001e1230,todo,
0x1e12e4,68,FUN_001e12e4,todo,
0x1e132c,224,FUN_001e132c,todo,
0x1e1414,28,FUN_001e1414,todo,
0x1e144c,128,FUN_001e144c,todo,
0x1e14d4,136,FUN_001e14d4,todo,
0x1e155c,28,FUN_001e155c,todo,
0x1e15a8,56,FUN_001e15a8,todo,
0x1e1684,608,FUN_001e1684,todo,
0x1e18ec,308,FUN_001e18ec,todo,
0x1e1bb4,164,FUN_001e1bb4,todo,
0x1e1d58,176,FUN_001e1d58,todo,
0x1e1e10,132,FUN_001e1e10,todo,
0x1e1e9c,484,FUN_001e1e9c,todo,
0x1e210c,500,FUN_001e210c,todo,
0x1e23c4,2400,FUN_001e23c4,todo,
0x1e2d38,396,FUN_001e2d38,todo,
0x1e2dd0,184,FUN_001e2dd0,todo,
0x1e3034,12,FUN_001e3034,todo,
0x1e3040,48,FUN_001e3040,todo,
0x1e3070,328,FUN_001e3070,todo,
0x1e31ec,600,FUN_001e31ec,todo,
0x1e344c,772,FUN_001e344c,todo,
0x1e3764,416,FUN_001e3764,todo,
0x1e3918,296,FUN_001e3918,todo,
0x1e3a44,40,FUN_001e3a44,todo,
0x1e3a80,104,FUN_001e3a80,todo,
0x1e3ae8,56,FUN_001e3ae8,todo,
0x1e3b34,444,FUN_001e3b34,todo,
0x1e3cf0,580,FUN_001e3cf0,todo,
0x1e3f34,28,FUN_001e3f34,todo,
0x1e3f54,28,FUN_001e3f54,todo,
0x1e3f74,240,FUN_001e3f74,todo,
0x1e4064,28,FUN_001e4064,todo,
0x1e4084,28,FUN_001e4084,todo,
0x1e40a4,84,FUN_001e40a4,todo,
0x1e40fc,220,FUN_001e40fc,todo,
0x1e41dc,204,FUN_001e41dc,todo,
0x1e42ac,112,FUN_001e42ac,todo,
0x1e431c,396,FUN_001e431c,todo,
0x1e44ac,100,FUN_001e44ac,todo,
0x1e4514,320,FUN_001e4514,todo,
0x1e4740,252,FUN_001e4740,todo,
0x1e492c,124,FUN_001e492c,todo,
0x1e49c0,308,FUN_001e49c0,todo,
0x1e4b48,156,FUN_001e4b48,todo,
0x1e4d3c,228,FUN_001e4d3c,todo,
0x1e4e24,164,FUN_001e4e24,todo,
0x1e4ec8,264,FUN_001e4ec8,todo,
0x1e4fd4,260,FUN_001e4fd4,todo,
0x1e50e0,420,FUN_001e50e0,todo,
0x1e5314,152,FUN_001e5314,todo,
0x1e53ac,476,FUN_001e53ac,todo,
0x1e559c,1556,FUN_001e559c,todo,
0x1e5bec,468,FUN_001e5bec,todo,
0x1e5dd0,488,FUN_001e5dd0,todo,
0x1e5fcc,40,FUN_001e5fcc,todo,
0x1e5ff8,72,FUN_001e5ff8,todo,
0x1e6044,60,FUN_001e6044,todo,
0x1e6094,64,FUN_001e6094,todo,
0x1e60e8,284,FUN_001e60e8,todo,
0x1e639c,536,FUN_001e639c,todo,
0x1e6840,164,FUN_001e6840,todo,
0x1e6a44,568,FUN_001e6a44,todo,
0x1e6cb8,256,FUN_001e6cb8,todo,
0x1e6db8,96,FUN_001e6db8,todo,
0x1e6e18,640,FUN_001e6e18,todo,
0x1e7098,16,FUN_001e7098,todo,
0x1e70a8,316,FUN_001e70a8,todo,
0x1e71ec,1268,FUN_001e71ec,todo,
0x1e76f8,316,FUN_001e76f8,todo,
0x1e7834,328,FUN_001e7834,todo,
0x1e798c,388,FUN_001e798c,todo,
0x1e7b30,340,FUN_001e7b30,todo,
0x1e7c84,340,FUN_001e7c84,todo,
0x1e7e14,644,FUN_001e7e14,todo,
0x1e80a0,92,FUN_001e80a0,todo,
0x1e80fc,424,FUN_001e80fc,todo,
0x1e82bc,44,FUN_001e82bc,todo,
0x1e82e8,624,FUN_001e82e8,todo,
0x1e8574,68,FUN_001e8574,todo,
0x1e85cc,172,FUN_001e85cc,todo,
0x1e86bc,92,FUN_001e86bc,todo,
0x1e871c,48,FUN_001e871c,todo,
0x1e8764,12,FUN_001e8764,todo,
0x1e8774,132,FUN_001e8774,todo,
0x1e89bc,120,FUN_001e89bc,todo,
0x1e8a34,416,FUN_001e8a34,todo,
0x1e8bdc,108,FUN_001e8bdc,todo,
0x1e8c50,468,FUN_001e8c50,todo,
0x1e8f5c,56,FUN_001e8f5c,todo,
0x1e8f98,4,thunk_FUN_001c0a6c,todo,
0x1e8f9c,56,FUN_001e8f9c,todo,
0x1e8fdc,60,FUN_001e8fdc,todo,
0x1e9018,96,FUN_001e9018,todo,
0x1e90dc,88,FUN_001e90dc,todo,
0x1e9134,44,FUN_001e9134,todo,
0x1e9184,24,FUN_001e9184,todo,
0x1e91a0,32,FUN_001e91a0,todo,
0x1e91c0,56,FUN_001e91c0,todo,
0x1e91fc,48,FUN_001e91fc,todo,
0x1e9234,52,FUN_001e9234,todo,
0x1e926c,44,FUN_001e926c,todo,
0x1e9298,44,FUN_001e9298,todo,
0x1e92c4,32,FUN_001e92c4,todo,
0x1e92f4,84,FUN_001e92f4,todo,
0x1e9350,72,FUN_001e9350,todo,
0x1e939c,60,FUN_001e939c,todo,
0x1e93dc,236,FUN_001e93dc,todo,
0x1e94c8,188,FUN_001e94c8,todo,
0x1e9584,120,FUN_001e9584,todo,
0x1e9600,16,FUN_001e9600,todo,
0x1e961c,388,FUN_001e961c,todo,
0x1e97b0,576,FUN_001e97b0,todo,
0x1e99f8,168,FUN_001e99f8,todo,
0x1e9b7c,628,FUN_001e9b7c,todo,
0x1e9e00,200,FUN_001e9e00,todo,
0x1e9ec8,420,FUN_001e9ec8,todo,
0x1ea078,864,FUN_001ea078,todo,
0x1ea3e8,168,FUN_001ea3e8,todo,
0x1ea494,148,FUN_001ea494,todo,
0x1ea5cc,404,FUN_001ea5cc,todo,
0x1ea760,12,FUN_001ea760,todo,
0x1ea76c,52,FUN_001ea76c,todo,
0x1ea7b4,288,FUN_001ea7b4,todo,
0x1ea8e0,52,FUN_001ea8e0,todo,
0x1ea914,92,FUN_001ea914,todo,
0x1ea970,172,FUN_001ea970,todo,
0x1eaa20,776,FUN_001eaa20,todo,
0x1ead30,224,FUN_001ead30,todo,
0x1eae18,424,FUN_001eae18,todo,
0x1eafc8,376,FUN_001eafc8,todo,
0x1eb148,144,FUN_001eb148,todo,
0x1eb1dc,236,FUN_001eb1dc,todo,
0x1eb2d0,44,FUN_001eb2d0,todo,
0x1eb2fc,72,FUN_001eb2fc,todo,
0x1eb344,192,FUN_001eb344,todo,
0x1eb40c,28,FUN_001eb40c,todo,
0x1eb428,232,FUN_001eb428,todo,
0x1eb55c,224,FUN_001eb55c,todo,
0x1eb63c,188,FUN_001eb63c,todo,
0x1eb72c,164,FUN_001eb72c,todo,
0x1eb7d0,172,FUN_001eb7d0,todo,
0x1eb8a4,72,FUN_001eb8a4,todo,
0x1eb8f0,308,FUN_001eb8f0,todo,
0x1eba24,12,FUN_001eba24,todo,
0x1eba34,28,FUN_001eba34,todo,
0x1eba54,32,FUN_001eba54,todo,
0x1ebbb8,172,FUN_001ebbb8,todo,
0x1ebd08,68,FUN_001ebd08,todo,
0x1ebd50,60,FUN_001ebd50,todo,
0x1ebd90,536,FUN_001ebd90,todo,
0x1ebfc0,192,FUN_001ebfc0,todo,
0x1ec084,12,FUN_001ec084,todo,
0x1ec098,112,FUN_001ec098,todo,
0x1ec10c,128,FUN_001ec10c,todo,
0x1ec18c,12,FUN_001ec18c,todo,
0x1ec198,136,FUN_001ec198,todo,
0x1ec480,356,FUN_001ec480,todo,
0x1ec790,84,FUN_001ec790,todo,
0x1ec7e8,628,FUN_001ec7e8,todo,
0x1ecac8,304,FUN_001ecac8,todo,
0x1ecc24,72,FUN_001ecc24,todo,
0x1ecc80,120,FUN_001ecc80,todo,
0x1ecd04,36,FUN_001ecd04,todo,
0x1ecd28,28,FUN_001ecd28,todo,
0x1ecd48,16,FUN_001ecd48,todo,
0x1ecd5c,432,FUN_001ecd5c,todo,
0x1ecf78,240,FUN_001ecf78,todo,
0x1ed06c,232,FUN_001ed06c,todo,
0x1ed158,76,FUN_001ed158,todo,
0x1ed320,1000,FUN_001ed320,todo,
0x1ed728,196,FUN_001ed728,todo,
0x1ed7f4,204,FUN_001ed7f4,todo,
0x1ed8c8,32,FUN_001ed8c8,todo,
0x1ed904,60,FUN_001ed904,todo,
0x1ed940,20,FUN_001ed940,todo,
0x1ed954,92,FUN_001ed954,todo,
0x1ed9b4,92,FUN_001ed9b4,todo,
0x1edcdc,28,FUN_001edcdc,todo,
0x1edd0c,120,FUN_001edd0c,todo,
0x1eddf0,120,FUN_001eddf0,todo,
0x1ede7c,148,FUN_001ede7c,todo,
0x1edf24,52,FUN_001edf24,todo,
0x1edf58,412,FUN_001edf58,todo,
0x1ee114,72,FUN_001ee114,todo,
0x1ee168,128,FUN_001ee168,todo,
0x1ee23c,148,FUN_001ee23c,todo,
0x1ee2e4,188,FUN_001ee2e4,todo,
0x1ee3f8,72,FUN_001ee3f8,todo,
0x1ee440,68,FUN_001ee440,todo,
0x1ee488,104,FUN_001ee488,todo,
0x1ee508,12,FUN_001ee508,todo,
0x1ee514,112,FUN_001ee514,todo,
0x1ee5b8,720,FUN_001ee5b8,todo,
0x1ee888,36,FUN_001ee888,todo,
0x1ee8ac,336,FUN_001ee8ac,todo,
0x1ee9fc,1484,FUN_001ee9fc,todo,
0x1eefd0,152,FUN_001eefd0,todo,
0x1ef068,132,FUN_001ef068,todo,
0x1ef0f0,504,FUN_001ef0f0,todo,
0x1ef2ec,72,FUN_001ef2ec,todo,
0x1ef374,72,FUN_001ef374,todo,
0x1ef3c0,80,FUN_001ef3c0,todo,
0x1ef41c,76,FUN_001ef41c,todo,
0x1ef648,12,FUN_001ef648,todo,
0x1ef65c,52,FUN_001ef65c,todo,
0x1ef690,52,FUN_001ef690,todo,
0x1ef6c4,44,FUN_001ef6c4,todo,
0x1ef6f0,76,FUN_001ef6f0,todo,
0x1ef7ac,48,FUN_001ef7ac,todo,
0x1ef7dc,48,FUN_001ef7dc,todo,
0x1ef80c,48,FUN_001ef80c,todo,
0x1ef83c,232,FUN_001ef83c,todo,
0x1ef924,48,FUN_001ef924,todo,
0x1ef954,360,FUN_001ef954,todo,
0x1efac8,220,FUN_001efac8,todo,
0x1efba4,32,FUN_001efba4,todo,
0x1efbc4,136,FUN_001efbc4,todo,
0x1efc60,256,FUN_001efc60,todo,
0x1efd64,72,FUN_001efd64,todo,
0x1efdb4,28,FUN_001efdb4,todo,
0x1efdfc,44,FUN_001efdfc,todo,
0x1efe28,164,FUN_001efe28,todo,
0x1efedc,72,FUN_001efedc,todo,
0x1eff5c,328,FUN_001eff5c,todo,
0x1f00bc,240,FUN_001f00bc,todo,
0x1f01c4,212,FUN_001f01c4,todo,
0x1f0300,20,FUN_001f0300,todo,
0x1f0324,96,FUN_001f0324,todo,
0x1f03b0,28,FUN_001f03b0,todo,
0x1f03e0,104,FUN_001f03e0,todo,
0x1f0478,28,FUN_001f0478,todo,
0x1f0544,8,FUN_001f0544,todo,
0x1f0550,12,FUN_001f0550,todo,
0x1f0560,1528,FUN_001f0560,todo,
0x1f0b50,288,FUN_001f0b50,todo,
0x1f0c7c,164,FUN_001f0c7c,todo,
0x1f0d20,384,FUN_001f0d20,todo,
0x1f0fe4,656,FUN_001f0fe4,todo,
0x1f128c,408,FUN_001f128c,todo,
0x1f1428,168,FUN_001f1428,todo,
0x1f14d4,176,FUN_001f14d4,todo,
0x1f1990,488,FUN_001f1990,todo,
0x1f1b98,164,FUN_001f1b98,todo,
0x1f1c40,572,FUN_001f1c40,todo,
0x1f1e9c,152,FUN_001f1e9c,todo,
0x1f1f48,520,FUN_001f1f48,todo,
0x1f2178,248,FUN_001f2178,todo,
0x1f2308,40,FUN_001f2308,todo,
0x1f2330,1148,FUN_001f2330,todo,
0x1f2804,604,FUN_001f2804,todo,
0x1f2ac0,132,FUN_001f2ac0,todo,
0x1f2b50,88,FUN_001f2b50,todo,
0x1f2bb4,168,FUN_001f2bb4,todo,
0x1f2f14,100,FUN_001f2f14,todo,
0x1f2f84,500,FUN_001f2f84,todo,
0x1f319c,348,FUN_001f319c,todo,
0x1f330c,236,FUN_001f330c,todo,
0x1f3418,196,FUN_001f3418,todo,
0x1f34ec,236,FUN_001f34ec,todo,
0x1f35e4,196,FUN_001f35e4,todo,
0x1f3764,540,FUN_001f3764,todo,
0x1f39a0,208,FUN_001f39a0,todo,
0x1f3a88,164,FUN_001f3a88,todo,
0x1f3b34,112,FUN_001f3b34,todo,
0x1f3ba8,332,FUN_001f3ba8,todo,
0x1f3d04,460,FUN_001f3d04,todo,
0x1f3ee4,212,FUN_001f3ee4,todo,
0x1f3fc8,324,FUN_001f3fc8,todo,
0x1f4120,248,FUN_001f4120,todo,
0x1f4228,88,FUN_001f4228,todo,
0x1f4284,72,FUN_001f4284,todo,
0x1f42fc,212,FUN_001f42fc,todo,
0x1f43dc,248,FUN_001f43dc,todo,
0x1f44e0,188,FUN_001f44e0,todo,
0x1f45a0,192,FUN_001f45a0,todo,
0x1f4664,228,FUN_001f4664,todo,
0x1f474c,12,FUN_001f474c,todo,
0x1f475c,12,FUN_001f475c,todo,
0x1f476c,12,FUN_001f476c,todo,
0x1f477c,124,FUN_001f477c,todo,
0x1f4800,304,FUN_001f4800,todo,
0x1f4938,36,FUN_001f4938,todo,
0x1f495c,648,FUN_001f495c,todo,
0x1f4bf0,28,FUN_001f4bf0,todo,
0x1f4c0c,244,FUN_001f4c0c,todo,
0x1f4e70,548,FUN_001f4e70,todo,
0x1f509c,320,FUN_001f509c,todo,
0x1f51e0,696,FUN_001f51e0,todo,
0x1f5588,216,FUN_001f5588,todo,
0x1f5668,280,FUN_001f5668,todo,
0x1f5784,604,FUN_001f5784,todo,
0x1f59ec,296,FUN_001f59ec,todo,
0x1f5cbc,364,FUN_001f5cbc,todo,
0x1f5e80,64,FUN_001f5e80,todo,
0x1f5f20,340,FUN_001f5f20,todo,
0x1f6084,444,FUN_001f6084,todo,
0x1f6250,312,FUN_001f6250,todo,
0x1f6398,124,FUN_001f6398,todo,
0x1f641c,68,FUN_001f641c,todo,
0x1f6460,416,FUN_001f6460,todo,
0x1f6610,376,FUN_001f6610,todo,
0x1f6798,68,FUN_001f6798,todo,
0x1f67dc,136,FUN_001f67dc,todo,
0x1f6864,964,FUN_001f6864,todo,
0x1f6c3c,68,FUN_001f6c3c,todo,
0x1f6c80,16,FUN_001f6c80,todo,
0x1f6cac,68,FUN_001f6cac,todo,
0x1f6de0,160,FUN_001f6de0,todo,
0x1f6eb0,148,FUN_001f6eb0,todo,
0x1f6f50,160,FUN_001f6f50,todo,
0x1f6ff4,236,FUN_001f6ff4,todo,
0x1f70e8,848,FUN_001f70e8,todo,
0x1f756c,16,FUN_001f756c,todo,
0x1f761c,104,FUN_001f761c,todo,
0x1f7688,104,FUN_001f7688,todo,
0x1f76f4,180,FUN_001f76f4,todo,
0x1f77bc,280,FUN_001f77bc,todo,
0x1f78d8,40,FUN_001f78d8,todo,
0x1f7904,380,FUN_001f7904,todo,
0x1f7a90,52,FUN_001f7a90,todo,
0x1f7ac8,88,FUN_001f7ac8,todo,
0x1f7b38,64,FUN_001f7b38,todo,
0x1f7b90,12,FUN_001f7b90,todo,
0x1f7ba4,64,FUN_001f7ba4,todo,
0x1f7be8,272,FUN_001f7be8,todo,
0x1f7e2c,28,FUN_001f7e2c,todo,
0x1f7e48,12,FUN_001f7e48,todo,
0x1f7e54,12,FUN_001f7e54,todo,
0x1f7e94,1000,FUN_001f7e94,todo,
0x1f82b0,220,FUN_001f82b0,todo,
0x1f8394,724,FUN_001f8394,todo,
0x1f8900,60,FUN_001f8900,todo,
0x1f8a88,844,FUN_001f8a88,todo,
0x1f8df4,692,FUN_001f8df4,todo,
0x1f90d0,72,FUN_001f90d0,todo,
0x1f9154,100,FUN_001f9154,todo,
0x1f91ec,28,FUN_001f91ec,todo,
0x1f9234,140,FUN_001f9234,todo,
0x1f92e0,536,FUN_001f92e0,todo,
0x1f9518,124,FUN_001f9518,todo,
0x1f95a0,856,FUN_001f95a0,todo,
0x1f9904,876,FUN_001f9904,todo,
0x1f9cd0,400,FUN_001f9cd0,todo,
0x1f9e7c,152,FUN_001f9e7c,todo,
0x1f9f90,448,FUN_001f9f90,todo,
0x1fa164,140,FUN_001fa164,todo,
0x1fa1f4,708,FUN_001fa1f4,todo,
0x1fa52c,284,FUN_001fa52c,todo,
0x1fa660,360,FUN_001fa660,todo,
0x1fa7e4,212,FUN_001fa7e4,todo,
0x1fa8c4,684,FUN_001fa8c4,todo,
0x1faba0,244,FUN_001faba0,todo,
0x1fac9c,220,FUN_001fac9c,todo,
0x1fad78,852,FUN_001fad78,todo,
0x1fb0cc,136,FUN_001fb0cc,todo,
0x1fb158,36,FUN_001fb158,todo,
0x1fb17c,96,FUN_001fb17c,todo,
0x1fb1dc,40,FUN_001fb1dc,todo,
0x1fb22c,4,FUN_001fb22c,todo,
0x1fb230,28,FUN_001fb230,todo,
0x1fb250,12,FUN_001fb250,todo,
0x1fb25c,244,FUN_001fb25c,todo,
0x1fb354,20,FUN_001fb354,todo,
0x1fb368,48,FUN_001fb368,todo,
0x1fb39c,12,FUN_001fb39c,todo,
0x1fb3ac,712,FUN_001fb3ac,todo,
0x1fb674,892,FUN_001fb674,todo,
0x1fba04,616,FUN_001fba04,todo,
0x1fbc6c,44,FUN_001fbc6c,todo,
0x1fbc98,64,FUN_001fbc98,todo,
0x1fbd18,32,FUN_001fbd18,todo,
0x1fbe0c,92,FUN_001fbe0c,todo,
0x1fbe68,224,FUN_001fbe68,todo,
0x1fbf4c,356,FUN_001fbf4c,todo,
0x1fc0f4,44,FUN_001fc0f4,todo,
0x1fc120,36,FUN_001fc120,todo,
0x1fc148,972,FUN_001fc148,todo,
0x1fc524,496,FUN_001fc524,todo,
0x1fc724,440,FUN_001fc724,todo,
0x1fc8ec,360,FUN_001fc8ec,todo,
0x1fca64,52,FUN_001fca64,todo,
0x1fca98,236,FUN_001fca98,todo,
0x1fcb94,440,FUN_001fcb94,todo,
0x1fcd60,156,FUN_001fcd60,todo,
0x1fce00,80,FUN_001fce00,todo,
0x1fce80,56,FUN_001fce80,todo,
0x1fcf18,4,thunk_FUN_0019895c,todo,
0x1fcf1c,36,FUN_001fcf1c,todo,
0x1fcf40,44,FUN_001fcf40,todo,
0x1fcf6c,88,FUN_001fcf6c,todo,
0x1fcfc4,8,FUN_001fcfc4,todo,
0x1fcfd8,292,FUN_001fcfd8,todo,
0x1fd114,268,FUN_001fd114,todo,
0x1fd238,292,FUN_001fd238,todo,
0x1fd374,268,FUN_001fd374,todo,
0x1fd490,124,FUN_001fd490,todo,
0x1fd590,112,FUN_001fd590,todo,
0x1fd60c,16,FUN_001fd60c,todo,
0x1fd66c,324,FUN_001fd66c,todo,
0x1fd7c0,340,FUN_001fd7c0,todo,
0x1fd92c,192,FUN_001fd92c,todo,
0x1fda00,284,FUN_001fda00,todo,
0x1fdb30,124,FUN_001fdb30,todo,
0x1fdbbc,332,FUN_001fdbbc,todo,
0x1fddc4,312,FUN_001fddc4,todo,
0x1fdf0c,164,FUN_001fdf0c,todo,
0x1fdfbc,168,FUN_001fdfbc,todo,
0x1fe070,728,FUN_001fe070,todo,
0x1fe3b8,100,FUN_001fe3b8,todo,
0x1fe420,164,FUN_001fe420,todo,
0x1fe4d0,504,FUN_001fe4d0,todo,
0x1fe6e0,192,FUN_001fe6e0,todo,
0x1fe7f4,544,FUN_001fe7f4,todo,
0x1fea2c,188,FUN_001fea2c,todo,
0x1feaec,92,FUN_001feaec,todo,
0x1feba0,40,FUN_001feba0,todo,
0x1fec10,72,FUN_001fec10,todo,
0x1fec58,56,FUN_001fec58,todo,
0x1ff244,24,FUN_001ff244,todo,
0x1ff260,52,FUN_001ff260,todo,
0x1ff294,64,FUN_001ff294,todo,
0x1ff2e4,56,FUN_001ff2e4,todo,
0x1ff35c,52,FUN_001ff35c,todo,
0x1ff3bc,36,FUN_001ff3bc,todo,
0x1ff3e0,44,FUN_001ff3e0,todo,
0x1ff414,12,FUN_001ff414,todo,
0x1ff440,136,FUN_001ff440,todo,
0x1ff4f0,136,FUN_001ff4f0,todo,
0x1ff580,148,FUN_001ff580,todo,
0x1ff61c,400,FUN_001ff61c,todo,
0x1ff7c0,124,FUN_001ff7c0,todo,
0x1ff848,76,FUN_001ff848,todo,
0x1ff960,128,FUN_001ff960,todo,
0x1ff9ec,96,FUN_001ff9ec,todo,
0x1ffa58,152,FUN_001ffa58,todo,
0x1ffafc,356,FUN_001ffafc,todo,
0x1ffc6c,420,FUN_001ffc6c,todo,
0x1ffe1c,116,FUN_001ffe1c,todo,
0x1ffec4,288,FUN_001ffec4,todo,
0x1fffe4,724,FUN_001fffe4,todo,
0x2002d4,320,FUN_002002d4,todo,
0x200420,372,FUN_00200420,todo,
0x2005c4,164,FUN_002005c4,todo,
0x200770,548,FUN_00200770,todo,
0x2009a0,356,FUN_002009a0,todo,
0x200b18,544,FUN_00200b18,todo,
0x200d44,432,FUN_00200d44,todo,
0x200f08,124,FUN_00200f08,todo,
0x200f88,708,FUN_00200f88,todo,
0x2012c0,284,FUN_002012c0,todo,
0x2013f4,380,FUN_002013f4,todo,
0x20158c,216,FUN_0020158c,todo,
0x201670,208,FUN_00201670,todo,
0x201764,232,FUN_00201764,todo,
0x201854,24,FUN_00201854,todo,
0x20186c,24,FUN_0020186c,todo,
0x201884,40,FUN_00201884,todo,
0x2018ac,24,FUN_002018ac,todo,
0x2018c4,24,FUN_002018c4,todo,
0x2018dc,256,FUN_002018dc,todo,
0x2019e0,140,FUN_002019e0,todo,
0x201a70,68,FUN_00201a70,todo,
0x201ab4,36,FUN_00201ab4,todo,
0x201ad8,40,FUN_00201ad8,todo,
0x201b00,144,FUN_00201b00,todo,
0x201b94,36,FUN_00201b94,todo,
0x201bb8,84,FUN_00201bb8,todo,
0x201c10,212,FUN_00201c10,todo,
0x201ce4,56,FUN_00201ce4,todo,
0x201d1c,68,FUN_00201d1c,todo,
0x201da4,172,FUN_00201da4,todo,
0x20229c,228,FUN_0020229c,todo,
0x2024dc,192,FUN_002024dc,todo,
0x2025dc,48,FUN_002025dc,todo,
0x202620,4,thunk_FUN_0019895c,todo,
0x20262c,24,FUN_0020262c,todo,
0x202648,136,FUN_00202648,todo,
0x2026d0,96,FUN_002026d0,todo,
0x202738,44,FUN_00202738,todo,
0x20276c,4,thunk_FUN_00211894,todo,
0x202770,16,FUN_00202770,todo,
0x202784,12,FUN_00202784,todo,
0x2029b0,12,FUN_002029b0,todo,
0x2029bc,56,FUN_002029bc,todo,
0x2029f8,80,FUN_002029f8,todo,
0x202a7c,108,FUN_00202a7c,todo,
0x202ae8,496,FUN_00202ae8,todo,
0x202cd8,20,FUN_00202cd8,todo,
0x202cec,44,FUN_00202cec,todo,
0x202d18,516,FUN_00202d18,todo,
0x202f34,12,FUN_00202f34,todo,
0x202f48,504,FUN_00202f48,todo,
0x203140,88,FUN_00203140,todo,
0x2031c4,68,FUN_002031c4,todo,
0x203208,252,FUN_00203208,todo,
0x203350,332,FUN_00203350,todo,
0x203488,296,FUN_00203488,todo,
0x2035c0,312,FUN_002035c0,todo,
0x203708,296,FUN_00203708,todo,
0x203840,124,FUN_00203840,todo,
0x2038c4,856,FUN_002038c4,todo,
0x203c24,60,FUN_00203c24,todo,
0x203c60,60,FUN_00203c60,todo,
0x203c9c,16,FUN_00203c9c,todo,
0x203cb0,92,FUN_00203cb0,todo,
0x203d28,120,FUN_00203d28,todo,
0x203da4,48,FUN_00203da4,todo,
0x203e20,104,FUN_00203e20,todo,
0x203e88,16,FUN_00203e88,todo,
0x203eb8,512,FUN_00203eb8,todo,
0x2040b8,76,FUN_002040b8,todo,
0x204104,124,FUN_00204104,todo,
0x204178,72,FUN_00204178,todo,
0x204208,156,FUN_00204208,todo,
0x2042d0,72,FUN_002042d0,todo,
0x204318,52,FUN_00204318,todo,
0x20434c,52,FUN_0020434c,todo,
0x204380,76,FUN_00204380,todo,
0x20443c,56,FUN_0020443c,todo,
0x204474,56,FUN_00204474,todo,
0x2044ac,40,FUN_002044ac,todo,
0x2044d8,72,FUN_002044d8,todo,
0x204524,124,FUN_00204524,todo,
0x2045a8,296,FUN_002045a8,todo,
0x2046e0,344,FUN_002046e0,todo,
0x204850,16,FUN_00204850,todo,
0x204864,136,FUN_00204864,todo,
0x2049c4,72,FUN_002049c4,todo,
0x204a10,56,FUN_00204a10,todo,
0x204a4c,12,FUN_00204a4c,todo,
0x204a84,132,FUN_00204a84,todo,
0x204b0c,112,FUN_00204b0c,todo,
0x204b88,220,FUN_00204b88,todo,
0x204c78,108,FUN_00204c78,todo,
0x204d18,52,FUN_00204d18,todo,
0x204d4c,264,FUN_00204d4c,todo,
0x204e54,40,FUN_00204e54,todo,
0x204e7c,512,FUN_00204e7c,todo,
0x20508c,108,FUN_0020508c,todo,
0x20512c,36,FUN_0020512c,todo,
0x205154,296,FUN_00205154,todo,
0x20529c,20,FUN_0020529c,todo,
0x2052c4,312,FUN_002052c4,todo,
0x20540c,124,FUN_0020540c,todo,
0x205490,60,FUN_00205490,todo,
0x2054cc,16,FUN_002054cc,todo,
0x2054dc,556,FUN_002054dc,todo,
0x205714,228,FUN_00205714,todo,
0x2057f8,184,FUN_002057f8,todo,
0x2058b0,408,FUN_002058b0,todo,
0x205a4c,168,FUN_00205a4c,todo,
0x205b88,284,FUN_00205b88,todo,
0x205cb4,328,FUN_00205cb4,todo,
0x205e0c,80,FUN_00205e0c,todo,
0x205e5c,124,FUN_00205e5c,todo,
0x205ee0,128,FUN_00205ee0,todo,
0x205f60,16,FUN_00205f60,todo,
0x205f70,372,FUN_00205f70,todo,
0x2060f8,692,FUN_002060f8,todo,
0x2063c8,692,FUN_002063c8,todo,
0x206698,412,FUN_00206698,todo,
0x206840,124,FUN_00206840,todo,
0x2068c4,228,FUN_002068c4,todo,
0x2069b8,340,FUN_002069b8,todo,
0x206b1c,16,FUN_00206b1c,todo,
0x206b2c,116,FUN_00206b2c,todo,
0x206ba8,764,FUN_00206ba8,todo,
0x206ec8,628,FUN_00206ec8,todo,
0x207150,168,FUN_00207150,todo,
0x207234,180,FUN_00207234,todo,
0x2072e8,68,FUN_002072e8,todo,
0x20732c,1196,FUN_0020732c,todo,
0x2077fc,736,FUN_002077fc,todo,
0x207ae0,80,FUN_00207ae0,todo,
0x207b34,44,FUN_00207b34,todo,
0x207b64,372,FUN_00207b64,todo,
0x207ce8,400,FUN_00207ce8,todo,
0x207e8c,272,FUN_00207e8c,todo,
0x207fa8,272,FUN_00207fa8,todo,
0x2080c4,328,FUN_002080c4,todo,
0x20821c,124,FUN_0020821c,todo,
0x2082a0,980,FUN_002082a0,todo,
0x20870c,304,FUN_0020870c,todo,
0x208840,180,FUN_00208840,todo,
0x2088fc,1448,FUN_002088fc,todo,
0x208eb8,120,FUN_00208eb8,todo,
0x208fbc,324,FUN_00208fbc,todo,
0x209114,276,FUN_00209114,todo,
0x209238,308,FUN_00209238,todo,
0x20937c,308,FUN_0020937c,todo,
0x2094c0,272,FUN_002094c0,todo,
0x2095e0,272,FUN_002095e0,todo,
0x209700,300,FUN_00209700,todo,
0x20983c,288,FUN_0020983c,todo,
0x20996c,308,FUN_0020996c,todo,
0x209ab0,216,FUN_00209ab0,todo,
0x209b94,304,FUN_00209b94,todo,
0x209cd4,124,FUN_00209cd4,todo,
0x209d5c,308,FUN_00209d5c,todo,
0x209ea0,68,FUN_00209ea0,todo,
0x209eec,300,FUN_00209eec,todo,
0x20a028,312,FUN_0020a028,todo,
0x20a174,884,FUN_0020a174,todo,
0x20a4fc,952,FUN_0020a4fc,todo,
0x20a8c4,948,FUN_0020a8c4,todo,
0x20ac88,952,FUN_0020ac88,todo,
0x20b04c,952,FUN_0020b04c,todo,
0x20b420,172,FUN_0020b420,todo,
0x20b4cc,228,FUN_0020b4cc,todo,
0x20b680,44,FUN_0020b680,todo,
0x20b6ac,20,FUN_0020b6ac,todo,
0x20b6c0,56,FUN_0020b6c0,todo,
0x20b6f8,992,FUN_0020b6f8,todo,
0x20bae8,200,FUN_0020bae8,todo,
0x20bbdc,164,FUN_0020bbdc,todo,
0x20bc88,36,FUN_0020bc88,todo,
0x20bcb4,8,FUN_0020bcb4,todo,
0x20bcc0,8,FUN_0020bcc0,todo,
0x20bcc8,8,FUN_0020bcc8,todo,
0x20bcd0,28,FUN_0020bcd0,todo,
0x20bd04,8,FUN_0020bd04,todo,
0x20bd0c,8,FUN_0020bd0c,todo,
0x20bd20,76,FUN_0020bd20,todo,
0x20bd6c,184,FUN_0020bd6c,todo,
0x20be40,8,FUN_0020be40,todo,
0x20be48,8,FUN_0020be48,todo,
0x20be50,36,FUN_0020be50,todo,
0x20be78,100,FUN_0020be78,todo,
0x20befc,12,FUN_0020befc,todo,
0x20bf0c,28,FUN_0020bf0c,todo,
0x20bf28,216,FUN_0020bf28,todo,
0x20c004,160,FUN_0020c004,todo,
0x20c0a8,44,FUN_0020c0a8,todo,
0x20c104,36,FUN_0020c104,todo,
0x20c12c,456,FUN_0020c12c,todo,
0x20c2f4,72,FUN_0020c2f4,todo,
0x20c340,4,FUN_0020c340,todo,
0x20c344,96,FUN_0020c344,todo,
0x20c3a8,228,FUN_0020c3a8,todo,
0x20c3bc,44,FUN_0020c3bc,todo,
0x20c3e8,40,FUN_0020c3e8,todo,
0x20c414,48,FUN_0020c414,todo,
0x20c444,24,FUN_0020c444,todo,
0x20c460,20,FUN_0020c460,todo,
0x20c474,124,FUN_0020c474,todo,
0x20c4fc,364,FUN_0020c4fc,todo,
0x20c688,208,FUN_0020c688,todo,
0x20c76c,12,FUN_0020c76c,todo,
0x20c77c,172,FUN_0020c77c,todo,
0x20c83c,204,FUN_0020c83c,todo,
0x20c91c,28,FUN_0020c91c,todo,
0x20c9e8,152,FUN_0020c9e8,todo,
0x20ca8c,60,FUN_0020ca8c,todo,
0x20cad4,60,FUN_0020cad4,todo,
0x20cb1c,608,FUN_0020cb1c,todo,
0x20cdac,276,FUN_0020cdac,todo,
0x20ced8,12,FUN_0020ced8,todo,
0x20ceec,60,FUN_0020ceec,todo,
0x20cf1c,48,FUN_0020cf1c,todo,
0x20cf80,100,FUN_0020cf80,todo,
0x20cfe8,160,FUN_0020cfe8,todo,
0x20d08c,32,FUN_0020d08c,todo,
0x20d0b0,148,FUN_0020d0b0,todo,
0x20d144,148,FUN_0020d144,todo,
0x20d1d8,224,FUN_0020d1d8,todo,
0x20d2c4,332,FUN_0020d2c4,todo,
0x20d41c,376,FUN_0020d41c,todo,
0x20d5a0,8,FUN_0020d5a0,todo,
0x20d5a8,20,FUN_0020d5a8,todo,
0x20d5bc,88,FUN_0020d5bc,todo,
0x20d61c,88,FUN_0020d61c,todo,
0x20d67c,60,FUN_0020d67c,todo,
0x20d6bc,108,FUN_0020d6bc,todo,
0x20d734,84,FUN_0020d734,todo,
0x20d78c,32,FUN_0020d78c,todo,
0x20d7b4,40,FUN_0020d7b4,todo,
0x20d7e0,560,FUN_0020d7e0,todo,
0x20da28,52,FUN_0020da28,todo,
0x20da5c,72,FUN_0020da5c,todo,
0x20daa4,60,FUN_0020daa4,todo,
0x20dae0,48,FUN_0020dae0,todo,
0x20daf0,20,FUN_0020daf0,todo,
0x20db0c,20,FUN_0020db0c,todo,
0x20db24,4,thunk_FUN_00211894,todo,
0x20db28,316,FUN_0020db28,todo,
0x20dc64,84,FUN_0020dc64,todo,
0x20dcb8,208,FUN_0020dcb8,todo,
0x20dd88,120,FUN_0020dd88,todo,
0x20de00,212,FUN_0020de00,todo,
0x20ded4,388,FUN_0020ded4,todo,
0x20e05c,212,FUN_0020e05c,todo,
0x20e130,120,FUN_0020e130,todo,
0x20e1a8,212,FUN_0020e1a8,todo,
0x20e27c,120,FUN_0020e27c,todo,
0x20e2f4,212,FUN_0020e2f4,todo,
0x20e3c8,84,FUN_0020e3c8,todo,
0x20e41c,12,FUN_0020e41c,todo,
0x20e428,176,FUN_0020e428,todo,
0x20e4d8,16,FUN_0020e4d8,todo,
0x20e4e8,12,FUN_0020e4e8,todo,
0x20e4f4,48,FUN_0020e4f4,todo,
0x20e524,216,FUN_0020e524,todo,
0x20e5fc,88,FUN_0020e5fc,todo,
0x20e654,12,FUN_0020e654,todo,
0x20e664,76,FUN_0020e664,todo,
0x20e6b0,112,FUN_0020e6b0,todo,
0x20e724,212,FUN_0020e724,todo,
0x20e7fc,68,FUN_0020e7fc,todo,
0x20e844,72,FUN_0020e844,todo,
0x20e8c0,36,FUN_0020e8c0,todo,
0x20e8e8,140,FUN_0020e8e8,todo,
0x20e974,124,FUN_0020e974,todo,
0x20e9f4,32,FUN_0020e9f4,todo,
0x20ea14,108,FUN_0020ea14,todo,
0x20ea98,72,FUN_0020ea98,todo,
0x20eae0,116,FUN_0020eae0,todo,
0x20eb6c,56,FUN_0020eb6c,todo,
0x20eba8,24,FUN_0020eba8,todo,
0x20ebc4,16,FUN_0020ebc4,todo,
0x20ebd4,1236,FUN_0020ebd4,todo,
0x20f15c,572,FUN_0020f15c,todo,
0x20f3a0,156,FUN_0020f3a0,todo,
0x20f454,304,FUN_0020f454,todo,
0x20f594,136,FUN_0020f594,todo,
0x20f61c,352,FUN_0020f61c,todo,
0x20f7cc,20,FUN_0020f7cc,todo,
0x20f7f4,28,FUN_0020f7f4,todo,
0x20f810,804,FUN_0020f810,todo,
0x20fb40,112,FUN_0020fb40,todo,
0x20fbb0,120,FUN_0020fbb0,todo,
0x20fc28,84,FUN_0020fc28,todo,
0x20fc90,124,FUN_0020fc90,todo,
0x20fd20,500,FUN_0020fd20,todo,
0x20ff18,324,FUN_0020ff18,todo,
0x210060,716,FUN_00210060,todo,
0x210334,16,FUN_00210334,todo,
0x210344,348,FUN_00210344,todo,
0x2104b0,112,FUN_002104b0,todo,
0x210520,80,FUN_00210520,todo,
0x210570,272,FUN_00210570,todo,
0x210680,280,FUN_00210680,todo,
0x210798,48,FUN_00210798,todo,
0x2107c8,16,FUN_002107c8,todo,
0x2107d8,108,FUN_002107d8,todo,
0x2108c0,104,FUN_002108c0,todo,
0x210930,20,FUN_00210930,todo,
0x210948,24,FUN_00210948,todo,
0x21096c,16,FUN_0021096c,todo,
0x210984,20,FUN_00210984,todo,
0x210998,124,FUN_00210998,todo,
0x210a14,76,FUN_00210a14,todo,
0x210a64,64,FUN_00210a64,todo,
0x210aa4,88,FUN_00210aa4,todo,
0x210b00,88,FUN_00210b00,todo,
0x210b5c,8,FUN_00210b5c,todo,
0x210b64,92,FUN_00210b64,todo,
0x210bc4,76,FUN_00210bc4,todo,
0x210c18,40,FUN_00210c18,todo,
0x210c44,100,FUN_00210c44,todo,
0x210ca8,12,FUN_00210ca8,todo,
0x210d04,108,FUN_00210d04,todo,
0x210d70,8,FUN_00210d70,todo,
0x210d78,116,FUN_00210d78,todo,
0x210dec,172,FUN_00210dec,todo,
0x210e98,84,FUN_00210e98,todo,
0x210ef0,96,FUN_00210ef0,todo,
0x210f80,16,FUN_00210f80,todo,
0x210f94,52,FUN_00210f94,todo,
0x210fdc,16,FUN_00210fdc,todo,
0x210ff0,68,FUN_00210ff0,todo,
0x211044,536,FUN_00211044,todo,
0x211270,128,FUN_00211270,todo,
0x2112f8,8,FUN_002112f8,todo,
0x211314,440,FUN_00211314,todo,
0x21164c,196,FUN_0021164c,todo,
0x211728,332,FUN_00211728,todo,
0x211880,12,FUN_00211880,todo,
0x211890,4,FUN_00211890,todo,
0x211894,4,FUN_00211894,todo,
0x211898,324,FUN_00211898,todo,
0x2119f0,128,FUN_002119f0,todo,
0x211a74,280,FUN_00211a74,todo,
0x211b98,1100,FUN_00211b98,todo,
0x211ffc,516,FUN_00211ffc,todo,
0x2122e8,104,FUN_002122e8,todo,
0x21235c,84,FUN_0021235c,todo,
0x212408,100,FUN_00212408,todo,
0x21246c,152,FUN_0021246c,todo,
0x212504,64,FUN_00212504,todo,
0x212548,140,FUN_00212548,todo,
0x2125d4,24,FUN_002125d4,todo,
0x2125ec,24,FUN_002125ec,todo,
0x212604,124,FUN_00212604,todo,
0x212680,72,FUN_00212680,todo,
0x2126c8,116,FUN_002126c8,todo,
0x212744,216,FUN_00212744,todo,
0x212858,40,FUN_00212858,todo,
0x212884,536,FUN_00212884,todo,
0x212aa4,20,FUN_00212aa4,todo,
0x212abc,292,FUN_00212abc,todo,
0x212be8,748,FUN_00212be8,todo,
0x212c84,164,FUN_00212c84,todo,
0x212d34,728,FUN_00212d34,todo,
0x213014,444,FUN_00213014,todo,
0x2131d8,80,FUN_002131d8,todo,
0x213230,140,FUN_00213230,todo,
0x2132c0,56,FUN_002132c0,todo,
0x213344,80,FUN_00213344,todo,
0x21361c,428,FUN_0021361c,todo,
0x2137d8,600,FUN_002137d8,todo,
0x213a4c,116,FUN_00213a4c,todo,
0x213acc,536,FUN_00213acc,todo,
0x213d00,144,FUN_00213d00,todo,
0x213da0,480,FUN_00213da0,todo,
0x213fa0,576,FUN_00213fa0,todo,
0x214204,528,FUN_00214204,todo,
0x214430,460,FUN_00214430,todo,
0x21461c,248,FUN_0021461c,todo,
0x21472c,128,FUN_0021472c,todo,
0x2147b8,312,FUN_002147b8,todo,
0x214904,48,FUN_00214904,todo,
0x214938,168,FUN_00214938,todo,
0x2149f8,72,FUN_002149f8,todo,
0x214a40,324,FUN_00214a40,todo,
0x214b9c,836,FUN_00214b9c,todo,
0x214f30,96,FUN_00214f30,todo,
0x214f94,1068,FUN_00214f94,todo,
0x215414,276,FUN_00215414,todo,
0x215534,312,FUN_00215534,todo,
0x215674,68,FUN_00215674,todo,
0x2156bc,976,FUN_002156bc,todo,
0x215af0,868,FUN_00215af0,todo,
0x215eb8,16,FUN_00215eb8,todo,
0x215ecc,28,FUN_00215ecc,todo,
0x215f70,556,FUN_00215f70,todo,
0x2161a8,1444,FUN_002161a8,todo,
0x216768,28,FUN_00216768,todo,
0x216788,340,FUN_00216788,todo,
0x2167bc,12,FUN_002167bc,todo,
0x2167cc,28,FUN_002167cc,todo,
0x2167ec,32,FUN_002167ec,todo,
0x216810,196,FUN_00216810,todo,
0x21683c,340,FUN_0021683c,todo,
0x216994,16,FUN_00216994,todo,
0x2169a8,152,FUN_002169a8,todo,
0x216a44,20,FUN_00216a44,todo,
0x216a5c,16,FUN_00216a5c,todo,
0x216a70,340,FUN_00216a70,todo,
0x216bc8,56,FUN_00216bc8,todo,
0x216c04,12,FUN_00216c04,todo,
0x216c14,12,FUN_00216c14,todo,
0x216c24,320,FUN_00216c24,todo,
0x216d88,216,FUN_00216d88,todo,
0x216e78,200,FUN_00216e78,todo,
0x217004,288,FUN_00217004,todo,
0x217128,12,FUN_00217128,todo,
0x217134,36,FUN_00217134,todo,
0x217158,316,FUN_00217158,todo,
0x21729c,44,FUN_0021729c,todo,
0x2172c8,84,FUN_002172c8,todo,
0x2174c8,396,FUN_002174c8,todo,
0x217654,40,FUN_00217654,todo,
0x21767c,32,FUN_0021767c,todo,
0x2176a0,384,FUN_002176a0,todo,
0x21777c,248,FUN_0021777c,todo,
0x217878,488,FUN_00217878,todo,
0x217a64,16,FUN_00217a64,todo,
0x217a78,168,FUN_00217a78,todo,
0x217b40,136,FUN_00217b40,todo,
0x217bd0,1036,FUN_00217bd0,todo,
0x217ff0,56,FUN_00217ff0,todo,
0x218028,44,FUN_00218028,todo,
0x218058,4,thunk_FUN_0020d5a0,todo,
0x21805c,200,FUN_0021805c,todo,
0x21812c,304,FUN_0021812c,todo,
0x218270,92,FUN_00218270,todo,
0x2182cc,300,FUN_002182cc,todo,
0x218400,1196,FUN_00218400,todo,
0x2188dc,44,FUN_002188dc,todo,
0x21890c,1116,FUN_0021890c,todo,
0x218df8,208,FUN_00218df8,todo,
0x218ed0,12,FUN_00218ed0,todo,
0x218edc,16,FUN_00218edc,todo,
0x218eec,68,FUN_00218eec,todo,
0x218f3c,12,FUN_00218f3c,todo,
0x218f48,8,FUN_00218f48,todo,
0x218f50,124,FUN_00218f50,todo,
0x218fd4,92,FUN_00218fd4,todo,
0x219030,116,FUN_00219030,todo,
0x2190bc,528,FUN_002190bc,todo,
0x2192f0,16,FUN_002192f0,todo,
0x219300,16,FUN_00219300,todo,
0x219310,92,FUN_00219310,todo,
0x21936c,84,FUN_0021936c,todo,
0x2193c0,40,FUN_002193c0,todo,
0x2193e8,296,FUN_002193e8,todo,
0x219518,48,FUN_00219518,todo,
0x21969c,336,FUN_0021969c,todo,
0x2197f8,72,FUN_002197f8,todo,
0x219844,656,FUN_00219844,todo,
0x219ad8,52,FUN_00219ad8,todo,
0x219b14,44,FUN_00219b14,todo,
0x219b44,104,FUN_00219b44,todo,
0x219bb4,464,FUN_00219bb4,todo,
0x219d94,112,FUN_00219d94,todo,
0x219e0c,76,FUN_00219e0c,todo,
0x219e5c,104,FUN_00219e5c,todo,
0x219eac,168,FUN_00219eac,todo,
0x219f3c,28,FUN_00219f3c,todo,
0x219f58,32,FUN_00219f58,todo,
0x219f78,572,FUN_00219f78,todo,
0x21a1d0,112,FUN_0021a1d0,todo,
0x21a244,152,FUN_0021a244,todo,
0x21a2e4,236,FUN_0021a2e4,todo,
0x21a488,24,FUN_0021a488,todo,
0x21a4a0,160,FUN_0021a4a0,todo,
0x21a540,104,FUN_0021a540,todo,
0x21a5a8,108,FUN_0021a5a8,todo,
0x21a644,36,FUN_0021a644,todo,
0x21a66c,68,FUN_0021a66c,todo,
0x21a6b0,40,FUN_0021a6b0,todo,
0x21a6f8,28,FUN_0021a6f8,todo,
0x21a72c,20,FUN_0021a72c,todo,
0x21a75c,16,FUN_0021a75c,todo,
0x21a76c,28,FUN_0021a76c,todo,
0x21a788,40,FUN_0021a788,todo,
0x21a7d0,28,FUN_0021a7d0,todo,
0x21a804,64,FUN_0021a804,todo,
0x21a844,24,FUN_0021a844,todo,
0x21a85c,152,FUN_0021a85c,todo,
0x21a90c,20,FUN_0021a90c,todo,
0x21a934,20,FUN_0021a934,todo,
0x21a948,20,FUN_0021a948,todo,
0x21a984,60,FUN_0021a984,todo,
0x21a9cc,28,FUN_0021a9cc,todo,
0x21a9ec,660,FUN_0021a9ec,todo,
0x21ace0,100,FUN_0021ace0,todo,
0x21ad58,296,FUN_0021ad58,todo,
0x21ae90,12,FUN_0021ae90,todo,
0x21ae9c,228,FUN_0021ae9c,todo,
0x21af8c,16,FUN_0021af8c,todo,
0x21af9c,12,FUN_0021af9c,todo,
0x21afa8,92,FUN_0021afa8,todo,
0x21b004,92,FUN_0021b004,todo,
0x21b074,56,FUN_0021b074,todo,
0x21b0b4,20,FUN_0021b0b4,todo,
0x21b0c8,96,FUN_0021b0c8,todo,
0x21b128,20,FUN_0021b128,todo,
0x21b13c,16,FUN_0021b13c,todo,
0x21b14c,16,FUN_0021b14c,todo,
0x21b15c,64,FUN_0021b15c,todo,
0x21b1a0,144,FUN_0021b1a0,todo,
0x21b238,36,FUN_0021b238,todo,
0x21b260,272,FUN_0021b260,todo,
0x21b37c,760,FUN_0021b37c,todo,
0x21b798,460,FUN_0021b798,todo,
0x21b984,476,FUN_0021b984,todo,
0x21bb84,640,FUN_0021bb84,todo,
0x21c0bc,136,FUN_0021c0bc,todo,
0x21c148,108,FUN_0021c148,todo,
0x21c1cc,156,FUN_0021c1cc,todo,
0x21c270,104,FUN_0021c270,todo,
0x21c2d8,436,FUN_0021c2d8,todo,
0x21c490,96,FUN_0021c490,todo,
0x21c4f0,912,FUN_0021c4f0,todo,
0x21c884,460,FUN_0021c884,todo,
0x21ca50,644,FUN_0021ca50,todo,
0x21ccd4,48,FUN_0021ccd4,todo,
0x21cd18,8,FUN_0021cd18,todo,
0x21cd20,44,FUN_0021cd20,todo,
0x21cd78,76,FUN_0021cd78,todo,
0x21cdcc,76,FUN_0021cdcc,todo,
0x21ce1c,148,FUN_0021ce1c,todo,
0x21ce78,156,FUN_0021ce78,todo,
0x21ce9c,24,FUN_0021ce9c,todo,
0x21ceb8,24,FUN_0021ceb8,todo,
0x21ced0,212,FUN_0021ced0,todo,
0x21cfa4,24,FUN_0021cfa4,todo,
0x21cfbc,40,FUN_0021cfbc,todo,
0x21cfe4,28,FUN_0021cfe4,todo,
0x21d000,128,FUN_0021d000,todo,
0x21d084,40,FUN_0021d084,todo,
0x21d0ac,60,FUN_0021d0ac,todo,
0x21d0e8,48,FUN_0021d0e8,todo,
0x21d120,24,FUN_0021d120,todo,
0x21d138,68,FUN_0021d138,todo,
0x21d184,16,FUN_0021d184,todo,
0x21d194,108,FUN_0021d194,todo,
0x21d228,96,FUN_0021d228,todo,
0x21d28c,100,FUN_0021d28c,todo,
0x21d2f8,12,FUN_0021d2f8,todo,
0x21d304,72,FUN_0021d304,todo,
0x21d34c,108,FUN_0021d34c,todo,
0x21d3b8,116,FUN_0021d3b8,todo,
0x21d430,12,FUN_0021d430,todo,
0x21d440,16,FUN_0021d440,todo,
0x21d450,36,FUN_0021d450,todo,
0x21d478,4,thunk_FUN_0020c344,todo,
0x21d47c,84,FUN_0021d47c,todo,
0x21d4d0,180,FUN_0021d4d0,todo,
0x21d584,168,FUN_0021d584,todo,
0x21d64c,72,FUN_0021d64c,todo,
0x21d698,124,FUN_0021d698,todo,
0x21d764,88,FUN_0021d764,todo,
0x21d7c0,56,FUN_0021d7c0,todo,
0x21d7fc,140,FUN_0021d7fc,todo,
0x21d8b4,32,FUN_0021d8b4,todo,
0x21d8d4,32,FUN_0021d8d4,todo,
0x21d8f8,12,FUN_0021d8f8,todo,
0x21d904,404,FUN_0021d904,todo,
0x21da98,20,FUN_0021da98,todo,
0x21daac,12,FUN_0021daac,todo,
0x21dab8,524,FUN_0021dab8,todo,
0x21dcc4,272,FUN_0021dcc4,todo,
0x21dde4,64,FUN_0021dde4,todo,
0x21de38,292,FUN_0021de38,todo,
0x21df6c,72,FUN_0021df6c,todo,
0x21dfb4,128,FUN_0021dfb4,todo,
0x21e034,148,FUN_0021e034,todo,
0x21e0c8,24,FUN_0021e0c8,todo,
0x21e0e0,744,FUN_0021e0e0,todo,
0x21e3d0,444,FUN_0021e3d0,todo,
0x21e598,96,FUN_0021e598,todo,
0x21e61c,132,FUN_0021e61c,todo,
0x21e6a0,104,FUN_0021e6a0,todo,
0x21e708,140,FUN_0021e708,todo,
0x21e794,8,FUN_0021e794,todo,
0x21e79c,48,FUN_0021e79c,todo,
0x21e7cc,48,FUN_0021e7cc,todo,
0x21e7fc,72,FUN_0021e7fc,todo,
0x21e86c,24,FUN_0021e86c,todo,
0x21eb40,828,FUN_0021eb40,todo,
0x21eea8,52,FUN_0021eea8,todo,
0x21eedc,176,FUN_0021eedc,todo,
0x21ef9c,156,FUN_0021ef9c,todo,
0x21f0c4,12,FUN_0021f0c4,todo,
0x21f0d0,12,FUN_0021f0d0,todo,
0x21f0dc,32,FUN_0021f0dc,todo,
0x21f100,132,FUN_0021f100,todo,
0x21f184,132,FUN_0021f184,todo,
0x21f20c,804,FUN_0021f20c,todo,
0x21f538,360,FUN_0021f538,todo,
0x21f6f8,1608,FUN_0021f6f8,todo,
0x21fd58,1072,FUN_0021fd58,todo,
0x22019c,216,FUN_0022019c,todo,
0x220278,336,FUN_00220278,todo,
0x2203cc,8,FUN_002203cc,todo,
0x2203d8,388,FUN_002203d8,todo,
0x220584,812,FUN_00220584,todo,
0x220994,532,FUN_00220994,todo,
0x220c00,712,FUN_00220c00,todo,
0x220f24,512,FUN_00220f24,todo,
0x221070,144,FUN_00221070,todo,
0x221100,84,FUN_00221100,todo,
0x221154,284,FUN_00221154,todo,
0x221278,788,FUN_00221278,todo,
0x221590,432,FUN_00221590,todo,
0x221754,496,FUN_00221754,todo,
0x221948,192,FUN_00221948,todo,
0x221a18,464,FUN_00221a18,todo,
0x221c20,512,FUN_00221c20,todo,
0x221e28,36,FUN_00221e28,todo,
0x221e4c,52,FUN_00221e4c,todo,
0x221e80,144,FUN_00221e80,todo,
0x221f10,608,FUN_00221f10,todo,
0x222194,200,FUN_00222194,todo,
0x222260,180,FUN_00222260,todo,
0x222318,76,FUN_00222318,todo,
0x22236c,40,FUN_0022236c,todo,
0x222394,164,FUN_00222394,todo,
0x22243c,168,FUN_0022243c,todo,
0x2224e8,184,FUN_002224e8,todo,
0x2225c8,116,FUN_002225c8,todo,
0x22265c,24,FUN_0022265c,todo,
0x22267c,48,FUN_0022267c,todo,
0x2226ac,152,FUN_002226ac,todo,
0x222744,336,FUN_00222744,todo,
0x222894,44,FUN_00222894,todo,
0x2228c0,8,FUN_002228c0,todo,
0x2228c8,184,FUN_002228c8,todo,
0x222984,188,FUN_00222984,todo,
0x222a44,196,FUN_00222a44,todo,
0x222b0c,40,FUN_00222b0c,todo,
0x222b34,68,FUN_00222b34,todo,
0x222b78,36,FUN_00222b78,todo,
0x222ba0,72,FUN_00222ba0,todo,
0x222bf0,24,FUN_00222bf0,todo,
0x222c0c,80,FUN_00222c0c,todo,
0x222c64,600,FUN_00222c64,todo,
0x222ed0,668,FUN_00222ed0,todo,
0x222eec,36,FUN_00222eec,todo,
0x222f10,20,FUN_00222f10,todo,
0x222f24,188,FUN_00222f24,todo,
0x223008,12,FUN_00223008,todo,
0x223018,8,FUN_00223018,todo,
0x223024,112,FUN_00223024,todo,
0x223098,16,FUN_00223098,todo,
0x22332c,76,FUN_0022332c,todo,
0x22350c,48,FUN_0022350c,todo,
0x22353c,12,FUN_0022353c,todo,
0x223548,48,FUN_00223548,todo,
0x223578,460,FUN_00223578,todo,
0x223750,48,FUN_00223750,todo,
0x223780,12,FUN_00223780,todo,
0x22378c,356,FUN_0022378c,todo,
0x2238f8,252,FUN_002238f8,todo,
0x2239fc,256,FUN_002239fc,todo,
0x223b04,104,FUN_00223b04,todo,
0x223b80,292,FUN_00223b80,todo,
0x223ca8,24,FUN_00223ca8,todo,
0x223cc0,328,FUN_00223cc0,todo,
0x223d6c,88,FUN_00223d6c,todo,
0x223da4,48,FUN_00223da4,todo,
0x223de8,244,FUN_00223de8,todo,
0x223ef4,244,FUN_00223ef4,todo,
0x223ff4,64,FUN_00223ff4,todo,
0x224034,140,FUN_00224034,todo,
0x2240d0,312,FUN_002240d0,todo,
0x224224,144,FUN_00224224,todo,
0x2242b4,40,FUN_002242b4,todo,
0x2242dc,16,FUN_002242dc,todo,
0x2242ec,256,FUN_002242ec,todo,
0x224408,696,FUN_00224408,todo,
0x2246c8,252,FUN_002246c8,todo,
0x2247dc,40,FUN_002247dc,todo,
0x224804,92,FUN_00224804,todo,
0x224860,24,FUN_00224860,todo,
0x22487c,204,FUN_0022487c,todo,
0x22495c,164,FUN_0022495c,todo,
0x224a14,272,FUN_00224a14,todo,
0x224b28,64,FUN_00224b28,todo,
0x224b34,40,FUN_00224b34,todo,
0x224b44,436,FUN_00224b44,todo,
0x224cfc,8,FUN_00224cfc,todo,
0x224d08,92,FUN_00224d08,todo,
0x224d6c,20,FUN_00224d6c,todo,
0x224d80,72,FUN_00224d80,todo,
0x224dc8,68,FUN_00224dc8,todo,
0x224f40,300,FUN_00224f40,todo,
0x225098,208,FUN_00225098,todo,
0x225190,48,FUN_00225190,todo,
0x2251c4,284,FUN_002251c4,todo,
0x225304,284,FUN_00225304,todo,
0x225428,32,FUN_00225428,todo,
0x22544c,12,FUN_0022544c,todo,
0x22545c,16,FUN_0022545c,todo,
0x225468,80,FUN_00225468,todo,
0x2254c8,76,FUN_002254c8,todo,
0x2254d8,44,FUN_002254d8,todo,
0x2254f4,152,FUN_002254f4,todo,
0x225598,32,FUN_00225598,todo,
0x2255b8,60,FUN_002255b8,todo,
0x225620,76,FUN_00225620,todo,
0x225674,196,FUN_00225674,todo,
0x225744,436,FUN_00225744,todo,
0x225778,36,FUN_00225778,todo,
0x22579c,156,FUN_0022579c,todo,
0x225828,72,FUN_00225828,todo,
0x225894,356,FUN_00225894,todo,
0x225a0c,104,FUN_00225a0c,todo,
0x225a78,76,FUN_00225a78,todo,
0x225ac8,264,FUN_00225ac8,todo,
0x225bdc,124,FUN_00225bdc,todo,
0x225c5c,100,FUN_00225c5c,todo,
0x225cc4,292,FUN_00225cc4,todo,
0x225dcc,92,FUN_00225dcc,todo,
0x225e2c,68,FUN_00225e2c,todo,
0x225e74,76,FUN_00225e74,todo,
0x225ec4,76,FUN_00225ec4,todo,
0x225f18,104,FUN_00225f18,todo,
0x225f84,216,FUN_00225f84,todo,
0x226060,300,FUN_00226060,todo,
0x2260c8,92,FUN_002260c8,todo,
0x226128,320,FUN_00226128,todo,
0x226338,68,FUN_00226338,todo,
0x226380,620,FUN_00226380,todo,
0x2265f0,80,FUN_002265f0,todo,
0x226644,84,FUN_00226644,todo,
0x22669c,56,FUN_0022669c,todo,
0x22674c,40,FUN_0022674c,todo,
0x2267c0,344,FUN_002267c0,todo,
0x226920,84,FUN_00226920,todo,
0x226978,92,FUN_00226978,todo,
0x2269d8,116,FUN_002269d8,todo,
0x226a50,88,FUN_00226a50,todo,
0x226afc,416,FUN_00226afc,todo,
0x226ca4,312,FUN_00226ca4,todo,
0x226de4,292,FUN_00226de4,todo,
0x226f0c,380,FUN_00226f0c,todo,
0x2270d0,88,FUN_002270d0,todo,
0x227138,188,FUN_00227138,todo,
0x2271f4,248,FUN_002271f4,todo,
0x2272ec,92,FUN_002272ec,todo,
0x227348,100,FUN_00227348,todo,
0x2273c8,284,FUN_002273c8,todo,
0x2274f0,548,FUN_002274f0,todo,
0x227714,416,FUN_00227714,todo,
0x2278e0,64,FUN_002278e0,todo,
0x227920,308,FUN_00227920,todo,
0x227a68,12,FUN_00227a68,todo,
0x227aa8,300,FUN_00227aa8,todo,
0x227be0,108,FUN_00227be0,todo,
0x227c4c,220,FUN_00227c4c,todo,
0x227d2c,56,FUN_00227d2c,todo,
0x227d68,12,FUN_00227d68,todo,
0x227d74,684,FUN_00227d74,todo,
0x228044,108,FUN_00228044,todo,
0x2280d4,56,FUN_002280d4,todo,
0x22810c,52,FUN_0022810c,todo,
0x228314,32,FUN_00228314,todo,
0x228334,36,FUN_00228334,todo,
0x228358,316,FUN_00228358,todo,
0x228498,272,FUN_00228498,todo,
0x2285ac,28,FUN_002285ac,todo,
0x2285c8,32,FUN_002285c8,todo,
0x2285e8,480,FUN_002285e8,todo,
0x2285fc,424,FUN_002285fc,todo,
0x2287c8,72,FUN_002287c8,todo,
0x228810,36,FUN_00228810,todo,
0x228860,120,FUN_00228860,todo,
0x22888c,104,FUN_0022888c,todo,
0x2288f8,32,FUN_002288f8,todo,
0x2289ac,100,FUN_002289ac,todo,
0x228a1c,80,FUN_00228a1c,todo,
0x228aac,48,FUN_00228aac,todo,
0x228ae4,252,FUN_00228ae4,todo,
0x228bf8,108,FUN_00228bf8,todo,
0x228c6c,116,FUN_00228c6c,todo,
0x228cf4,212,FUN_00228cf4,todo,
0x228dd8,688,FUN_00228dd8,todo,
0x2290b0,304,FUN_002290b0,todo,
0x229200,96,FUN_00229200,todo,
0x229268,116,FUN_00229268,todo,
0x2292f0,208,FUN_002292f0,todo,
0x2293d8,216,FUN_002293d8,todo,
0x2294c4,108,FUN_002294c4,todo,
0x229544,24,FUN_00229544,todo,
0x22955c,24,FUN_0022955c,todo,
0x22957c,84,FUN_0022957c,todo,
0x2295d8,128,FUN_002295d8,todo,
0x22966c,108,FUN_0022966c,todo,
0x2296ec,348,FUN_002296ec,todo,
0x229860,256,FUN_00229860,todo,
0x229960,116,FUN_00229960,todo,
0x2299d8,88,FUN_002299d8,todo,
0x229a40,72,FUN_00229a40,todo,
0x229a8c,52,FUN_00229a8c,todo,
0x229ac4,40,FUN_00229ac4,todo,
0x229aec,68,FUN_00229aec,todo,
0x229b44,96,FUN_00229b44,todo,
0x229bb4,244,FUN_00229bb4,todo,
0x229cb0,40,FUN_00229cb0,todo,
0x229cd8,412,FUN_00229cd8,todo,
0x229e9c,352,FUN_00229e9c,todo,
0x22a01c,168,FUN_0022a01c,todo,
0x22a0d8,260,FUN_0022a0d8,todo,
0x22a1f0,528,FUN_0022a1f0,todo,
0x22a424,336,FUN_0022a424,todo,
0x22a590,116,FUN_0022a590,todo,
0x22a614,104,FUN_0022a614,todo,
0x22a680,4,FUN_0022a680,todo,
0x22a684,84,FUN_0022a684,todo,
0x22a6d8,56,FUN_0022a6d8,todo,
0x22a710,112,FUN_0022a710,todo,
0x22a784,76,FUN_0022a784,todo,
0x22a7d8,40,FUN_0022a7d8,todo,
0x22a800,92,FUN_0022a800,todo,
0x22a864,40,FUN_0022a864,todo,
0x22a88c,100,FUN_0022a88c,todo,
0x22a8f4,80,FUN_0022a8f4,todo,
0x22a948,64,FUN_0022a948,todo,
0x22a98c,68,FUN_0022a98c,todo,
0x22a9d0,100,FUN_0022a9d0,todo,
0x22aa38,60,FUN_0022aa38,todo,
0x22aa78,68,FUN_0022aa78,todo,
0x22aac0,116,FUN_0022aac0,todo,
0x22ab38,64,FUN_0022ab38,todo,
0x22ab7c,40,FUN_0022ab7c,todo,
0x22aba4,128,FUN_0022aba4,todo,
0x22ac34,40,FUN_0022ac34,todo,
0x22ac5c,36,FUN_0022ac5c,todo,
0x22ac84,48,FUN_0022ac84,todo,
0x22adb4,80,FUN_0022adb4,todo,
0x22ae60,48,FUN_0022ae60,todo,
0x22ae94,252,FUN_0022ae94,todo,
0x22af9c,48,FUN_0022af9c,todo,
0x22afd0,48,FUN_0022afd0,todo,
0x22b004,48,FUN_0022b004,todo,
0x22b038,60,FUN_0022b038,todo,
0x22b07c,52,FUN_0022b07c,todo,
0x22b0b4,48,FUN_0022b0b4,todo,
0x22b0e8,48,FUN_0022b0e8,todo,
0x22b11c,88,FUN_0022b11c,todo,
0x22b178,48,FUN_0022b178,todo,
0x22b1ac,48,FUN_0022b1ac,todo,
0x22b1e0,52,FUN_0022b1e0,todo,
0x22b21c,80,FUN_0022b21c,todo,
0x22b274,80,FUN_0022b274,todo,
0x22b2cc,80,FUN_0022b2cc,todo,
0x22b324,80,FUN_0022b324,todo,
0x22b37c,52,FUN_0022b37c,todo,
0x22b3b8,44,FUN_0022b3b8,todo,
0x22b3e8,52,FUN_0022b3e8,todo,
0x22b424,44,FUN_0022b424,todo,
0x22b454,52,FUN_0022b454,todo,
0x22b490,44,FUN_0022b490,todo,
0x22b4c0,44,FUN_0022b4c0,todo,
0x22b4f0,60,FUN_0022b4f0,todo,
0x22b530,52,FUN_0022b530,todo,
0x22b56c,52,FUN_0022b56c,todo,
0x22b5a8,56,FUN_0022b5a8,todo,
0x22b5e4,52,FUN_0022b5e4,todo,
0x22b620,52,FUN_0022b620,todo,
0x22b65c,52,FUN_0022b65c,todo,
0x22b698,48,FUN_0022b698,todo,
0x22b6cc,232,FUN_0022b6cc,todo,
0x22b6f4,52,FUN_0022b6f4,todo,
0x22b734,8,FUN_0022b734,todo,
0x22b73c,24,FUN_0022b73c,todo,
0x22b754,36,FUN_0022b754,todo,
0x22b780,60,FUN_0022b780,todo,
0x22b8e4,48,FUN_0022b8e4,todo,
0x22b914,44,FUN_0022b914,todo,
0x22b944,16,FUN_0022b944,todo,
0x22b954,44,FUN_0022b954,todo,
0x22b980,40,FUN_0022b980,todo,
0x22b9ac,448,FUN_0022b9ac,todo,
0x22bb6c,108,FUN_0022bb6c,todo,
0x22bbd8,136,FUN_0022bbd8,todo,
0x22bc60,104,FUN_0022bc60,todo,
0x22bcc8,48,FUN_0022bcc8,todo,
0x22bcf8,96,FUN_0022bcf8,todo,
0x22bd58,168,FUN_0022bd58,todo,
0x22be00,252,FUN_0022be00,todo,
0x22bf00,148,FUN_0022bf00,todo,
0x22bf94,108,FUN_0022bf94,todo,
0x22c000,140,FUN_0022c000,todo,
0x22c090,20,FUN_0022c090,todo,
0x22c0a8,252,FUN_0022c0a8,todo,
0x22c1a8,80,FUN_0022c1a8,todo,
0x22c1f8,172,FUN_0022c1f8,todo,
0x22c2a4,176,FUN_0022c2a4,todo,
0x22c358,144,FUN_0022c358,todo,
0x22c3e8,144,FUN_0022c3e8,todo,
0x22c478,144,FUN_0022c478,todo,
0x22c508,44,FUN_0022c508,todo,
0x22c538,32,FUN_0022c538,todo,
0x22c558,176,FUN_0022c558,todo,
0x22c608,156,FUN_0022c608,todo,
0x22c6a4,208,FUN_0022c6a4,todo,
0x22c774,300,FUN_0022c774,todo,
0x22c8a0,172,FUN_0022c8a0,todo,
0x22c950,148,FUN_0022c950,todo,
0x22c9e4,496,FUN_0022c9e4,todo,
0x22cbd4,52,FUN_0022cbd4,todo,
0x22cd30,60,FUN_0022cd30,todo,
0x22cd70,92,FUN_0022cd70,todo,
0x22cdd0,44,FUN_0022cdd0,todo,
0x22ce00,80,FUN_0022ce00,todo,
0x22ce54,72,FUN_0022ce54,todo,
0x22cea0,56,FUN_0022cea0,todo,
0x22ced8,40,FUN_0022ced8,todo,
0x22cf00,56,FUN_0022cf00,todo,
0x22cf38,72,FUN_0022cf38,todo,
0x22cf84,108,FUN_0022cf84,todo,
0x22cff4,88,FUN_0022cff4,todo,
0x22d050,52,FUN_0022d050,todo,
0x22d088,60,FUN_0022d088,todo,
0x22d0c8,60,FUN_0022d0c8,todo,
0x22d108,56,FUN_0022d108,todo,
0x22d144,56,FUN_0022d144,todo,
0x22d17c,64,FUN_0022d17c,todo,
0x22d1c0,60,FUN_0022d1c0,todo,
0x22d200,80,FUN_0022d200,todo,
0x22d254,60,FUN_0022d254,todo,
0x22d294,108,FUN_0022d294,todo,
0x22d304,60,FUN_0022d304,todo,
0x22d344,44,FUN_0022d344,todo,
0x22d374,108,FUN_0022d374,todo,
0x22d3e4,60,FUN_0022d3e4,todo,
0x22d424,52,FUN_0022d424,todo,
0x22d45c,84,FUN_0022d45c,todo,
0x22d4b4,60,FUN_0022d4b4,todo,
0x22d4f4,60,FUN_0022d4f4,todo,
0x22d534,24,FUN_0022d534,todo,
0x22d558,56,FUN_0022d558,todo,
0x22d594,92,FUN_0022d594,todo,
0x22d7b8,108,FUN_0022d7b8,todo,
0x22d828,120,FUN_0022d828,todo,
0x22d8a4,60,FUN_0022d8a4,todo,
0x22d8e4,188,FUN_0022d8e4,todo,
0x22d9a0,40,FUN_0022d9a0,todo,
0x22d9c8,268,FUN_0022d9c8,todo,
0x22dad4,56,FUN_0022dad4,todo,
0x22db10,196,FUN_0022db10,todo,
0x22dbdc,264,FUN_0022dbdc,todo,
0x22e12c,260,FUN_0022e12c,todo,
0x22e238,60,FUN_0022e238,todo,
0x22e278,92,FUN_0022e278,todo,
0x22e2d8,44,FUN_0022e2d8,todo,
0x22e308,80,FUN_0022e308,todo,
0x22e35c,72,FUN_0022e35c,todo,
0x22e3a8,56,FUN_0022e3a8,todo,
0x22e3e0,40,FUN_0022e3e0,todo,
0x22e408,56,FUN_0022e408,todo,
0x22e440,72,FUN_0022e440,todo,
0x22e48c,108,FUN_0022e48c,todo,
0x22e4fc,88,FUN_0022e4fc,todo,
0x22e558,52,FUN_0022e558,todo,
0x22e590,60,FUN_0022e590,todo,
0x22e5d0,60,FUN_0022e5d0,todo,
0x22e610,56,FUN_0022e610,todo,
0x22e64c,56,FUN_0022e64c,todo,
0x22e684,48,FUN_0022e684,todo,
0x22e6b8,64,FUN_0022e6b8,todo,
0x22e6fc,60,FUN_0022e6fc,todo,
0x22e73c,80,FUN_0022e73c,todo,
0x22e790,60,FUN_0022e790,todo,
0x22e7d0,60,FUN_0022e7d0,todo,
0x22e810,108,FUN_0022e810,todo,
0x22e880,60,FUN_0022e880,todo,
0x22e8c0,36,FUN_0022e8c0,todo,
0x22e8e4,312,FUN_0022e8e4,todo,
0x22ea34,84,FUN_0022ea34,todo,
0x22ea60,88,FUN_0022ea60,todo,
0x22ea90,128,FUN_0022ea90,todo,
0x22eb18,140,FUN_0022eb18,todo,
0x22eb70,20,FUN_0022eb70,todo,
0x22eb84,100,FUN_0022eb84,todo,
0x22ebf0,84,FUN_0022ebf0,todo,
0x22ec1c,148,FUN_0022ec1c,todo,
0x22ec7c,112,FUN_0022ec7c,todo,
0x22eccc,112,FUN_0022eccc,todo,
0x22ed48,124,FUN_0022ed48,todo,
0x22ed8c,88,FUN_0022ed8c,todo,
0x22edbc,24,FUN_0022edbc,todo,
0x22edd8,96,FUN_0022edd8,todo,
0x22ee40,284,FUN_0022ee40,todo,
0x22ee94,84,FUN_0022ee94,todo,
0x22eeec,100,FUN_0022eeec,todo,
0x22ef94,44,FUN_0022ef94,todo,
0x22eff4,88,FUN_0022eff4,todo,
0x22f050,84,FUN_0022f050,todo,
0x22f0a8,44,FUN_0022f0a8,todo,
0x22f1f4,64,FUN_0022f1f4,todo,
0x22f268,52,FUN_0022f268,todo,
0x22f490,80,FUN_0022f490,todo,
0x22f4e8,128,FUN_0022f4e8,todo,
0x22f578,428,FUN_0022f578,todo,
0x22f738,64,FUN_0022f738,todo,
0x22f784,188,FUN_0022f784,todo,
0x22f840,408,FUN_0022f840,todo,
0x22f9e4,192,FUN_0022f9e4,todo,
0x22fab0,112,FUN_0022fab0,todo,
0x22fb30,128,FUN_0022fb30,todo,
0x22fbc0,48,FUN_0022fbc0,todo,
0x22fbf8,56,FUN_0022fbf8,todo,
0x22fc3c,92,FUN_0022fc3c,todo,
0x22fca4,68,FUN_0022fca4,todo,
0x22fcf0,28,FUN_0022fcf0,todo,
0x22fd0c,220,FUN_0022fd0c,todo,
0x22fdfc,1300,FUN_0022fdfc,todo,
0x23032c,16,FUN_0023032c,todo,
0x230340,292,FUN_00230340,todo,
0x2304b8,248,FUN_002304b8,todo,
0x2305c8,196,FUN_002305c8,todo,
0x23068c,4,FUN_0023068c,todo,
0x230690,96,FUN_00230690,todo,
0x2306d8,76,FUN_002306d8,todo,
0x230780,116,FUN_00230780,todo,
0x230854,68,FUN_00230854,todo,
0x230898,464,FUN_00230898,todo,
0x230a70,204,FUN_00230a70,todo,
0x230b44,152,FUN_00230b44,todo,
0x230bdc,352,FUN_00230bdc,todo,
0x230e24,40,FUN_00230e24,todo,
0x230e50,12,FUN_00230e50,todo,
0x230e60,28,FUN_00230e60,todo,
0x230e80,52,FUN_00230e80,todo,
0x230eb8,192,FUN_00230eb8,todo,
0x230f80,32,FUN_00230f80,todo,
0x230fa4,12,FUN_00230fa4,todo,
0x230fb4,16,FUN_00230fb4,todo,
0x230fc8,308,FUN_00230fc8,todo,
0x231108,428,FUN_00231108,todo,
0x2312c0,28,FUN_002312c0,todo,
0x2312e0,52,FUN_002312e0,todo,
0x231314,72,FUN_00231314,todo,
0x231360,280,FUN_00231360,todo,
0x231484,100,FUN_00231484,todo,
0x2314e8,380,FUN_002314e8,todo,
0x231700,264,FUN_00231700,todo,
0x231808,116,FUN_00231808,todo,
0x231884,304,FUN_00231884,todo,
0x2319c8,156,FUN_002319c8,todo,
0x231a68,156,FUN_00231a68,todo,
0x231b0c,220,FUN_00231b0c,todo,
0x231bec,352,FUN_00231bec,todo,
0x231d58,52,FUN_00231d58,todo,
0x231d8c,244,FUN_00231d8c,todo,
0x231e8c,12,FUN_00231e8c,todo,
0x231e9c,244,FUN_00231e9c,todo,
0x231f9c,192,FUN_00231f9c,todo,
0x2320d4,148,FUN_002320d4,todo,
0x23216c,64,FUN_0023216c,todo,
0x2321e0,24,FUN_002321e0,todo,
0x232230,148,FUN_00232230,todo,
0x2322c4,132,FUN_002322c4,todo,
0x23246c,28,FUN_0023246c,todo,
0x232488,156,FUN_00232488,todo,
0x23252c,136,FUN_0023252c,todo,
0x2325bc,168,FUN_002325bc,todo,
0x232670,176,FUN_00232670,todo,
0x232724,72,FUN_00232724,todo,
0x232774,108,FUN_00232774,todo,
0x2327e8,156,FUN_002327e8,todo,
0x232924,88,FUN_00232924,todo,
0x232984,68,FUN_00232984,todo,
0x2329d4,44,FUN_002329d4,todo,
0x232a74,92,FUN_00232a74,todo,
0x232ad8,92,FUN_00232ad8,todo,
0x232b3c,176,FUN_00232b3c,todo,
0x232bf0,44,FUN_00232bf0,todo,
0x233054,408,FUN_00233054,todo,
0x233500,160,FUN_00233500,todo,
0x2335b8,128,FUN_002335b8,todo,
0x233640,144,FUN_00233640,todo,
0x2336d0,260,FUN_002336d0,todo,
0x2337d4,224,FUN_002337d4,todo,
0x2338b4,404,FUN_002338b4,todo,
0x233a58,208,FUN_00233a58,todo,
0x233b28,424,FUN_00233b28,todo,
0x233cfc,408,FUN_00233cfc,todo,
0x233e94,416,FUN_00233e94,todo,
0x234034,416,FUN_00234034,todo,
0x2341d4,356,FUN_002341d4,todo,
0x23434c,56,FUN_0023434c,todo,
0x234384,400,FUN_00234384,todo,
0x2343a4,188,FUN_002343a4,todo,
0x234468,32,FUN_00234468,todo,
0x234488,420,FUN_00234488,todo,
0x23462c,112,FUN_0023462c,todo,
0x2346a8,96,FUN_002346a8,todo,
0x234714,1024,FUN_00234714,todo,
0x234b34,340,FUN_00234b34,todo,
0x234c88,220,FUN_00234c88,todo,
0x234d68,1680,FUN_00234d68,todo,
0x235404,308,FUN_00235404,todo,
0x235540,340,FUN_00235540,todo,
0x235814,756,FUN_00235814,todo,
0x235b1c,1000,FUN_00235b1c,todo,
0x235f10,108,FUN_00235f10,todo,
0x235f88,1024,FUN_00235f88,todo,
0x236434,1044,FUN_00236434,todo,
0x236858,240,FUN_00236858,todo,
0x236994,52,FUN_00236994,todo,
0x2369cc,192,FUN_002369cc,todo,
0x236aa4,188,FUN_00236aa4,todo,
0x236b70,68,FUN_00236b70,todo,
0x236bbc,188,FUN_00236bbc,todo,
0x236c88,12,FUN_00236c88,todo,
0x236c94,996,FUN_00236c94,todo,
0x237084,1000,FUN_00237084,todo,
0x237478,100,FUN_00237478,todo,
0x2374e0,116,FUN_002374e0,todo,
0x237558,132,FUN_00237558,todo,
0x2375e0,64,FUN_002375e0,todo,
0x237624,40,FUN_00237624,todo,
0x23764c,132,FUN_0023764c,todo,
0x2376d4,124,FUN_002376d4,todo,
0x237754,184,FUN_00237754,todo,
0x237810,144,FUN_00237810,todo,
0x2378a4,96,FUN_002378a4,todo,
0x237908,144,FUN_00237908,todo,
0x23799c,64,FUN_0023799c,todo,
0x2379e0,68,FUN_002379e0,todo,
0x237a28,128,FUN_00237a28,todo,
0x237aac,68,FUN_00237aac,todo,
0x237af4,140,FUN_00237af4,todo,
0x237b84,56,FUN_00237b84,todo,
0x237bbc,1052,FUN_00237bbc,todo,
0x237fe4,96,FUN_00237fe4,todo,
0x238050,1024,FUN_00238050,todo,
0x23845c,96,FUN_0023845c,todo,
0x2384c8,1024,FUN_002384c8,todo,
0x2388d4,100,FUN_002388d4,todo,
0x238948,220,FUN_00238948,todo,
0x238a34,104,FUN_00238a34,todo,
0x238aa8,92,FUN_00238aa8,todo,
0x238b04,180,FUN_00238b04,todo,
0x238bec,276,FUN_00238bec,todo,
0x238d04,56,FUN_00238d04,todo,
0x238dc8,132,FUN_00238dc8,todo,
0x238e1c,164,FUN_00238e1c,todo,
0x238e74,20,FUN_00238e74,todo,
0x238e8c,152,FUN_00238e8c,todo,
0x238f34,176,FUN_00238f34,todo,
0x238f9c,140,FUN_00238f9c,todo,
0x238ff0,216,FUN_00238ff0,todo,
0x2390e8,64,FUN_002390e8,todo,
0x23912c,128,FUN_0023912c,todo,
0x2391ac,272,FUN_002391ac,todo,
0x2392cc,64,FUN_002392cc,todo,
0x239340,104,FUN_00239340,todo,
0x239380,244,FUN_00239380,todo,
0x239488,300,FUN_00239488,todo,
0x2395cc,152,FUN_002395cc,todo,
0x239670,180,FUN_00239670,todo,
0x239734,92,FUN_00239734,todo,
0x23976c,148,FUN_0023976c,todo,
0x2397c0,152,FUN_002397c0,todo,
0x2398d0,104,FUN_002398d0,todo,
0x239948,152,FUN_00239948,todo,
0x2399b8,148,FUN_002399b8,todo,
0x239a0c,128,FUN_00239a0c,todo,
0x239a9c,216,FUN_00239a9c,todo,
0x239b14,180,FUN_00239b14,todo,
0x239bdc,60,FUN_00239bdc,todo,
0x239d1c,64,FUN_00239d1c,todo,
0x239d60,80,FUN_00239d60,todo,
0x239f3c,108,FUN_00239f3c,todo,
0x239fb0,60,FUN_00239fb0,todo,
0x239ff4,172,FUN_00239ff4,todo,
0x23a0e0,76,FUN_0023a0e0,todo,
0x23a134,84,FUN_0023a134,todo,
0x23a218,124,FUN_0023a218,todo,
0x23a29c,108,FUN_0023a29c,todo,
0x23a314,104,FUN_0023a314,todo,
0x23a418,108,FUN_0023a418,todo,
0x23a5bc,140,FUN_0023a5bc,todo,
0x23a610,8,FUN_0023a610,todo,
0x23a618,96,FUN_0023a618,todo,
0x23a678,68,FUN_0023a678,todo,
0x23a6f0,100,FUN_0023a6f0,todo,
0x23a754,68,FUN_0023a754,todo,
0x23a798,264,FUN_0023a798,todo,
0x23a8ac,164,FUN_0023a8ac,todo,
0x23a980,128,FUN_0023a980,todo,
0x23aa00,184,FUN_0023aa00,todo,
0x23abdc,72,FUN_0023abdc,todo,
0x23ac28,44,FUN_0023ac28,todo,
0x23ac54,120,FUN_0023ac54,todo,
0x23acd0,44,FUN_0023acd0,todo,
0x23acfc,24,FUN_0023acfc,todo,
0x23ad18,52,FUN_0023ad18,todo,
0x23ad4c,24,FUN_0023ad4c,todo,
0x23ad64,224,FUN_0023ad64,todo,
0x23ae50,100,FUN_0023ae50,todo,
0x23aebc,144,FUN_0023aebc,todo,
0x23af4c,40,FUN_0023af4c,todo,
0x23af78,64,FUN_0023af78,todo,
0x23afbc,88,FUN_0023afbc,todo,
0x23b014,56,FUN_0023b014,todo,
0x23b06c,28,FUN_0023b06c,todo,
0x23b088,28,FUN_0023b088,todo,
0x23b0a4,28,FUN_0023b0a4,todo,
0x23b0c0,28,FUN_0023b0c0,todo,
0x23b0dc,28,FUN_0023b0dc,todo,
0x23b0f8,28,FUN_0023b0f8,todo,
0x23b114,28,FUN_0023b114,todo,
0x23b130,76,FUN_0023b130,todo,
0x23b17c,76,FUN_0023b17c,todo,
0x23b1c8,12,FUN_0023b1c8,todo,
0x23b1d4,44,FUN_0023b1d4,todo,
0x23b200,16,FUN_0023b200,todo,
0x23b210,36,FUN_0023b210,todo,
0x23b234,52,FUN_0023b234,todo,
0x23b26c,164,FUN_0023b26c,todo,
0x23b310,140,FUN_0023b310,todo,
0x23b39c,184,FUN_0023b39c,todo,
0x23b454,140,FUN_0023b454,todo,
0x23b4e8,20,FUN_0023b4e8,todo,
0x23b4fc,56,FUN_0023b4fc,todo,
0x23b534,1504,FUN_0023b534,todo,
0x23bb1c,104,FUN_0023bb1c,todo,
0x23bb88,88,FUN_0023bb88,todo,
0x23bbe0,88,FUN_0023bbe0,todo,
0x23bc38,12,FUN_0023bc38,todo,
0x23bc88,1168,FUN_0023bc88,todo,
0x23bfbc,84,FUN_0023bfbc,todo,
0x23c010,2832,FUN_0023c010,todo,
0x23cb28,232,FUN_0023cb28,todo,
0x23d020,84,FUN_0023d020,todo,
0x23d074,212,FUN_0023d074,todo,
0x23d14c,232,FUN_0023d14c,todo,
0x23d234,420,FUN_0023d234,todo,
0x23d3f4,248,FUN_0023d3f4,todo,
0x23d4ec,84,FUN_0023d4ec,todo,
0x23d540,508,FUN_0023d540,todo,
0x23da90,168,FUN_0023da90,todo,
0x23db3c,292,FUN_0023db3c,todo,
0x23dc68,412,FUN_0023dc68,todo,
0x23de18,60,FUN_0023de18,todo,
0x23de5c,1376,FUN_0023de5c,todo,
0x23e3cc,252,FUN_0023e3cc,todo,
0x23e4c8,1152,FUN_0023e4c8,todo,
0x23e958,252,FUN_0023e958,todo,
0x23ea54,56,FUN_0023ea54,todo,
0x23ea8c,7412,FUN_0023ea8c,todo,
0x240a34,720,FUN_00240a34,todo,
0x240dd4,516,FUN_00240dd4,todo,
0x240fe8,1108,FUN_00240fe8,todo,
0x241450,324,FUN_00241450,todo,
0x241598,140,FUN_00241598,todo,
0x24162c,136,FUN_0024162c,todo,
0x2416b4,212,FUN_002416b4,todo,
0x241888,144,FUN_00241888,todo,
0x241920,168,FUN_00241920,todo,
0x2419d4,56,FUN_002419d4,todo,
0x241a14,20,FUN_00241a14,todo,
0x241a2c,32,FUN_00241a2c,todo,
0x241a54,24,FUN_00241a54,todo,
0x241a70,84,FUN_00241a70,todo,
0x241ac4,196,FUN_00241ac4,todo,
0x241c64,396,FUN_00241c64,todo,
0x241df0,248,FUN_00241df0,todo,
0x241ee8,644,FUN_00241ee8,todo,
0x242188,176,FUN_00242188,todo,
0x242238,84,FUN_00242238,todo,
0x24228c,192,FUN_0024228c,todo,
0x24266c,1116,FUN_0024266c,todo,
0x242ac8,240,FUN_00242ac8,todo,
0x242bb8,1240,FUN_00242bb8,todo,
0x243090,156,FUN_00243090,todo,
0x24312c,84,FUN_0024312c,todo,
0x243180,1624,FUN_00243180,todo,
0x243804,1744,FUN_00243804,todo,
0x243ee8,240,FUN_00243ee8,todo,
0x243fd8,268,FUN_00243fd8,todo,
0x2440e4,36,FUN_002440e4,todo,
0x244108,1612,FUN_00244108,todo,
0x244784,60,FUN_00244784,todo,
0x2447c0,72,FUN_002447c0,todo,
0x244808,116,FUN_00244808,todo,
0x24487c,432,FUN_0024487c,todo,
0x244aa4,196,FUN_00244aa4,todo,
0x244b68,88,FUN_00244b68,todo,
0x244d64,140,FUN_00244d64,todo,
0x244df0,148,FUN_00244df0,todo,
0x244e84,276,FUN_00244e84,todo,
0x244f9c,200,FUN_00244f9c,todo,
0x245080,1752,FUN_00245080,todo,
0x245794,68,FUN_00245794,todo,
0x2457d8,208,FUN_002457d8,todo,
0x2458c4,164,FUN_002458c4,todo,
0x24596c,640,FUN_0024596c,todo,
0x245a80,124,FUN_00245a80,todo,
0x245afc,288,FUN_00245afc,todo,
0x245c38,1596,FUN_00245c38,todo,
0x2463e0,416,FUN_002463e0,todo,
0x246584,116,FUN_00246584,todo,
0x24660c,84,FUN_0024660c,todo,
0x246660,932,FUN_00246660,todo,
0x246a60,1764,FUN_00246a60,todo,
0x247160,1652,FUN_00247160,todo,
0x2477e4,56,FUN_002477e4,todo,
0x24781c,96,FUN_0024781c,todo,
0x24787c,332,FUN_0024787c,todo,
0x2479cc,420,FUN_002479cc,todo,
0x247b70,84,FUN_00247b70,todo,
0x247bc4,452,FUN_00247bc4,todo,
0x247d88,872,FUN_00247d88,todo,
0x2483c0,184,FUN_002483c0,todo,
0x248484,48,FUN_00248484,todo,
0x2484b8,36,FUN_002484b8,todo,
0x2484e0,292,FUN_002484e0,todo,
0x24860c,96,FUN_0024860c,todo,
0x24866c,116,FUN_0024866c,todo,
0x2486e0,324,FUN_002486e0,todo,
0x248824,28,FUN_00248824,todo,
0x248840,304,FUN_00248840,todo,
0x248970,344,FUN_00248970,todo,
0x248ac8,344,FUN_00248ac8,todo,
0x248c20,344,FUN_00248c20,todo,
0x248d78,344,FUN_00248d78,todo,
0x248ed0,28,FUN_00248ed0,todo,
0x248eec,344,FUN_00248eec,todo,
0x249044,288,FUN_00249044,todo,
0x2491a4,12,FUN_002491a4,todo,
0x2491b0,136,FUN_002491b0,todo,
0x249238,60,FUN_00249238,todo,
0x249278,324,FUN_00249278,todo,
0x2493c0,84,FUN_002493c0,todo,
0x249414,212,FUN_00249414,todo,
0x2494ec,240,FUN_002494ec,todo,
0x2495dc,248,FUN_002495dc,todo,
0x2496d4,420,FUN_002496d4,todo,
0x2498e8,508,FUN_002498e8,todo,
0x249e38,736,FUN_00249e38,todo,
0x24a118,84,FUN_0024a118,todo,
0x24a16c,1156,FUN_0024a16c,todo,
0x24a60c,752,FUN_0024a60c,todo,
0x24a90c,52,FUN_0024a90c,todo,
0x24a9f0,52,FUN_0024a9f0,todo,
0x24aa2c,144,FUN_0024aa2c,todo,
0x24aabc,96,FUN_0024aabc,todo,
0x24ab1c,604,FUN_0024ab1c,todo,
0x24ad7c,72,FUN_0024ad7c,todo,
0x24add8,72,FUN_0024add8,todo,
0x24ae20,72,FUN_0024ae20,todo,
0x24ae74,72,FUN_0024ae74,todo,
0x24af18,80,FUN_0024af18,todo,
0x24af68,176,FUN_0024af68,todo,
0x24b038,1624,FUN_0024b038,todo,
0x24b810,916,FUN_0024b810,todo,
0x24bd10,52,FUN_0024bd10,todo,
0x24bd48,3036,FUN_0024bd48,todo,
0x24ca30,72,FUN_0024ca30,todo,
0x24d260,60,FUN_0024d260,todo,
0x24d558,224,FUN_0024d558,todo,
0x24d6ac,240,FUN_0024d6ac,todo,
0x24d79c,1248,FUN_0024d79c,todo,
0x24e2b4,52,FUN_0024e2b4,todo,
0x24e2f0,540,FUN_0024e2f0,todo,
0x24e520,540,FUN_0024e520,todo,
0x24e750,56,FUN_0024e750,todo,
0x24e788,208,FUN_0024e788,todo,
0x24e858,52,FUN_0024e858,todo,
0x24e88c,88,FUN_0024e88c,todo,
0x24e8e8,304,FUN_0024e8e8,todo,
0x24ea20,532,FUN_0024ea20,todo,
0x24ec48,296,FUN_0024ec48,todo,
0x24ed7c,328,FUN_0024ed7c,todo,
0x24eed0,152,FUN_0024eed0,todo,
0x24ef6c,732,FUN_0024ef6c,todo,
0x24f25c,196,FUN_0024f25c,todo,
0x24f344,72,FUN_0024f344,todo,
0x24f6b8,96,FUN_0024f6b8,todo,
0x24f95c,168,FUN_0024f95c,todo,
0x24fa14,136,FUN_0024fa14,todo,
0x24faa0,532,FUN_0024faa0,todo,
0x24fcb8,1508,FUN_0024fcb8,todo,
0x2502c8,64,FUN_002502c8,todo,
0x2503fc,60,FUN_002503fc,todo,
0x250fe4,204,FUN_00250fe4,todo,
0x2510bc,72,FUN_002510bc,todo,
0x25130c,304,FUN_0025130c,todo,
0x25143c,1640,FUN_0025143c,todo,
0x251aa8,188,FUN_00251aa8,todo,
0x251cd0,52,FUN_00251cd0,todo,
0x252a0c,256,FUN_00252a0c,todo,
0x252b28,96,FUN_00252b28,todo,
0x252dc4,52,FUN_00252dc4,todo,
0x25367c,176,FUN_0025367c,todo,
0x25373c,228,FUN_0025373c,todo,
0x253838,96,FUN_00253838,todo,
0x2538a0,452,FUN_002538a0,todo,
0x253acc,248,FUN_00253acc,todo,
0x253bc4,644,FUN_00253bc4,todo,
0x253e60,200,FUN_00253e60,todo,
0x253f28,196,FUN_00253f28,todo,
0x253ff4,412,FUN_00253ff4,todo,
0x254430,164,FUN_00254430,todo,
0x2544d4,272,FUN_002544d4,todo,
0x2545e4,84,FUN_002545e4,todo,
0x254638,524,FUN_00254638,todo,
0x254988,820,FUN_00254988,todo,
0x254de4,164,FUN_00254de4,todo,
0x254e8c,164,FUN_00254e8c,todo,
0x254f34,104,FUN_00254f34,todo,
0x2550d4,344,FUN_002550d4,todo,
0x25522c,900,FUN_0025522c,todo,
0x2555ec,268,FUN_002555ec,todo,
0x2556f8,208,FUN_002556f8,todo,
0x2557c8,716,FUN_002557c8,todo,
0x255a98,256,FUN_00255a98,todo,
0x255b98,288,FUN_00255b98,todo,
0x255cb8,152,FUN_00255cb8,todo,
0x255d50,484,FUN_00255d50,todo,
0x255f44,24,FUN_00255f44,todo,
0x255f5c,208,FUN_00255f5c,todo,
0x25602c,48,FUN_0025602c,todo,
0x25605c,76,FUN_0025605c,todo,
0x2560ac,48,FUN_002560ac,todo,
0x2560e0,204,FUN_002560e0,todo,
0x2561ac,1180,FUN_002561ac,todo,
0x256648,1116,FUN_00256648,todo,
0x256aa4,112,FUN_00256aa4,todo,
0x256b14,52,FUN_00256b14,todo,
0x256b48,280,FUN_00256b48,todo,
0x256c68,280,FUN_00256c68,todo,
0x256d90,280,FUN_00256d90,todo,
0x256eb8,280,FUN_00256eb8,todo,
0x256fe0,196,FUN_00256fe0,todo,
0x2570a4,92,FUN_002570a4,todo,
0x257104,60,FUN_00257104,todo,
0x257144,76,FUN_00257144,todo,
0x257194,48,FUN_00257194,todo,
0x2571c8,276,FUN_002571c8,todo,
0x2572ec,280,FUN_002572ec,todo,
0x257414,604,FUN_00257414,todo,
0x257674,72,FUN_00257674,todo,
0x2576bc,44,FUN_002576bc,todo,
0x2576e8,272,FUN_002576e8,todo,
0x257800,176,FUN_00257800,todo,
0x2578b4,140,FUN_002578b4,todo,
0x257944,132,FUN_00257944,todo,
0x2579c8,428,FUN_002579c8,todo,
0x257a68,116,FUN_00257a68,todo,
0x257ae4,460,FUN_00257ae4,todo,
0x257cbc,332,FUN_00257cbc,todo,
0x257e08,740,FUN_00257e08,todo,
0x2580f8,404,FUN_002580f8,todo,
0x25816c,64,FUN_0025816c,todo,
0x258248,4,FUN_00258248,todo,
0x25824c,108,FUN_0025824c,todo,
0x258340,12,FUN_00258340,todo,
0x25834c,296,FUN_0025834c,todo,
0x258474,1008,FUN_00258474,todo,
0x258864,372,FUN_00258864,todo,
0x2589d8,4,FUN_002589d8,todo,
0x2589dc,88,FUN_002589dc,todo,
0x258a34,116,FUN_00258a34,todo,
0x258ab4,296,FUN_00258ab4,todo,
0x258bdc,368,FUN_00258bdc,todo,
0x258d58,124,FUN_00258d58,todo,
0x258dd8,480,FUN_00258dd8,todo,
0x258fbc,344,FUN_00258fbc,todo,
0x259118,468,FUN_00259118,todo,
0x2592fc,140,FUN_002592fc,todo,
0x259388,4,FUN_00259388,todo,
0x25938c,240,FUN_0025938c,todo,
0x259488,428,FUN_00259488,todo,
0x259760,168,FUN_00259760,todo,
0x259808,176,FUN_00259808,todo,
0x2598e4,40,FUN_002598e4,todo,
0x25990c,252,FUN_0025990c,todo,
0x259a08,212,FUN_00259a08,todo,
0x259adc,156,FUN_00259adc,todo,
0x259b78,96,FUN_00259b78,todo,
0x259bd8,124,FUN_00259bd8,todo,
0x259c54,44,FUN_00259c54,todo,
0x259c80,956,FUN_00259c80,todo,
0x25a120,108,FUN_0025a120,todo,
0x25a18c,312,FUN_0025a18c,todo,
0x25a2c8,136,FUN_0025a2c8,todo,
0x25a354,52,FUN_0025a354,todo,
0x25a388,132,FUN_0025a388,todo,
0x25a40c,452,FUN_0025a40c,todo,
0x25a5d0,316,FUN_0025a5d0,todo,
0x25a70c,124,FUN_0025a70c,todo,
0x25a78c,100,FUN_0025a78c,todo,
0x25a7f4,64,FUN_0025a7f4,todo,
0x25a834,88,FUN_0025a834,todo,
0x25a890,400,FUN_0025a890,todo,
0x25aa20,532,FUN_0025aa20,todo,
0x25ac70,40,FUN_0025ac70,todo,
0x25ac98,84,FUN_0025ac98,todo,
0x25acec,736,FUN_0025acec,todo,
0x25afd8,392,FUN_0025afd8,todo,
0x25b160,652,FUN_0025b160,todo,
0x25b3ec,528,FUN_0025b3ec,todo,
0x25b5fc,632,FUN_0025b5fc,todo,
0x25b874,432,FUN_0025b874,todo,
0x25baf8,416,FUN_0025baf8,todo,
0x25bc98,72,FUN_0025bc98,todo,
0x25bce0,612,FUN_0025bce0,todo,
0x25bf44,296,FUN_0025bf44,todo,
0x25c06c,772,FUN_0025c06c,todo,
0x25c370,792,FUN_0025c370,todo,
0x25c688,84,FUN_0025c688,todo,
0x25c6dc,972,FUN_0025c6dc,todo,
0x25d144,708,FUN_0025d144,todo,
0x25d408,976,FUN_0025d408,todo,
0x25db1c,1124,FUN_0025db1c,todo,
0x25df88,600,FUN_0025df88,todo,
0x25e1e0,84,FUN_0025e1e0,todo,
0x25e234,1040,FUN_0025e234,todo,
0x25e644,40,FUN_0025e644,todo,
0x25e66c,40,FUN_0025e66c,todo,
0x25e694,208,FUN_0025e694,todo,
0x25eb1c,492,FUN_0025eb1c,todo,
0x25ed0c,500,FUN_0025ed0c,todo,
0x25ef70,96,FUN_0025ef70,todo,
0x25efd0,428,FUN_0025efd0,todo,
0x25f17c,1532,FUN_0025f17c,todo,
0x25f7e4,392,FUN_0025f7e4,todo,
0x25f96c,36,FUN_0025f96c,todo,
0x25fa38,80,FUN_0025fa38,todo,
0x25fa88,1068,FUN_0025fa88,todo,
0x25fee8,760,FUN_0025fee8,todo,
0x2601e0,324,FUN_002601e0,todo,
0x260324,724,FUN_00260324,todo,
0x2605f8,356,FUN_002605f8,todo,
0x26075c,216,FUN_0026075c,todo,
0x2608e8,604,FUN_002608e8,todo,
0x260b44,332,FUN_00260b44,todo,
0x260c94,636,FUN_00260c94,todo,
0x260f2c,792,FUN_00260f2c,todo,
0x26125c,1408,FUN_0026125c,todo,
0x2617e8,728,FUN_002617e8,todo,
0x261e8c,1220,FUN_00261e8c,todo,
0x262364,412,FUN_00262364,todo,
0x262514,40,FUN_00262514,todo,
0x262544,48,FUN_00262544,todo,
0x26257c,472,FUN_0026257c,todo,
0x262784,492,FUN_00262784,todo,
0x262990,116,FUN_00262990,todo,
0x262a04,164,FUN_00262a04,todo,
0x262aa8,3212,FUN_00262aa8,todo,
0x263888,164,FUN_00263888,todo,
0x26392c,168,FUN_0026392c,todo,
0x263abc,88,FUN_00263abc,todo,
0x263b14,352,FUN_00263b14,todo,
0x263c74,96,FUN_00263c74,todo,
0x263cd4,1032,FUN_00263cd4,todo,
0x2640dc,332,FUN_002640dc,todo,
0x264228,1012,FUN_00264228,todo,
0x264674,540,FUN_00264674,todo,
0x264abc,156,FUN_00264abc,todo,
0x264b64,80,FUN_00264b64,todo,
0x264bb4,120,FUN_00264bb4,todo,
0x264c2c,204,FUN_00264c2c,todo,
0x264d0c,472,FUN_00264d0c,todo,
0x264f40,224,FUN_00264f40,todo,
0x265028,124,FUN_00265028,todo,
0x2650b0,112,FUN_002650b0,todo,
0x265120,52,FUN_00265120,todo,
0x265154,132,FUN_00265154,todo,
0x2651d8,20,FUN_002651d8,todo,
0x265200,340,FUN_00265200,todo,
0x2654e4,636,FUN_002654e4,todo,
0x265770,872,FUN_00265770,todo,
0x265af4,48,FUN_00265af4,todo,
0x265b60,348,FUN_00265b60,todo,
0x265cd4,184,FUN_00265cd4,todo,
0x265d8c,36,FUN_00265d8c,todo,
0x265db0,36,FUN_00265db0,todo,
0x265dd4,32,FUN_00265dd4,todo,
0x265df4,932,FUN_00265df4,todo,
0x2661c8,116,FUN_002661c8,todo,
0x266258,100,FUN_00266258,todo,
0x2662bc,16,FUN_002662bc,todo,
0x2662cc,196,FUN_002662cc,todo,
0x266394,252,FUN_00266394,todo,
0x2664a0,108,FUN_002664a0,todo,
0x26650c,72,FUN_0026650c,todo,
0x266554,288,FUN_00266554,todo,
0x26667c,200,FUN_0026667c,todo,
0x266764,248,FUN_00266764,todo,
0x266860,244,FUN_00266860,todo,
0x2669c0,252,FUN_002669c0,todo,
0x266ac0,248,FUN_00266ac0,todo,
0x266bbc,252,FUN_00266bbc,todo,
0x266cbc,252,FUN_00266cbc,todo,
0x266dbc,1108,FUN_00266dbc,todo,
0x267240,248,FUN_00267240,todo,
0x267338,484,FUN_00267338,todo,
0x2674e4,280,FUN_002674e4,todo,
0x267608,712,FUN_00267608,todo,
0x2678d8,392,FUN_002678d8,todo,
0x267a70,292,FUN_00267a70,todo,
0x267ba4,356,FUN_00267ba4,todo,
0x267d1c,108,FUN_00267d1c,todo,
0x267d88,1004,FUN_00267d88,todo,
0x268188,136,FUN_00268188,todo,
0x268210,20,FUN_00268210,todo,
0x268224,44,FUN_00268224,todo,
0x268250,56,FUN_00268250,todo,
0x268288,64,FUN_00268288,todo,
0x2682c8,56,FUN_002682c8,todo,
0x26831c,24,FUN_0026831c,todo,
0x268338,32,FUN_00268338,todo,
0x2685cc,12,FUN_002685cc,todo,
0x268620,32,FUN_00268620,todo,
0x268654,60,FUN_00268654,todo,
0x268690,76,FUN_00268690,todo,
0x2686dc,84,FUN_002686dc,todo,
0x268734,24,FUN_00268734,todo,
0x26874c,12,FUN_0026874c,todo,
0x26875c,640,FUN_0026875c,todo,
0x268a00,52,FUN_00268a00,todo,
0x268a3c,240,FUN_00268a3c,todo,
0x268b34,240,FUN_00268b34,todo,
0x268c24,224,FUN_00268c24,todo,
0x268db0,116,FUN_00268db0,todo,
0x268e24,72,FUN_00268e24,todo,
0x268e6c,216,FUN_00268e6c,todo,
0x268f5c,580,FUN_00268f5c,todo,
0x2691a8,208,FUN_002691a8,todo,
0x26927c,196,FUN_0026927c,todo,
0x269344,44,FUN_00269344,todo,
0x269398,316,FUN_00269398,todo,
0x2694d8,316,FUN_002694d8,todo,
0x26961c,152,FUN_0026961c,todo,
0x2696bc,104,FUN_002696bc,todo,
0x269728,92,FUN_00269728,todo,
0x269788,376,FUN_00269788,todo,
0x269a14,156,FUN_00269a14,todo,
0x269ac8,268,FUN_00269ac8,todo,
0x269c80,512,FUN_00269c80,todo,
0x269f1c,132,FUN_00269f1c,todo,
0x269fcc,172,FUN_00269fcc,todo,
0x26a08c,640,FUN_0026a08c,todo,
0x26a314,20,FUN_0026a314,todo,
0x26a328,92,FUN_0026a328,todo,
0x26a384,328,FUN_0026a384,todo,
0x26a4cc,64,FUN_0026a4cc,todo,
0x26a514,16,FUN_0026a514,todo,
0x26a524,40,FUN_0026a524,todo,
0x26a54c,144,FUN_0026a54c,todo,
0x26a5dc,56,FUN_0026a5dc,todo,
0x26a614,76,FUN_0026a614,todo,
0x26a660,64,FUN_0026a660,todo,
0x26a6a0,1684,FUN_0026a6a0,todo,
0x26ad3c,84,FUN_0026ad3c,todo,
0x26ade8,160,FUN_0026ade8,todo,
0x26ae88,44,FUN_0026ae88,todo,
0x26aeb4,128,FUN_0026aeb4,todo,
0x26af34,316,FUN_0026af34,todo,
0x26b080,120,FUN_0026b080,todo,
0x26b0f8,20,FUN_0026b0f8,todo,
0x26b10c,28,FUN_0026b10c,todo,
0x26b128,28,FUN_0026b128,todo,
0x26b144,112,FUN_0026b144,todo,
0x26b1b4,96,FUN_0026b1b4,todo,
0x26b214,156,FUN_0026b214,todo,
0x26b2b0,176,FUN_0026b2b0,todo,
0x26b370,152,FUN_0026b370,todo,
0x26b40c,96,FUN_0026b40c,todo,
0x26b46c,64,FUN_0026b46c,todo,
0x26b4ac,8,FUN_0026b4ac,todo,
0x26b4b4,48,FUN_0026b4b4,todo,
0x26b4e4,64,FUN_0026b4e4,todo,
0x26b524,52,FUN_0026b524,todo,
0x26b558,68,FUN_0026b558,todo,
0x26b59c,96,FUN_0026b59c,todo,
0x26b604,76,FUN_0026b604,todo,
0x26b6f0,8,FUN_0026b6f0,todo,
0x26b6f8,60,FUN_0026b6f8,todo,
0x26b734,44,FUN_0026b734,todo,
0x26b760,44,FUN_0026b760,todo,
0x26b78c,60,FUN_0026b78c,todo,
0x26b7c8,40,FUN_0026b7c8,todo,
0x26b7f0,152,FUN_0026b7f0,todo,
0x26b888,164,FUN_0026b888,todo,
0x26b92c,76,FUN_0026b92c,todo,
0x26b978,76,FUN_0026b978,todo,
0x26b9c4,68,FUN_0026b9c4,todo,
0x26ba08,72,FUN_0026ba08,todo,
0x26ba50,24,FUN_0026ba50,todo,
0x26ba68,320,FUN_0026ba68,todo,
0x26bbbc,24,FUN_0026bbbc,todo,
0x26bbd8,104,FUN_0026bbd8,todo,
0x26bc48,548,FUN_0026bc48,todo,
0x26be84,12,FUN_0026be84,todo,
0x26be94,104,FUN_0026be94,todo,
0x26bf00,236,FUN_0026bf00,todo,
0x26c044,352,FUN_0026c044,todo,
0x26c220,20,FUN_0026c220,todo,
0x26c234,8,FUN_0026c234,todo,
0x26c23c,148,FUN_0026c23c,todo,
0x26c2d4,88,FUN_0026c2d4,todo,
0x26c334,172,FUN_0026c334,todo,
0x26c364,40,FUN_0026c364,todo,
0x26c390,28,FUN_0026c390,todo,
0x26c3ac,140,FUN_0026c3ac,todo,
0x26c438,376,FUN_0026c438,todo,
0x26c5b0,72,FUN_0026c5b0,todo,
0x26c5f8,24,FUN_0026c5f8,todo,
0x26c610,32,FUN_0026c610,todo,
0x26c638,112,FUN_0026c638,todo,
0x26c714,496,FUN_0026c714,todo,
0x26c90c,36,FUN_0026c90c,todo,
0x26c948,140,FUN_0026c948,todo,
0x26c9d4,68,FUN_0026c9d4,todo,
0x26ca18,68,FUN_0026ca18,todo,
0x26ca98,56,FUN_0026ca98,todo,
0x26cad0,132,FUN_0026cad0,todo,
0x26cb60,92,FUN_0026cb60,todo,
0x26cbcc,64,FUN_0026cbcc,todo,
0x26cc0c,32,FUN_0026cc0c,todo,
0x26cc2c,116,FUN_0026cc2c,todo,
0x26cca0,148,FUN_0026cca0,todo,
0x26cd34,116,FUN_0026cd34,todo,
0x26ce0c,156,FUN_0026ce0c,todo,
0x26cea8,360,FUN_0026cea8,todo,
0x26d014,84,FUN_0026d014,todo,
0x26d070,120,FUN_0026d070,todo,
0x26d0e8,84,FUN_0026d0e8,todo,
0x26d140,96,FUN_0026d140,todo,
0x26d298,132,FUN_0026d298,todo,
0x26d328,268,FUN_0026d328,todo,
0x26d434,188,FUN_0026d434,todo,
0x26d4f4,12,FUN_0026d4f4,todo,
0x26d524,96,FUN_0026d524,todo,
0x26d584,56,FUN_0026d584,todo,
0x26d5c4,512,FUN_0026d5c4,todo,
0x26d7ec,192,FUN_0026d7ec,todo,
0x26d8b0,64,FUN_0026d8b0,todo,
0x26d8f4,184,FUN_0026d8f4,todo,
0x26d9b4,100,FUN_0026d9b4,todo,
0x26da18,264,FUN_0026da18,todo,
0x26db3c,56,FUN_0026db3c,todo,
0x26db74,68,FUN_0026db74,todo,
0x26dbb8,120,FUN_0026dbb8,todo,
0x26dd04,36,FUN_0026dd04,todo,
0x26dd28,36,FUN_0026dd28,todo,
0x26dd50,12,FUN_0026dd50,todo,
0x26dd60,244,FUN_0026dd60,todo,
0x26de54,20,FUN_0026de54,todo,
0x26de68,392,FUN_0026de68,todo,
0x26dff0,48,FUN_0026dff0,todo,
0x26e020,332,FUN_0026e020,todo,
0x26e178,388,FUN_0026e178,todo,
0x26e300,2380,FUN_0026e300,todo,
0x26ec50,156,FUN_0026ec50,todo,
0x26ecec,776,FUN_0026ecec,todo,
0x26effc,48,FUN_0026effc,todo,
0x26f02c,776,FUN_0026f02c,todo,
0x26f34c,268,FUN_0026f34c,todo,
0x26f458,556,FUN_0026f458,todo,
0x26f69c,184,FUN_0026f69c,todo,
0x26f770,52,FUN_0026f770,todo,
0x26f7a4,64,FUN_0026f7a4,todo,
0x26f7e4,140,FUN_0026f7e4,todo,
0x26f874,64,FUN_0026f874,todo,
0x26f8b8,340,FUN_0026f8b8,todo,
0x26fa14,92,FUN_0026fa14,todo,
0x26fa70,12,FUN_0026fa70,todo,
0x26fa7c,508,FUN_0026fa7c,todo,
0x26fc7c,12,FUN_0026fc7c,todo,
0x26fc88,76,FUN_0026fc88,todo,
0x26fcd4,92,FUN_0026fcd4,todo,
0x26fd30,12,FUN_0026fd30,todo,
0x26fd3c,44,FUN_0026fd3c,todo,
0x26fd68,12,FUN_0026fd68,todo,
0x26fd74,12,FUN_0026fd74,todo,
0x26fd80,24,FUN_0026fd80,todo,
0x26fd9c,64,FUN_0026fd9c,todo,
0x26fddc,48,FUN_0026fddc,todo,
0x26fe0c,40,FUN_0026fe0c,todo,
0x26fe34,24,FUN_0026fe34,todo,
0x26fe50,8,FUN_0026fe50,todo,
0x26fe58,16,FUN_0026fe58,todo,
0x26fe68,36,FUN_0026fe68,todo,
0x26fe8c,12,FUN_0026fe8c,todo,
0x26fe98,16,FUN_0026fe98,todo,
0x26fea8,244,FUN_0026fea8,todo,
0x26ff9c,268,FUN_0026ff9c,todo,
0x2700ac,436,FUN_002700ac,todo,
0x270268,56,FUN_00270268,todo,
0x2702b0,1056,FUN_002702b0,todo,
0x2706d8,380,FUN_002706d8,todo,
0x2708c0,160,FUN_002708c0,todo,
0x27096c,60,FUN_0027096c,todo,
0x2709b4,100,FUN_002709b4,todo,
0x270a2c,24,FUN_00270a2c,todo,
0x270a48,16,FUN_00270a48,todo,
0x270b58,32,FUN_00270b58,todo,
0x270b78,100,FUN_00270b78,todo,
0x270bf0,16,FUN_00270bf0,todo,
0x270c04,28,FUN_00270c04,todo,
0x270c24,12,FUN_00270c24,todo,
0x270c5c,88,FUN_00270c5c,todo,
0x270cb4,44,FUN_00270cb4,todo,
0x270ce0,44,FUN_00270ce0,todo,
0x270d14,284,FUN_00270d14,todo,
0x270e34,108,FUN_00270e34,todo,
0x270eb0,312,FUN_00270eb0,todo,
0x270ff8,132,FUN_00270ff8,todo,
0x27107c,176,FUN_0027107c,todo,
0x27112c,164,FUN_0027112c,todo,
0x2711d8,196,FUN_002711d8,todo,
0x271354,180,FUN_00271354,todo,
0x27140c,164,FUN_0027140c,todo,
0x2714d0,92,FUN_002714d0,todo,
0x27152c,120,FUN_0027152c,todo,
0x2715a4,100,FUN_002715a4,todo,
0x271608,84,FUN_00271608,todo,
0x27166c,88,FUN_0027166c,todo,
0x2716c4,36,FUN_002716c4,todo,
0x2716e8,220,FUN_002716e8,todo,
0x2717c8,200,FUN_002717c8,todo,
0x271890,156,FUN_00271890,todo,
0x271940,96,FUN_00271940,todo,
0x2719a0,140,FUN_002719a0,todo,
0x271a2c,132,FUN_00271a2c,todo,
0x271aec,16,FUN_00271aec,todo,
0x271afc,20,FUN_00271afc,todo,
0x271b20,36,FUN_00271b20,todo,
0x271b4c,52,FUN_00271b4c,todo,
0x2723c4,44,FUN_002723c4,todo,
0x2723f0,100,FUN_002723f0,todo,
0x272454,440,FUN_00272454,todo,
0x2726b4,80,FUN_002726b4,todo,
0x272704,88,FUN_00272704,todo,
0x27275c,76,FUN_0027275c,todo,
0x272800,72,FUN_00272800,todo,
0x272848,80,FUN_00272848,todo,
0x272898,68,FUN_00272898,todo,
0x2728dc,268,FUN_002728dc,todo,
0x2729ec,72,FUN_002729ec,todo,
0x272a34,140,FUN_00272a34,todo,
0x272ad8,392,FUN_00272ad8,todo,
0x272c60,76,FUN_00272c60,todo,
0x272cac,80,FUN_00272cac,todo,
0x272cfc,164,FUN_00272cfc,todo,
0x272da0,140,FUN_00272da0,todo,
0x272e2c,120,FUN_00272e2c,todo,
0x272eb0,88,FUN_00272eb0,todo,
0x272f0c,20,FUN_00272f0c,todo,
0x272f20,120,FUN_00272f20,todo,
0x272fa4,140,FUN_00272fa4,todo,
0x273038,404,FUN_00273038,todo,
0x2731cc,432,FUN_002731cc,todo,
0x27337c,88,FUN_0027337c,todo,
0x2733d4,228,FUN_002733d4,todo,
0x2734b8,344,FUN_002734b8,todo,
0x273614,192,FUN_00273614,todo,
0x2736d4,384,FUN_002736d4,todo,
0x273858,1284,FUN_00273858,todo,
0x273d5c,284,FUN_00273d5c,todo,
0x273e78,136,FUN_00273e78,todo,
0x273f00,308,FUN_00273f00,todo,
0x274038,512,FUN_00274038,todo,
0x274238,164,FUN_00274238,todo,
0x274444,292,FUN_00274444,todo,
0x274568,348,FUN_00274568,todo,
0x2746c4,32,FUN_002746c4,todo,
0x2746f0,208,FUN_002746f0,todo,
0x2747c0,60,FUN_002747c0,todo,
0x2747fc,68,FUN_002747fc,todo,
0x274840,84,FUN_00274840,todo,
0x274894,112,FUN_00274894,todo,
0x274904,76,FUN_00274904,todo,
0x274950,88,FUN_00274950,todo,
0x2749c8,76,FUN_002749c8,todo,
0x274a14,88,FUN_00274a14,todo,
0x274a70,384,FUN_00274a70,todo,
0x274bf0,72,FUN_00274bf0,todo,
0x274c48,92,FUN_00274c48,todo,
0x274ca4,36,FUN_00274ca4,todo,
0x274cc8,188,FUN_00274cc8,todo,
0x274d84,76,FUN_00274d84,todo,
0x274dd0,152,FUN_00274dd0,todo,
0x274e68,108,FUN_00274e68,todo,
0x274ed4,100,FUN_00274ed4,todo,
0x274f38,72,FUN_00274f38,todo,
0x274f94,84,FUN_00274f94,todo,
0x27501c,44,FUN_0027501c,todo,
0x275048,60,FUN_00275048,todo,
0x27508c,240,FUN_0027508c,todo,
0x27517c,216,FUN_0027517c,todo,
0x27525c,64,FUN_0027525c,todo,
0x2752a0,16,FUN_002752a0,todo,
0x2752b0,44,FUN_002752b0,todo,
0x2752dc,56,FUN_002752dc,todo,
0x275314,112,FUN_00275314,todo,
0x275388,76,FUN_00275388,todo,
0x2753d8,12,FUN_002753d8,todo,
0x2753e4,12,FUN_002753e4,todo,
0x2753f0,20,FUN_002753f0,todo,
0x275404,20,FUN_00275404,todo,
0x275418,96,FUN_00275418,todo,
0x27547c,80,FUN_0027547c,todo,
0x2754e4,32,FUN_002754e4,todo,
0x275510,124,FUN_00275510,todo,
0x2755a8,120,FUN_002755a8,todo,
0x275620,120,FUN_00275620,todo,
0x275698,296,FUN_00275698,todo,
0x2757f0,272,FUN_002757f0,todo,
0x27591c,72,FUN_0027591c,todo,
0x275974,108,FUN_00275974,todo,
0x2759e4,72,FUN_002759e4,todo,
0x275a2c,220,FUN_00275a2c,todo,
0x275b08,188,FUN_00275b08,todo,
0x275bc4,116,FUN_00275bc4,todo,
0x275c4c,40,FUN_00275c4c,todo,
0x275c74,72,FUN_00275c74,todo,
0x275d1c,492,FUN_00275d1c,todo,
0x275f20,460,FUN_00275f20,todo,
0x276100,268,FUN_00276100,todo,
0x27623c,20,FUN_0027623c,todo,
0x276250,44,FUN_00276250,todo,
0x27627c,104,FUN_0027627c,todo,
0x2762e4,156,FUN_002762e4,todo,
0x276384,48,FUN_00276384,todo,
0x2763b4,232,FUN_002763b4,todo,
0x27649c,108,FUN_0027649c,todo,
0x27650c,112,FUN_0027650c,todo,
0x27658c,92,FUN_0027658c,todo,
0x2765e8,140,FUN_002765e8,todo,
0x276674,12,FUN_00276674,todo,
0x276680,112,FUN_00276680,todo,
0x2766f4,76,FUN_002766f4,todo,
0x276740,112,FUN_00276740,todo,
0x2767b0,160,FUN_002767b0,todo,
0x276850,44,FUN_00276850,todo,
0x27687c,48,FUN_0027687c,todo,
0x2768b4,16,FUN_002768b4,todo,
0x2768c4,144,FUN_002768c4,todo,
0x276970,8,FUN_00276970,todo,
0x276978,8,FUN_00276978,todo,
0x276980,256,FUN_00276980,todo,
0x276a80,52,FUN_00276a80,todo,
0x276ab4,20,FUN_00276ab4,todo,
0x276ad0,84,FUN_00276ad0,todo,
0x276b24,12,FUN_00276b24,todo,
0x276b30,12,FUN_00276b30,todo,
0x276b4c,84,FUN_00276b4c,todo,
0x276ba0,728,FUN_00276ba0,todo,
0x276e98,124,FUN_00276e98,todo,
0x276f14,124,FUN_00276f14,todo,
0x276fac,100,FUN_00276fac,todo,
0x277010,784,FUN_00277010,todo,
0x277338,196,FUN_00277338,todo,
0x277404,324,FUN_00277404,todo,
0x277558,128,FUN_00277558,todo,
0x2775e0,116,FUN_002775e0,todo,
0x277658,32,FUN_00277658,todo,
0x27769c,64,FUN_0027769c,todo,
0x2776dc,96,FUN_002776dc,todo,
0x27774c,56,FUN_0027774c,todo,
0x277784,16,FUN_00277784,todo,
0x277794,136,FUN_00277794,todo,
0x27781c,60,FUN_0027781c,todo,
0x277858,56,FUN_00277858,todo,
0x277890,92,FUN_00277890,todo,
0x2778ec,32,FUN_002778ec,todo,
0x27790c,228,FUN_0027790c,todo,
0x2779f8,108,FUN_002779f8,todo,
0x277a6c,132,FUN_00277a6c,todo,
0x277ad0,132,FUN_00277ad0,todo,
0x277b34,152,FUN_00277b34,todo,
0x277bd4,144,FUN_00277bd4,todo,
0x277c64,524,FUN_00277c64,todo,
0x277e84,16,FUN_00277e84,todo,
0x277e94,524,FUN_00277e94,todo,
0x2780a8,88,FUN_002780a8,todo,
0x278100,280,FUN_00278100,todo,
0x278254,104,FUN_00278254,todo,
0x2782c0,376,FUN_002782c0,todo,
0x27843c,444,FUN_0027843c,todo,
0x278628,44,FUN_00278628,todo,
0x278690,32,FUN_00278690,todo,
0x2786b0,128,FUN_002786b0,todo,
0x278730,96,FUN_00278730,todo,
0x278794,108,FUN_00278794,todo,
0x278808,12,FUN_00278808,todo,
0x278814,120,FUN_00278814,todo,
0x27888c,8,FUN_0027888c,todo,
0x278894,12,FUN_00278894,todo,
0x2788a0,144,FUN_002788a0,todo,
0x27893c,20,FUN_0027893c,todo,
0x278954,68,FUN_00278954,todo,
0x278998,64,FUN_00278998,todo,
0x2789d8,180,FUN_002789d8,todo,
0x278a8c,24,FUN_00278a8c,todo,
0x278aa4,156,FUN_00278aa4,todo,
0x278b48,924,FUN_00278b48,todo,
0x278ef4,60,FUN_00278ef4,todo,
0x278f30,240,FUN_00278f30,todo,
0x279028,492,FUN_00279028,todo,
0x27921c,632,FUN_0027921c,todo,
0x279498,60,FUN_00279498,todo,
0x2794d4,208,FUN_002794d4,todo,
0x2795b8,112,FUN_002795b8,todo,
0x279628,472,FUN_00279628,todo,
0x2799cc,64,FUN_002799cc,todo,
0x279a10,60,FUN_00279a10,todo,
0x279a4c,560,FUN_00279a4c,todo,
0x279ca8,524,FUN_00279ca8,todo,
0x279eb8,104,FUN_00279eb8,todo,
0x279f20,292,FUN_00279f20,todo,
0x27a044,368,FUN_0027a044,todo,
0x27a1bc,356,FUN_0027a1bc,todo,
0x27a324,172,FUN_0027a324,todo,
0x27a3d8,340,FUN_0027a3d8,todo,
0x27a52c,164,FUN_0027a52c,todo,
0x27a5e0,200,FUN_0027a5e0,todo,
0x27a6b0,44,FUN_0027a6b0,todo,
0x27a6dc,532,FUN_0027a6dc,todo,
0x27a904,52,FUN_0027a904,todo,
0x27a938,20,FUN_0027a938,todo,
0x27a954,112,FUN_0027a954,todo,
0x27a9c4,128,FUN_0027a9c4,todo,
0x27aa48,20,FUN_0027aa48,todo,
0x27aa60,20,FUN_0027aa60,todo,
0x27aa74,40,FUN_0027aa74,todo,
0x27aaa0,20,FUN_0027aaa0,todo,
0x27aabc,20,FUN_0027aabc,todo,
0x27aad4,132,FUN_0027aad4,todo,
0x27ab5c,12,FUN_0027ab5c,todo,
0x27ab68,20,FUN_0027ab68,todo,
0x27ab80,20,FUN_0027ab80,todo,
0x27ab98,20,FUN_0027ab98,todo,
0x27abb0,16,FUN_0027abb0,todo,
0x27abc4,144,FUN_0027abc4,todo,
0x27ac58,128,FUN_0027ac58,todo,
0x27acdc,20,FUN_0027acdc,todo,
0x27acf4,140,FUN_0027acf4,todo,
0x27ad84,20,FUN_0027ad84,todo,
0x27ad9c,40,FUN_0027ad9c,todo,
0x27adc8,12,FUN_0027adc8,todo,
0x27add4,108,FUN_0027add4,todo,
0x27ae44,68,FUN_0027ae44,todo,
0x27ae88,64,FUN_0027ae88,todo,
0x27aec8,220,FUN_0027aec8,todo,
0x27afa4,32,FUN_0027afa4,todo,
0x27afc4,48,FUN_0027afc4,todo,
0x27aff4,68,FUN_0027aff4,todo,
0x27b038,544,FUN_0027b038,todo,
0x27b264,100,FUN_0027b264,todo,
0x27b2cc,88,FUN_0027b2cc,todo,
0x27b334,16,FUN_0027b334,todo,
0x27b344,8,FUN_0027b344,todo,
0x27b34c,304,FUN_0027b34c,todo,
0x27b4ac,56,FUN_0027b4ac,todo,
0x27b4e4,60,FUN_0027b4e4,todo,
0x27b520,248,FUN_0027b520,todo,
0x27b644,36,FUN_0027b644,todo,
0x27b668,32,FUN_0027b668,todo,
0x27b688,104,FUN_0027b688,todo,
0x27b6f4,60,FUN_0027b6f4,todo,
0x27b738,32,FUN_0027b738,todo,
0x27b758,88,FUN_0027b758,todo,
0x27b7b0,712,FUN_0027b7b0,todo,
0x27bb04,104,FUN_0027bb04,todo,
0x27bb6c,160,FUN_0027bb6c,todo,
0x27bb78,64,FUN_0027bb78,todo,
0x27bbb8,36,FUN_0027bbb8,todo,
0x27bbdc,96,FUN_0027bbdc,todo,
0x27bc44,40,FUN_0027bc44,todo,
0x27bc6c,84,FUN_0027bc6c,todo,
0x27bcc0,100,FUN_0027bcc0,todo,
0x27bd24,72,FUN_0027bd24,todo,
0x27bd6c,80,FUN_0027bd6c,todo,
0x27bdbc,232,FUN_0027bdbc,todo,
0x27bea4,688,FUN_0027bea4,todo,
0x27c168,104,FUN_0027c168,todo,
0x27c1d0,92,FUN_0027c1d0,todo,
0x27c22c,392,FUN_0027c22c,todo,
0x27c3c4,32,FUN_0027c3c4,todo,
0x27c3e4,32,FUN_0027c3e4,todo,
0x27c404,36,FUN_0027c404,todo,
0x27c428,536,FUN_0027c428,todo,
0x27c650,196,FUN_0027c650,todo,
0x27c718,36,FUN_0027c718,todo,
0x27c73c,56,FUN_0027c73c,todo,
0x27c778,52,FUN_0027c778,todo,
0x27c7b0,48,FUN_0027c7b0,todo,
0x27c7e0,44,FUN_0027c7e0,todo,
0x27c80c,24,FUN_0027c80c,todo,
0x27c824,32,FUN_0027c824,todo,
0x27c844,132,FUN_0027c844,todo,
0x27c8cc,24,FUN_0027c8cc,todo,
0x27c8e4,12,FUN_0027c8e4,todo,
0x27c8f0,596,FUN_0027c8f0,todo,
0x27cb48,112,FUN_0027cb48,todo,
0x27cbb8,140,FUN_0027cbb8,todo,
0x27cc48,800,FUN_0027cc48,todo,
0x27cf80,80,FUN_0027cf80,todo,
0x27cfd0,68,FUN_0027cfd0,todo,
0x27d014,360,FUN_0027d014,todo,
0x27d17c,316,FUN_0027d17c,todo,
0x27d2d4,152,FUN_0027d2d4,todo,
0x27d378,28,FUN_0027d378,todo,
0x27d394,52,FUN_0027d394,todo,
0x27d3c8,20,FUN_0027d3c8,todo,
0x27d3e0,92,FUN_0027d3e0,todo,
0x27d440,12,FUN_0027d440,todo,
0x27d44c,88,FUN_0027d44c,todo,
0x27d4a4,8,FUN_0027d4a4,todo,
0x27d4ac,52,FUN_0027d4ac,todo,
0x27d4e0,16,FUN_0027d4e0,todo,
0x27d4f0,24,FUN_0027d4f0,todo,
0x27d508,36,FUN_0027d508,todo,
0x27d52c,84,FUN_0027d52c,todo,
0x27d580,116,FUN_0027d580,todo,
0x27d5f4,112,FUN_0027d5f4,todo,
0x27d664,132,FUN_0027d664,todo,
0x27d6e8,60,FUN_0027d6e8,todo,
0x27d724,184,FUN_0027d724,todo,
0x27d7dc,72,FUN_0027d7dc,todo,
0x27d824,24,FUN_0027d824,todo,
0x27d83c,80,FUN_0027d83c,todo,
0x27d88c,40,FUN_0027d88c,todo,
0x27d8b4,256,FUN_0027d8b4,todo,
0x27d9b4,72,FUN_0027d9b4,todo,
0x27d9fc,200,FUN_0027d9fc,todo,
0x27dac8,72,FUN_0027dac8,todo,
0x27db10,140,FUN_0027db10,todo,
0x27dbb8,124,FUN_0027dbb8,todo,
0x27dc34,140,FUN_0027dc34,todo,
0x27dcc0,100,FUN_0027dcc0,todo,
0x27dd2c,68,FUN_0027dd2c,todo,
0x27dd70,100,FUN_0027dd70,todo,
0x27ddd8,64,FUN_0027ddd8,todo,
0x27de18,132,FUN_0027de18,todo,
0x27de9c,76,FUN_0027de9c,todo,
0x27dee8,48,FUN_0027dee8,todo,
0x27df18,76,FUN_0027df18,todo,
0x27e01c,100,FUN_0027e01c,todo,
0x27e0c4,60,FUN_0027e0c4,todo,
0x27e104,136,FUN_0027e104,todo,
0x27e190,324,FUN_0027e190,todo,
0x27e2d8,196,FUN_0027e2d8,todo,
0x27e39c,464,FUN_0027e39c,todo,
0x27e574,292,FUN_0027e574,todo,
0x27e6a0,320,FUN_0027e6a0,todo,
0x27e7e8,48,FUN_0027e7e8,todo,
0x27e818,64,FUN_0027e818,todo,
0x27e880,80,FUN_0027e880,todo,
0x27e8d0,52,FUN_0027e8d0,todo,
0x27e904,80,FUN_0027e904,todo,
0x27e954,52,FUN_0027e954,todo,
0x27e988,160,FUN_0027e988,todo,
0x27ea28,52,FUN_0027ea28,todo,
0x27ea5c,1744,FUN_0027ea5c,todo,
0x27ed44,24,FUN_0027ed44,todo,
0x27ed5c,92,FUN_0027ed5c,todo,
0x27edb8,256,FUN_0027edb8,todo,
0x27eec4,88,FUN_0027eec4,todo,
0x27ef5c,204,FUN_0027ef5c,todo,
0x27f02c,168,FUN_0027f02c,todo,
0x27f0e0,8,FUN_0027f0e0,todo,
0x27f0e8,116,FUN_0027f0e8,todo,
0x27f15c,164,FUN_0027f15c,todo,
0x27f200,32,FUN_0027f200,todo,
0x27f220,100,FUN_0027f220,todo,
0x27f28c,2008,FUN_0027f28c,todo,
0x27fb08,1692,FUN_0027fb08,todo,
0x2801ec,112,FUN_002801ec,todo,
0x280264,604,FUN_00280264,todo,
0x2804d0,188,FUN_002804d0,todo,
0x2805a4,120,FUN_002805a4,todo,
0x28061c,72,FUN_0028061c,todo,
0x280664,192,FUN_00280664,todo,
0x280734,128,FUN_00280734,todo,
0x2807d8,12,FUN_002807d8,todo,
0x2807e4,88,FUN_002807e4,todo,
0x28083c,48,FUN_0028083c,todo,
0x280a08,724,FUN_00280a08,todo,
0x281058,84,FUN_00281058,todo,
0x2810ac,52,FUN_002810ac,todo,
0x2810e8,92,FUN_002810e8,todo,
0x281144,280,FUN_00281144,todo,
0x281260,12,FUN_00281260,todo,
0x28126c,440,FUN_0028126c,todo,
0x281444,60,FUN_00281444,todo,
0x281480,144,FUN_00281480,todo,
0x281518,20,FUN_00281518,todo,
0x281530,204,FUN_00281530,todo,
0x2816c8,60,FUN_002816c8,todo,
0x281710,504,FUN_00281710,todo,
0x281914,168,FUN_00281914,todo,
0x2819c4,144,FUN_002819c4,todo,
0x281a54,156,FUN_00281a54,todo,
0x281afc,400,FUN_00281afc,todo,
0x281b74,208,FUN_00281b74,todo,
0x281c90,112,FUN_00281c90,todo,
0x281d18,308,FUN_00281d18,todo,
0x281e7c,192,FUN_00281e7c,todo,
0x281f40,4,FUN_00281f40,todo,
0x281f44,4,FUN_00281f44,todo,
0x281f48,12,FUN_00281f48,todo,
0x281f54,52,FUN_00281f54,todo,
0x281f88,52,FUN_00281f88,todo,
0x281fbc,52,FUN_00281fbc,todo,
0x281ff0,212,FUN_00281ff0,todo,
0x282198,88,FUN_00282198,todo,
0x2821f0,52,FUN_002821f0,todo,
0x282224,68,FUN_00282224,todo,
0x282268,12,FUN_00282268,todo,
0x282274,300,FUN_00282274,todo,
0x2823b0,196,FUN_002823b0,todo,
0x282474,12,FUN_00282474,todo,
0x282480,12,FUN_00282480,todo,
0x28248c,100,FUN_0028248c,todo,
0x2824f8,28,FUN_002824f8,todo,
0x282518,104,FUN_00282518,todo,
0x282588,60,FUN_00282588,todo,
0x2825d0,88,FUN_002825d0,todo,
0x28262c,108,FUN_0028262c,todo,
0x28269c,8,FUN_0028269c,todo,
0x2826a4,92,FUN_002826a4,todo,
0x282a54,128,FUN_00282a54,todo,
0x282ad8,8,FUN_00282ad8,todo,
0x282ae0,892,FUN_00282ae0,todo,
0x282eb8,212,FUN_00282eb8,todo,
0x282f94,68,FUN_00282f94,todo,
0x282fd8,164,FUN_00282fd8,todo,
0x28307c,24,FUN_0028307c,todo,
0x283094,72,FUN_00283094,todo,
0x2830dc,68,FUN_002830dc,todo,
0x283120,1932,FUN_00283120,todo,
0x283918,3116,FUN_00283918,todo,
0x284568,1764,FUN_00284568,todo,
0x284dbc,160,FUN_00284dbc,todo,
0x284e60,572,FUN_00284e60,todo,
0x2850a0,300,FUN_002850a0,todo,
0x2851f0,8,FUN_002851f0,todo,
0x2851fc,88,FUN_002851fc,todo,
0x285254,2224,FUN_00285254,todo,
0x285b08,76,FUN_00285b08,todo,
0x285b54,1020,FUN_00285b54,todo,
0x28601c,1500,FUN_0028601c,todo,
0x286604,56,FUN_00286604,todo,
0x28663c,44,FUN_0028663c,todo,
0x2867d0,116,FUN_002867d0,todo,
0x286844,384,FUN_00286844,todo,
0x2869dc,528,FUN_002869dc,todo,
0x286bf0,32,FUN_00286bf0,todo,
0x286c10,176,FUN_00286c10,todo,
0x286cc8,120,FUN_00286cc8,todo,
0x286d40,84,FUN_00286d40,todo,
0x286da0,1116,FUN_00286da0,todo,
0x287228,1332,FUN_00287228,todo,
0x28783c,296,FUN_0028783c,todo,
0x28796c,28,FUN_0028796c,todo,
0x287988,104,FUN_00287988,todo,
0x2879f0,168,FUN_002879f0,todo,
0x287aac,2540,FUN_00287aac,todo,
0x288668,132,FUN_00288668,todo,
0x288700,236,FUN_00288700,todo,
0x2887f0,224,FUN_002887f0,todo,
0x2888d4,64,FUN_002888d4,todo,
0x288914,104,FUN_00288914,todo,
0x28897c,68,FUN_0028897c,todo,
0x2889c8,60,FUN_002889c8,todo,
0x288a04,16,FUN_00288a04,todo,
0x288a14,12,FUN_00288a14,todo,
0x288a20,32,FUN_00288a20,todo,
0x288a40,256,FUN_00288a40,todo,
0x288b48,100,FUN_00288b48,todo,
0x288bbc,532,FUN_00288bbc,todo,
0x288de0,788,FUN_00288de0,todo,
0x289100,264,FUN_00289100,todo,
0x289208,192,FUN_00289208,todo,
0x2892ec,920,FUN_002892ec,todo,
0x28968c,268,FUN_0028968c,todo,
0x28979c,240,FUN_0028979c,todo,
0x289978,96,FUN_00289978,todo,
0x2899d8,44,FUN_002899d8,todo,
0x289a04,44,FUN_00289a04,todo,
0x289a30,192,FUN_00289a30,todo,
0x289afc,76,FUN_00289afc,todo,
0x289b48,84,FUN_00289b48,todo,
0x289b9c,92,FUN_00289b9c,todo,
0x289bfc,88,FUN_00289bfc,todo,
0x289c5c,296,FUN_00289c5c,todo,
0x289d88,12,FUN_00289d88,todo,
0x289d94,32,FUN_00289d94,todo,
0x289db4,76,FUN_00289db4,todo,
0x289e00,216,FUN_00289e00,todo,
0x289ed8,196,FUN_00289ed8,todo,
0x289fa0,580,FUN_00289fa0,todo,
0x28a21c,212,FUN_0028a21c,todo,
0x28a2f0,100,FUN_0028a2f0,todo,
0x28a354,224,FUN_0028a354,todo,
0x28a434,116,FUN_0028a434,todo,
0x28a510,16,FUN_0028a510,todo,
0x28a520,1244,FUN_0028a520,todo,
0x28a9fc,808,FUN_0028a9fc,todo,
0x28ad24,92,FUN_0028ad24,todo,
0x28ad80,292,FUN_0028ad80,todo,
0x28aeb0,440,FUN_0028aeb0,todo,
0x28b07c,276,FUN_0028b07c,todo,
0x28b1a0,1160,FUN_0028b1a0,todo,
0x28b638,484,FUN_0028b638,todo,
0x28b824,428,FUN_0028b824,todo,
0x28b9d8,40,FUN_0028b9d8,todo,
0x28ba00,156,FUN_0028ba00,todo,
0x28ba9c,176,FUN_0028ba9c,todo,
0x28bb60,3320,FUN_0028bb60,todo,
0x28c884,148,FUN_0028c884,todo,
0x28c918,432,FUN_0028c918,todo,
0x28cad0,148,FUN_0028cad0,todo,
0x28cb64,1328,FUN_0028cb64,todo,
0x28d0a0,112,FUN_0028d0a0,todo,
0x28d110,116,FUN_0028d110,todo,
0x28d184,152,FUN_0028d184,todo,
0x28d21c,248,FUN_0028d21c,todo,
0x28d320,1096,FUN_0028d320,todo,
0x28d770,52,FUN_0028d770,todo,
0x28d7a4,512,FUN_0028d7a4,todo,
0x28d9cc,40,FUN_0028d9cc,todo,
0x28d9f4,48,FUN_0028d9f4,todo,
0x28da24,48,FUN_0028da24,todo,
0x28da54,48,FUN_0028da54,todo,
0x28da84,136,FUN_0028da84,todo,
0x28db0c,636,FUN_0028db0c,todo,
0x28ddcc,444,FUN_0028ddcc,todo,
0x28e0f0,184,FUN_0028e0f0,todo,
0x28e41c,76,FUN_0028e41c,todo,
0x28e46c,360,FUN_0028e46c,todo,
0x28e62c,276,FUN_0028e62c,todo,
0x28ea78,48,FUN_0028ea78,todo,
0x28eaa8,28,FUN_0028eaa8,todo,
0x28eac4,28,FUN_0028eac4,todo,
0x28eae0,48,FUN_0028eae0,todo,
0x28eb10,240,FUN_0028eb10,todo,
0x28ec0c,28,FUN_0028ec0c,todo,
0x28ec28,68,FUN_0028ec28,todo,
0x28ec6c,104,FUN_0028ec6c,todo,
0x28ecd4,348,FUN_0028ecd4,todo,
0x28ee30,52,FUN_0028ee30,todo,
0x28efb8,252,FUN_0028efb8,todo,
0x28f0bc,52,FUN_0028f0bc,todo,
0x28f0f0,52,FUN_0028f0f0,todo,
0x28f124,20,FUN_0028f124,todo,
0x28f138,20,FUN_0028f138,todo,
0x28f14c,20,FUN_0028f14c,todo,
0x28f160,20,FUN_0028f160,todo,
0x28f174,72,FUN_0028f174,todo,
0x28f1bc,12,FUN_0028f1bc,todo,
0x28f1c8,244,FUN_0028f1c8,todo,
0x28f2bc,396,FUN_0028f2bc,todo,
0x28f448,80,FUN_0028f448,todo,
0x28f498,212,FUN_0028f498,todo,
0x28f56c,312,FUN_0028f56c,todo,
0x28f6ac,12,FUN_0028f6ac,todo,
0x28f6b8,320,FUN_0028f6b8,todo,
0x28f7f8,216,FUN_0028f7f8,todo,
0x28f8d4,208,FUN_0028f8d4,todo,
0x28f9ac,184,FUN_0028f9ac,todo,
0x28fa64,196,FUN_0028fa64,todo,
0x28faf0,44,FUN_0028faf0,todo,
0x28fb1c,704,FUN_0028fb1c,todo,
0x28fddc,264,FUN_0028fddc,todo,
0x28fee4,316,FUN_0028fee4,todo,
0x290024,72,FUN_00290024,todo,
0x29006c,524,FUN_0029006c,todo,
0x290280,64,FUN_00290280,todo,
0x2902c0,528,FUN_002902c0,todo,
0x2904d8,56,FUN_002904d8,todo,
0x290510,948,FUN_00290510,todo,
0x2908cc,572,FUN_002908cc,todo,
0x290b08,32,FUN_00290b08,todo,
0x290bac,308,FUN_00290bac,todo,
0x290d20,52,FUN_00290d20,todo,
0x290d54,56,FUN_00290d54,todo,
0x290d8c,64,FUN_00290d8c,todo,
0x290dcc,60,FUN_00290dcc,todo,
0x290e08,312,FUN_00290e08,todo,
0x290f94,1556,FUN_00290f94,todo,
0x2915b0,2024,FUN_002915b0,todo,
0x291e18,240,FUN_00291e18,todo,
0x291f08,76,FUN_00291f08,todo,
0x291f18,288,FUN_00291f18,todo,
0x292038,28,FUN_00292038,todo,
0x292054,88,FUN_00292054,todo,
0x2920ac,772,FUN_002920ac,todo,
0x2923b0,516,FUN_002923b0,todo,
0x2925b8,20,FUN_002925b8,todo,
0x2925cc,24,FUN_002925cc,todo,
0x2925e4,24,FUN_002925e4,todo,
0x2925fc,104,FUN_002925fc,todo,
0x292664,20,FUN_00292664,todo,
0x292678,24,FUN_00292678,todo,
0x292690,320,FUN_00292690,todo,
0x2927d0,32,FUN_002927d0,todo,
0x2927f0,12,FUN_002927f0,todo,
0x2927fc,340,FUN_002927fc,todo,
0x292950,536,FUN_00292950,todo,
0x292b70,756,FUN_00292b70,todo,
0x292e6c,64,FUN_00292e6c,todo,
0x292eac,64,FUN_00292eac,todo,
0x292eec,204,FUN_00292eec,todo,
0x292fbc,236,FUN_00292fbc,todo,
0x2930b0,216,FUN_002930b0,todo,
0x29323c,124,FUN_0029323c,todo,
0x2932b8,212,FUN_002932b8,todo,
0x293394,144,FUN_00293394,todo,
0x293424,780,FUN_00293424,todo,
0x2938a4,896,FUN_002938a4,todo,
0x293c48,316,FUN_00293c48,todo,
0x293d98,228,FUN_00293d98,todo,
0x2941a8,160,FUN_002941a8,todo,
0x294248,184,FUN_00294248,todo,
0x294334,140,FUN_00294334,todo,
0x2943d4,1156,FUN_002943d4,todo,
0x2946cc,116,FUN_002946cc,todo,
0x294744,196,FUN_00294744,todo,
0x294820,168,FUN_00294820,todo,
0x294934,84,FUN_00294934,todo,
0x294958,84,FUN_00294958,todo,
0x294b18,336,FUN_00294b18,todo,
0x294cac,196,FUN_00294cac,todo,
0x294dbc,116,FUN_00294dbc,todo,
0x295110,768,FUN_00295110,todo,
0x29541c,36,FUN_0029541c,todo,
0x295440,72,FUN_00295440,todo,
0x295488,96,FUN_00295488,todo,
0x295504,708,FUN_00295504,todo,
0x2957fc,256,FUN_002957fc,todo,
0x295940,188,FUN_00295940,todo,
0x295a04,380,FUN_00295a04,todo,
0x295bd4,128,FUN_00295bd4,todo,
0x295c54,4928,FUN_00295c54,todo,
0x296f9c,892,FUN_00296f9c,todo,
0x29732c,136,FUN_0029732c,todo,
0x2973b4,124,FUN_002973b4,todo,
0x297430,160,FUN_00297430,todo,
0x2974d8,24,FUN_002974d8,todo,
0x2974f0,168,FUN_002974f0,todo,
0x2975a0,532,FUN_002975a0,todo,
0x2977bc,112,FUN_002977bc,todo,
0x297834,64,FUN_00297834,todo,
0x297874,236,FUN_00297874,todo,
0x297968,124,FUN_00297968,todo,
0x297a14,516,FUN_00297a14,todo,
0x297c30,192,FUN_00297c30,todo,
0x297d04,796,FUN_00297d04,todo,
0x29802c,268,FUN_0029802c,todo,
0x29814c,1440,FUN_0029814c,todo,
0x298720,112,FUN_00298720,todo,
0x298798,1056,FUN_00298798,todo,
0x298bcc,52,FUN_00298bcc,todo,
0x298c00,32,FUN_00298c00,todo,
0x298db8,52,FUN_00298db8,todo,
0x298dec,52,FUN_00298dec,todo,
0x298e20,52,FUN_00298e20,todo,
0x298e54,52,FUN_00298e54,todo,
0x298e88,52,FUN_00298e88,todo,
0x298ebc,200,FUN_00298ebc,todo,
0x298f8c,92,FUN_00298f8c,todo,
0x298ff0,48,FUN_00298ff0,todo,
0x299020,52,FUN_00299020,todo,
0x299054,52,FUN_00299054,todo,
0x299088,220,FUN_00299088,todo,
0x299168,52,FUN_00299168,todo,
0x29919c,52,FUN_0029919c,todo,
0x2991d0,328,FUN_002991d0,todo,
0x299318,152,FUN_00299318,todo,
0x2993b0,164,FUN_002993b0,todo,
0x299454,132,FUN_00299454,todo,
0x2994d8,24,FUN_002994d8,todo,
0x2994f0,168,FUN_002994f0,todo,
0x299598,100,FUN_00299598,todo,
0x2995fc,60,FUN_002995fc,todo,
0x299638,20,FUN_00299638,todo,
0x29964c,196,FUN_0029964c,todo,
0x299710,108,FUN_00299710,todo,
0x29977c,360,FUN_0029977c,todo,
0x29992c,1292,FUN_0029992c,todo,
0x299e44,92,FUN_00299e44,todo,
0x299ea0,52,FUN_00299ea0,todo,
0x299ed4,72,FUN_00299ed4,todo,
0x299f1c,92,FUN_00299f1c,todo,
0x299f80,240,FUN_00299f80,todo,
0x29a56c,316,FUN_0029a56c,todo,
0x29a6f4,48,FUN_0029a6f4,todo,
0x29a724,512,FUN_0029a724,todo,
0x29a92c,408,FUN_0029a92c,todo,
0x29aac4,180,FUN_0029aac4,todo,
0x29ab78,60,FUN_0029ab78,todo,
0x29abcc,484,FUN_0029abcc,todo,
0x29adb8,444,FUN_0029adb8,todo,
0x29b068,860,FUN_0029b068,todo,
0x29b3cc,100,FUN_0029b3cc,todo,
0x29b430,128,FUN_0029b430,todo,
0x29b4b4,64,FUN_0029b4b4,todo,
0x29b4f8,176,FUN_0029b4f8,todo,
0x29b5ac,484,FUN_0029b5ac,todo,
0x29b79c,24,FUN_0029b79c,todo,
0x29b80c,40,FUN_0029b80c,todo,
0x29b834,812,FUN_0029b834,todo,
0x29bc34,356,FUN_0029bc34,todo,
0x29bda4,504,FUN_0029bda4,todo,
0x29bfa8,108,FUN_0029bfa8,todo,
0x29c020,1096,FUN_0029c020,todo,
0x29c478,176,FUN_0029c478,todo,
0x29c624,744,FUN_0029c624,todo,
0x29c8a4,184,FUN_0029c8a4,todo,
0x29cba8,172,FUN_0029cba8,todo,
0x29cd84,220,FUN_0029cd84,todo,
0x29ce64,536,FUN_0029ce64,todo,
0x29d150,524,FUN_0029d150,todo,
0x29d364,284,FUN_0029d364,todo,
0x29d484,280,FUN_0029d484,todo,
0x29d750,104,FUN_0029d750,todo,
0x29d7bc,68,FUN_0029d7bc,todo,
0x29d808,180,FUN_0029d808,todo,
0x29d8c0,28,FUN_0029d8c0,todo,
0x29d8dc,632,FUN_0029d8dc,todo,
0x29dc68,136,FUN_0029dc68,todo,
0x29dcf0,88,FUN_0029dcf0,todo,
0x29dd4c,76,FUN_0029dd4c,todo,
0x29dd98,208,FUN_0029dd98,todo,
0x29de68,56,FUN_0029de68,todo,
0x29dea0,140,FUN_0029dea0,todo,
0x29df2c,76,FUN_0029df2c,todo,
0x29df78,300,FUN_0029df78,todo,
0x29dfdc,232,FUN_0029dfdc,todo,
0x29e120,100,FUN_0029e120,todo,
0x29e188,136,FUN_0029e188,todo,
0x29e210,88,FUN_0029e210,todo,
0x29e26c,84,FUN_0029e26c,todo,
0x29e2c4,28,FUN_0029e2c4,todo,
0x29e648,524,FUN_0029e648,todo,
0x29e88c,576,FUN_0029e88c,todo,
0x29eafc,400,FUN_0029eafc,todo,
0x29ec94,164,FUN_0029ec94,todo,
0x29ed50,1464,FUN_0029ed50,todo,
0x29f320,320,FUN_0029f320,todo,
0x29f478,320,FUN_0029f478,todo,
0x29f5c0,452,FUN_0029f5c0,todo,
0x29f78c,8,FUN_0029f78c,todo,
0x29f794,272,FUN_0029f794,todo,
0x29f9e4,384,FUN_0029f9e4,todo,
0x29fb74,1000,FUN_0029fb74,todo,
0x29ff78,432,FUN_0029ff78,todo,
0x2a0134,40,FUN_002a0134,todo,
0x2a015c,24,FUN_002a015c,todo,
0x2a0174,1364,FUN_002a0174,todo,
0x2a06e0,932,FUN_002a06e0,todo,
0x2a0a8c,280,FUN_002a0a8c,todo,
0x2a0bbc,376,FUN_002a0bbc,todo,
0x2a0d50,284,FUN_002a0d50,todo,
0x2a0e7c,284,FUN_002a0e7c,todo,
0x2a0fa0,344,FUN_002a0fa0,todo,
0x2a1100,100,FUN_002a1100,todo,
0x2a116c,468,FUN_002a116c,todo,
0x2a1360,308,FUN_002a1360,todo,
0x2a149c,640,FUN_002a149c,todo,
0x2a172c,444,FUN_002a172c,todo,
0x2a1910,648,FUN_002a1910,todo,
0x2a1cf4,488,FUN_002a1cf4,todo,
0x2a2188,144,FUN_002a2188,todo,
0x2a2220,140,FUN_002a2220,todo,
0x2a22b4,244,FUN_002a22b4,todo,
0x2a23b4,596,FUN_002a23b4,todo,
0x2a2614,1100,FUN_002a2614,todo,
0x2a2a88,436,FUN_002a2a88,todo,
0x2a2c54,276,FUN_002a2c54,todo,
0x2a2d80,388,FUN_002a2d80,todo,
0x2a2f10,164,FUN_002a2f10,todo,
0x2a2fb8,100,FUN_002a2fb8,todo,
0x2a3020,180,FUN_002a3020,todo,
0x2a30d8,32,FUN_002a30d8,todo,
0x2a30f8,264,FUN_002a30f8,todo,
0x2a3204,236,FUN_002a3204,todo,
0x2a32fc,56,FUN_002a32fc,todo,
0x2a3334,128,FUN_002a3334,todo,
0x2a33bc,160,FUN_002a33bc,todo,
0x2a3460,476,FUN_002a3460,todo,
0x2a3648,288,FUN_002a3648,todo,
0x2a3768,120,FUN_002a3768,todo,
0x2a3784,868,FUN_002a3784,todo,
0x2a3b04,268,FUN_002a3b04,todo,
0x2a3fa0,400,FUN_002a3fa0,todo,
0x2a4180,392,FUN_002a4180,todo,
0x2a4310,576,FUN_002a4310,todo,
0x2a4554,8,FUN_002a4554,todo,
0x2a455c,20,FUN_002a455c,todo,
0x2a4570,144,FUN_002a4570,todo,
0x2a4600,8,FUN_002a4600,todo,
0x2a4608,144,FUN_002a4608,todo,
0x2a46a0,8,FUN_002a46a0,todo,
0x2a46a8,12,FUN_002a46a8,todo,
0x2a46b4,56,FUN_002a46b4,todo,
0x2a46ec,468,FUN_002a46ec,todo,
0x2a48c0,176,FUN_002a48c0,todo,
0x2a4970,92,FUN_002a4970,todo,
0x2a49b4,88,FUN_002a49b4,todo,
0x2a4a10,76,FUN_002a4a10,todo,
0x2a4a5c,176,FUN_002a4a5c,todo,
0x2a4b0c,136,FUN_002a4b0c,todo,
0x2a4b94,76,FUN_002a4b94,todo,
0x2a4c04,204,FUN_002a4c04,todo,
0x2a4d2c,200,FUN_002a4d2c,todo,
0x2a4df4,16,FUN_002a4df4,todo,
0x2a4e04,116,FUN_002a4e04,todo,
0x2a4e80,956,FUN_002a4e80,todo,
0x2a5248,212,FUN_002a5248,todo,
0x2a5324,48,FUN_002a5324,todo,
0x2a535c,128,FUN_002a535c,todo,
0x2a53e4,4,FUN_002a53e4,todo,
0x2a53e8,168,FUN_002a53e8,todo,
0x2a5498,28,FUN_002a5498,todo,
0x2a54b4,20,FUN_002a54b4,todo,
0x2a54c8,680,FUN_002a54c8,todo,
0x2a5778,68,FUN_002a5778,todo,
0x2a57c4,132,FUN_002a57c4,todo,
0x2a5848,96,FUN_002a5848,todo,
0x2a58ac,176,FUN_002a58ac,todo,
0x2a595c,72,FUN_002a595c,todo,
0x2a59ac,408,FUN_002a59ac,todo,
0x2a5b50,408,FUN_002a5b50,todo,
0x2a5cf4,432,FUN_002a5cf4,todo,
0x2a5ea8,64,FUN_002a5ea8,todo,
0x2a5ef0,120,FUN_002a5ef0,todo,
0x2a5f68,148,FUN_002a5f68,todo,
0x2a6004,72,FUN_002a6004,todo,
0x2a6058,64,FUN_002a6058,todo,
0x2a60a0,1504,FUN_002a60a0,todo,
0x2a66bc,64,FUN_002a66bc,todo,
0x2a6704,64,FUN_002a6704,todo,
0x2a674c,64,FUN_002a674c,todo,
0x2a67b4,64,FUN_002a67b4,todo,
0x2a67fc,64,FUN_002a67fc,todo,
0x2a6844,96,FUN_002a6844,todo,
0x2a68ac,116,FUN_002a68ac,todo,
0x2a6924,736,FUN_002a6924,todo,
0x2a6c14,120,FUN_002a6c14,todo,
0x2a6c94,64,FUN_002a6c94,todo,
0x2a6cdc,416,FUN_002a6cdc,todo,
0x2a6e7c,64,FUN_002a6e7c,todo,
0x2a6ec4,64,FUN_002a6ec4,todo,
0x2a6f0c,64,FUN_002a6f0c,todo,
0x2a6f54,120,FUN_002a6f54,todo,
0x2a6fd4,420,FUN_002a6fd4,todo,
0x2a7184,156,FUN_002a7184,todo,
0x2a7220,1356,FUN_002a7220,todo,
0x2a7788,260,FUN_002a7788,todo,
0x2a78a0,96,FUN_002a78a0,todo,
0x2a78e0,680,FUN_002a78e0,todo,
0x2a7b90,68,FUN_002a7b90,todo,
0x2a7bd4,836,FUN_002a7bd4,todo,
0x2a7f18,172,FUN_002a7f18,todo,
0x2a7fc8,68,FUN_002a7fc8,todo,
0x2a800c,320,FUN_002a800c,todo,
0x2a814c,108,FUN_002a814c,todo,
0x2a81b8,1596,FUN_002a81b8,todo,
0x2a87fc,340,FUN_002a87fc,todo,
0x2a89a0,408,FUN_002a89a0,todo,
0x2a8b40,8,FUN_002a8b40,todo,
0x2a8b48,68,FUN_002a8b48,todo,
0x2a8b8c,8,FUN_002a8b8c,todo,
0x2a8ba0,1032,FUN_002a8ba0,todo,
0x2a8e24,8,FUN_002a8e24,todo,
0x2a8e2c,56,FUN_002a8e2c,todo,
0x2a8e64,280,FUN_002a8e64,todo,
0x2a9014,200,FUN_002a9014,todo,
0x2a90e4,584,FUN_002a90e4,todo,
0x2a9334,500,FUN_002a9334,todo,
0x2a9534,168,FUN_002a9534,todo,
0x2a9770,12,FUN_002a9770,todo,
0x2a977c,16,FUN_002a977c,todo,
0x2a978c,224,FUN_002a978c,todo,
0x2a986c,460,FUN_002a986c,todo,
0x2a9a3c,440,FUN_002a9a3c,todo,
0x2a9bf4,212,FUN_002a9bf4,todo,
0x2a9cf4,212,FUN_002a9cf4,todo,
0x2a9dd4,456,FUN_002a9dd4,todo,
0x2a9f9c,240,FUN_002a9f9c,todo,
0x2aa090,508,FUN_002aa090,todo,
0x2aa2a0,608,FUN_002aa2a0,todo,
0x2aa518,496,FUN_002aa518,todo,
0x2aa714,416,FUN_002aa714,todo,
0x2aa8b8,16,FUN_002aa8b8,todo,
0x2aa8c8,556,FUN_002aa8c8,todo,
0x2aab10,1256,FUN_002aab10,todo,
0x2ab014,120,FUN_002ab014,todo,
0x2ab094,664,FUN_002ab094,todo,
0x2ab348,48,FUN_002ab348,todo,
0x2ab390,172,FUN_002ab390,todo,
0x2ab460,156,FUN_002ab460,todo,
0x2ab5ac,32,FUN_002ab5ac,todo,
0x2ab608,28,FUN_002ab608,todo,
0x2ab624,328,FUN_002ab624,todo,
0x2ab864,72,FUN_002ab864,todo,
0x2ab8c4,172,FUN_002ab8c4,todo,
0x2ab970,292,FUN_002ab970,todo,
0x2aba9c,68,FUN_002aba9c,todo,
0x2abae0,56,FUN_002abae0,todo,
0x2abb18,52,FUN_002abb18,todo,
0x2abb4c,52,FUN_002abb4c,todo,
0x2abb80,84,FUN_002abb80,todo,
0x2abbd4,564,FUN_002abbd4,todo,
0x2abcfc,148,FUN_002abcfc,todo,
0x2abd90,336,FUN_002abd90,todo,
0x2abee4,32,FUN_002abee4,todo,
0x2abf04,372,FUN_002abf04,todo,
0x2ac18c,36,FUN_002ac18c,todo,
0x2ac1b0,200,FUN_002ac1b0,todo,
0x2ac27c,100,FUN_002ac27c,todo,
0x2ac300,184,FUN_002ac300,todo,
0x2ac318,1464,FUN_002ac318,todo,
0x2ac8d8,380,FUN_002ac8d8,todo,
0x2aca54,296,FUN_002aca54,todo,
0x2acb7c,180,FUN_002acb7c,todo,
0x2acc30,104,FUN_002acc30,todo,
0x2accb8,8,FUN_002accb8,todo,
0x2accc0,444,FUN_002accc0,todo,
0x2ace7c,80,FUN_002ace7c,todo,
0x2acecc,100,FUN_002acecc,todo,
0x2acf30,44,FUN_002acf30,todo,
0x2acf5c,588,FUN_002acf5c,todo,
0x2ad354,92,FUN_002ad354,todo,
0x2ad3b0,348,FUN_002ad3b0,todo,
0x2ad6cc,24,FUN_002ad6cc,todo,
0x2ad6e8,24,FUN_002ad6e8,todo,
0x2ad704,12,FUN_002ad704,todo,
0x2ad720,60,FUN_002ad720,todo,
0x2ad764,28,FUN_002ad764,todo,
0x2ad790,88,FUN_002ad790,todo,
0x2ad7f0,68,FUN_002ad7f0,todo,
0x2ad820,28,FUN_002ad820,todo,
0x2ad83c,152,FUN_002ad83c,todo,
0x2ad8dc,300,FUN_002ad8dc,todo,
0x2ada10,108,FUN_002ada10,todo,
0x2ada84,352,FUN_002ada84,todo,
0x2adbe8,80,FUN_002adbe8,todo,
0x2adc44,552,FUN_002adc44,todo,
0x2ade70,684,FUN_002ade70,todo,
0x2ae128,516,FUN_002ae128,todo,
0x2ae34c,600,FUN_002ae34c,todo,
0x2ae5b8,200,FUN_002ae5b8,todo,
0x2ae680,248,FUN_002ae680,todo,
0x2ae77c,344,FUN_002ae77c,todo,
0x2ae8dc,172,FUN_002ae8dc,todo,
0x2ae990,60,FUN_002ae990,todo,
0x2ae9cc,60,FUN_002ae9cc,todo,
0x2aea08,208,FUN_002aea08,todo,
0x2aead8,24,FUN_002aead8,todo,
0x2aeb38,64,FUN_002aeb38,todo,
0x2aeb78,44,FUN_002aeb78,todo,
0x2aeba4,980,FUN_002aeba4,todo,
0x2aef98,148,FUN_002aef98,todo,
0x2af02c,84,FUN_002af02c,todo,
0x2af080,632,FUN_002af080,todo,
0x2af314,92,FUN_002af314,todo,
0x2af370,20,FUN_002af370,todo,
0x2af384,92,FUN_002af384,todo,
0x2af3e0,20,FUN_002af3e0,todo,
0x2af3f4,20,FUN_002af3f4,todo,
0x2af408,20,FUN_002af408,todo,
0x2af41c,20,FUN_002af41c,todo,
0x2af430,20,FUN_002af430,todo,
0x2af444,188,FUN_002af444,todo,
0x2af52c,80,FUN_002af52c,todo,
0x2af57c,80,FUN_002af57c,todo,
0x2af5cc,80,FUN_002af5cc,todo,
0x2af61c,80,FUN_002af61c,todo,
0x2af66c,80,FUN_002af66c,todo,
0x2af6bc,80,FUN_002af6bc,todo,
0x2af70c,80,FUN_002af70c,todo,
0x2af7d0,56,FUN_002af7d0,todo,
0x2af80c,188,FUN_002af80c,todo,
0x2af8d0,832,FUN_002af8d0,todo,
0x2afc28,164,FUN_002afc28,todo,
0x2afccc,832,FUN_002afccc,todo,
0x2b002c,92,FUN_002b002c,todo,
0x2b008c,136,FUN_002b008c,todo,
0x2b011c,24,FUN_002b011c,todo,
0x2b0134,768,FUN_002b0134,todo,
0x2b0434,4,FUN_002b0434,todo,
0x2b043c,472,FUN_002b043c,todo,
0x2b061c,4,FUN_002b061c,todo,
0x2b0620,196,FUN_002b0620,todo,
0x2b06e4,4,FUN_002b06e4,todo,
0x2b06e8,228,FUN_002b06e8,todo,
0x2b07cc,312,FUN_002b07cc,todo,
0x2b0938,244,FUN_002b0938,todo,
0x2b0a40,272,FUN_002b0a40,todo,
0x2b0b58,248,FUN_002b0b58,todo,
0x2b0c0c,296,FUN_002b0c0c,todo,
0x2b0e18,56,FUN_002b0e18,todo,
0x2b0e50,240,FUN_002b0e50,todo,
0x2b0f54,4,FUN_002b0f54,todo,
0x2b0f58,4,FUN_002b0f58,todo,
0x2b0f98,196,FUN_002b0f98,todo,
0x2b1064,376,FUN_002b1064,todo,
0x2b1298,576,FUN_002b1298,todo,
0x2b14f0,180,FUN_002b14f0,todo,
0x2b15b8,216,FUN_002b15b8,todo,
0x2b1690,396,FUN_002b1690,todo,
0x2b182c,152,FUN_002b182c,todo,
0x2b1904,68,FUN_002b1904,todo,
0x2b19c0,152,FUN_002b19c0,todo,
0x2b1a6c,120,FUN_002b1a6c,todo,
0x2b1b10,300,FUN_002b1b10,todo,
0x2b1c60,468,FUN_002b1c60,todo,
0x2b1e64,512,FUN_002b1e64,todo,
0x2b2094,176,FUN_002b2094,todo,
0x2b214c,112,FUN_002b214c,todo,
0x2b21bc,200,FUN_002b21bc,todo,
0x2b22b8,648,FUN_002b22b8,todo,
0x2b2564,380,FUN_002b2564,todo,
0x2b2834,648,FUN_002b2834,todo,
0x2b2ac8,100,FUN_002b2ac8,todo,
0x2b2d94,96,FUN_002b2d94,todo,
0x2b2e04,32,FUN_002b2e04,todo,
0x2b2f44,212,FUN_002b2f44,todo,
0x2b3034,128,FUN_002b3034,todo,
0x2b31a0,176,FUN_002b31a0,todo,
0x2b3258,32,FUN_002b3258,todo,
0x2b32c0,56,FUN_002b32c0,todo,
0x2b32f8,52,FUN_002b32f8,todo,
0x2b332c,180,FUN_002b332c,todo,
0x2b3404,228,FUN_002b3404,todo,
0x2b34f0,1352,FUN_002b34f0,todo,
0x2b3a40,320,FUN_002b3a40,todo,
0x2b3b8c,796,FUN_002b3b8c,todo,
0x2b3eb8,248,FUN_002b3eb8,todo,
0x2b3fdc,148,FUN_002b3fdc,todo,
0x2b407c,244,FUN_002b407c,todo,
0x2b4178,232,FUN_002b4178,todo,
0x2b4268,88,FUN_002b4268,todo,
0x2b4334,88,FUN_002b4334,todo,
0x2b438c,220,FUN_002b438c,todo,
0x2b44ac,88,FUN_002b44ac,todo,
0x2b4504,220,FUN_002b4504,todo,
0x2b45e8,44,FUN_002b45e8,todo,
0x2b4744,484,FUN_002b4744,todo,
0x2b4934,192,FUN_002b4934,todo,
0x2b4a00,100,FUN_002b4a00,todo,
0x2b4a90,536,FUN_002b4a90,todo,
0x2b4cb0,92,FUN_002b4cb0,todo,
0x2b4d0c,120,FUN_002b4d0c,todo,
0x2b501c,128,FUN_002b501c,todo,
0x2b50a8,172,FUN_002b50a8,todo,
0x2b516c,20,FUN_002b516c,todo,
0x2b5184,12,FUN_002b5184,todo,
0x2b5190,260,FUN_002b5190,todo,
0x2b54d8,184,FUN_002b54d8,todo,
0x2b55a4,8,FUN_002b55a4,todo,
0x2b55ac,12,FUN_002b55ac,todo,
0x2b55c8,248,FUN_002b55c8,todo,
0x2b56d0,560,FUN_002b56d0,todo,
0x2b590c,1580,FUN_002b590c,todo,
0x2b5f8c,300,FUN_002b5f8c,todo,
0x2b60d0,12,FUN_002b60d0,todo,
0x2b60e0,304,FUN_002b60e0,todo,
0x2b6210,40,FUN_002b6210,todo,
0x2b6240,40,FUN_002b6240,todo,
0x2b6270,92,FUN_002b6270,todo,
0x2b6498,192,FUN_002b6498,todo,
0x2b6560,192,FUN_002b6560,todo,
0x2b6bd8,44,FUN_002b6bd8,todo,
0x2b6c04,172,FUN_002b6c04,todo,
0x2b6cc8,520,FUN_002b6cc8,todo,
0x2b6efc,548,FUN_002b6efc,todo,
0x2b700c,512,FUN_002b700c,todo,
0x2b721c,904,FUN_002b721c,todo,
0x2b75ac,652,FUN_002b75ac,todo,
0x2b7614,736,FUN_002b7614,todo,
0x2b7b48,72,FUN_002b7b48,todo,
0x2b7b90,236,FUN_002b7b90,todo,
0x2b7c84,648,FUN_002b7c84,todo,
0x2b7f1c,12,FUN_002b7f1c,todo,
0x2b7f30,256,FUN_002b7f30,todo,
0x2b8040,320,FUN_002b8040,todo,
0x2b8130,1376,FUN_002b8130,todo,
0x2b86d0,32,FUN_002b86d0,todo,
0x2b86f0,612,FUN_002b86f0,todo,
0x2b8988,124,FUN_002b8988,todo,
0x2b8a0c,144,FUN_002b8a0c,todo,
0x2b8aa4,44,FUN_002b8aa4,todo,
0x2b8ad8,224,FUN_002b8ad8,todo,
0x2b8c40,56,FUN_002b8c40,todo,
0x2b8c78,28,FUN_002b8c78,todo,
0x2b8c98,728,FUN_002b8c98,todo,
0x2b8fb0,416,FUN_002b8fb0,todo,
0x2b9160,252,FUN_002b9160,todo,
0x2b9274,480,FUN_002b9274,todo,
0x2b9468,44,FUN_002b9468,todo,
0x2b9494,28,FUN_002b9494,todo,
0x2b94b0,148,FUN_002b94b0,todo,
0x2b9590,176,FUN_002b9590,todo,
0x2b9650,264,FUN_002b9650,todo,
0x2b978c,96,FUN_002b978c,todo,
0x2b9954,440,FUN_002b9954,todo,
0x2b9b70,76,FUN_002b9b70,todo,
0x2b9bc4,44,FUN_002b9bc4,todo,
0x2ba2fc,432,FUN_002ba2fc,todo,
0x2ba3f0,396,FUN_002ba3f0,todo,
0x2ba580,2108,FUN_002ba580,todo,
0x2badc4,724,FUN_002badc4,todo,
0x2baf4c,76,FUN_002baf4c,todo,
0x2bb328,428,FUN_002bb328,todo,
0x2bb4d4,348,FUN_002bb4d4,todo,
0x2bb630,36,FUN_002bb630,todo,
0x2bb654,16,FUN_002bb654,todo,
0x2bb664,992,FUN_002bb664,todo,
0x2bbb38,764,FUN_002bbb38,todo,
0x2bc19c,100,FUN_002bc19c,todo,
0x2bc200,36,FUN_002bc200,todo,
0x2bc248,44,FUN_002bc248,todo,
0x2bc274,92,FUN_002bc274,todo,
0x2bc2d0,100,FUN_002bc2d0,todo,
0x2bc338,100,FUN_002bc338,todo,
0x2bc3a0,24,FUN_002bc3a0,todo,
0x2bc3b8,96,FUN_002bc3b8,todo,
0x2bc460,92,FUN_002bc460,todo,
0x2bc4bc,76,FUN_002bc4bc,todo,
0x2bc508,444,FUN_002bc508,todo,
0x2bc7e8,36,FUN_002bc7e8,todo,
0x2bc80c,36,FUN_002bc80c,todo,
0x2bc830,2768,FUN_002bc830,todo,
0x2bd3a4,2108,FUN_002bd3a4,todo,
0x2bdc60,100,FUN_002bdc60,todo,
0x2bdcc8,72,FUN_002bdcc8,todo,
0x2bdd10,788,FUN_002bdd10,todo,
0x2be000,20,FUN_002be000,todo,
0x2be0cc,20,FUN_002be0cc,todo,
0x2be188,104,FUN_002be188,todo,
0x2be1f0,248,FUN_002be1f0,todo,
0x2be3ac,1496,FUN_002be3ac,todo,
0x2be990,96,FUN_002be990,todo,
0x2be9f0,96,FUN_002be9f0,todo,
0x2bea50,484,FUN_002bea50,todo,
0x2beb54,232,FUN_002beb54,todo,
0x2bec68,1172,FUN_002bec68,todo,
0x2bf134,124,FUN_002bf134,todo,
0x2bf1b8,484,FUN_002bf1b8,todo,
0x2bf3b0,688,FUN_002bf3b0,todo,
0x2bf680,44,FUN_002bf680,todo,
0x2bf6b4,1052,FUN_002bf6b4,todo,
0x2bfc14,160,FUN_002bfc14,todo,
0x2bfccc,180,FUN_002bfccc,todo,
0x2bfd98,32,FUN_002bfd98,todo,
0x2bfe38,64,FUN_002bfe38,todo,
0x2bfe7c,124,FUN_002bfe7c,todo,
0x2bff00,292,FUN_002bff00,todo,
0x2c0030,32,FUN_002c0030,todo,
0x2c0068,256,FUN_002c0068,todo,
0x2c0174,368,FUN_002c0174,todo,
0x2c02f4,680,FUN_002c02f4,todo,
0x2c05e4,124,FUN_002c05e4,todo,
0x2c0668,108,FUN_002c0668,todo,
0x2c06fc,476,FUN_002c06fc,todo,
0x2c0934,88,FUN_002c0934,todo,
0x2c098c,1520,FUN_002c098c,todo,
0x2c0d74,60,FUN_002c0d74,todo,
0x2c0db0,24,FUN_002c0db0,todo,
0x2c0dc8,84,FUN_002c0dc8,todo,
0x2c0e24,104,FUN_002c0e24,todo,
0x2c0eb4,904,FUN_002c0eb4,todo,
0x2c14ac,72,FUN_002c14ac,todo,
0x2c1500,252,FUN_002c1500,todo,
0x2c1604,72,FUN_002c1604,todo,
0x2c18f0,52,FUN_002c18f0,todo,
0x2c1924,744,FUN_002c1924,todo,
0x2c1c20,476,FUN_002c1c20,todo,
0x2c1e0c,2192,FUN_002c1e0c,todo,
0x2c275c,124,FUN_002c275c,todo,
0x2c2804,320,FUN_002c2804,todo,
0x2c2950,380,FUN_002c2950,todo,
0x2c2adc,28,FUN_002c2adc,todo,
0x2c2af8,1056,FUN_002c2af8,todo,
0x2c2f38,308,FUN_002c2f38,todo,
0x2c307c,948,FUN_002c307c,todo,
0x2c3454,204,FUN_002c3454,todo,
0x2c35d0,104,FUN_002c35d0,todo,
0x2c3638,168,FUN_002c3638,todo,
0x2c36e4,76,FUN_002c36e4,todo,
0x2c3734,32,FUN_002c3734,todo,
0x2c376c,112,FUN_002c376c,todo,
0x2c37ec,556,FUN_002c37ec,todo,
0x2c3a3c,76,FUN_002c3a3c,todo,
0x2c3a90,256,FUN_002c3a90,todo,
0x2c3b9c,680,FUN_002c3b9c,todo,
0x2c3e90,188,FUN_002c3e90,todo,
0x2c3f5c,716,FUN_002c3f5c,todo,
0x2c429c,76,FUN_002c429c,todo,
0x2c42ec,32,FUN_002c42ec,todo,
0x2c4328,104,FUN_002c4328,todo,
0x2c4398,156,FUN_002c4398,todo,
0x2c443c,84,FUN_002c443c,todo,
0x2c44a4,232,FUN_002c44a4,todo,
0x2c4598,180,FUN_002c4598,todo,
0x2c4654,48,FUN_002c4654,todo,
0x2c4688,40,FUN_002c4688,todo,
0x2c46d4,612,FUN_002c46d4,todo,
0x2c4970,124,FUN_002c4970,todo,
0x2c49f4,44,FUN_002c49f4,todo,
0x2c4a40,32,FUN_002c4a40,todo,
0x2c4a98,156,FUN_002c4a98,todo,
0x2c4b3c,28,FUN_002c4b3c,todo,
0x2c4b5c,180,FUN_002c4b5c,todo,
0x2c4c40,620,FUN_002c4c40,todo,
0x2c4ec0,168,FUN_002c4ec0,todo,
0x2c4f74,48,FUN_002c4f74,todo,
0x2c4fa4,1360,FUN_002c4fa4,todo,
0x2c5580,180,FUN_002c5580,todo,
0x2c59bc,208,FUN_002c59bc,todo,
0x2c5bc4,124,FUN_002c5bc4,todo,
0x2c5c68,124,FUN_002c5c68,todo,
0x2c5ce8,624,FUN_002c5ce8,todo,
0x2c5f70,640,FUN_002c5f70,todo,
0x2c6228,16,FUN_002c6228,todo,
0x2c6238,28,FUN_002c6238,todo,
0x2c6314,424,FUN_002c6314,todo,
0x2c64cc,72,FUN_002c64cc,todo,
0x2c6518,272,FUN_002c6518,todo,
0x2c6634,268,FUN_002c6634,todo,
0x2c6770,504,FUN_002c6770,todo,
0x2c69b4,76,FUN_002c69b4,todo,
0x2c6a08,336,FUN_002c6a08,todo,
0x2c6b6c,312,FUN_002c6b6c,todo,
0x2c6cb8,736,FUN_002c6cb8,todo,
0x2c6ff4,56,FUN_002c6ff4,todo,
0x2c702c,600,FUN_002c702c,todo,
0x2c72a0,192,FUN_002c72a0,todo,
0x2c7370,144,FUN_002c7370,todo,
0x2c7424,52,FUN_002c7424,todo,
0x2c745c,4,FUN_002c745c,todo,
0x2c7460,492,FUN_002c7460,todo,
0x2c7668,112,FUN_002c7668,todo,
0x2c76dc,888,FUN_002c76dc,todo,
0x2c7cc0,196,FUN_002c7cc0,todo,
0x2c7d94,680,FUN_002c7d94,todo,
0x2c81c8,388,FUN_002c81c8,todo,
0x2c8358,176,FUN_002c8358,todo,
0x2c8408,196,FUN_002c8408,todo,
0x2c8544,44,FUN_002c8544,todo,
0x2c8574,52,FUN_002c8574,todo,
0x2c85ac,1140,FUN_002c85ac,todo,
0x2c8ab0,736,FUN_002c8ab0,todo,
0x2c9314,156,FUN_002c9314,todo,
0x2c93b8,212,FUN_002c93b8,todo,
0x2c94a4,88,FUN_002c94a4,todo,
0x2c9508,220,FUN_002c9508,todo,
0x2c9698,248,FUN_002c9698,todo,
0x2c97c4,600,FUN_002c97c4,todo,
0x2c9a28,748,FUN_002c9a28,todo,
0x2c9d1c,252,FUN_002c9d1c,todo,
0x2c9e28,244,FUN_002c9e28,todo,
0x2ca1c8,168,FUN_002ca1c8,todo,
0x2ca270,4,thunk_FUN_002c745c,todo,
0x2ca274,76,FUN_002ca274,todo,
0x2ca2c8,84,FUN_002ca2c8,todo,
0x2ca324,652,FUN_002ca324,todo,
0x2ca5fc,52,FUN_002ca5fc,todo,
0x2ca630,412,FUN_002ca630,todo,
0x2ca7e0,8388,FUN_002ca7e0,todo,
0x2ccbc4,76,FUN_002ccbc4,todo,
0x2ccc1c,140,FUN_002ccc1c,todo,
0x2cccb4,256,FUN_002cccb4,todo,
0x2ccdd4,464,FUN_002ccdd4,todo,
0x2ccfa0,68,FUN_002ccfa0,todo,
0x2ccff0,52,FUN_002ccff0,todo,
0x2cd028,12,FUN_002cd028,todo,
0x2cd064,76,FUN_002cd064,todo,
0x2cd140,20,FUN_002cd140,todo,
0x2cd154,20,FUN_002cd154,todo,
0x2cd168,36,FUN_002cd168,todo,
0x2cd194,96,FUN_002cd194,todo,
0x2cd234,76,FUN_002cd234,todo,
0x2cd30c,128,FUN_002cd30c,todo,
0x2cd48c,104,FUN_002cd48c,todo,
0x2cd4f4,120,FUN_002cd4f4,todo,
0x2cd67c,104,FUN_002cd67c,todo,
0x2cd6e4,96,FUN_002cd6e4,todo,
0x2cd744,136,FUN_002cd744,todo,
0x2cd7cc,104,FUN_002cd7cc,todo,
0x2cd834,376,FUN_002cd834,todo,
0x2cd9ac,148,FUN_002cd9ac,todo,
0x2cdba8,792,FUN_002cdba8,todo,
0x2cdecc,84,FUN_002cdecc,todo,
0x2cdf20,112,FUN_002cdf20,todo,
0x2cdf94,580,FUN_002cdf94,todo,
0x2ce1e0,88,FUN_002ce1e0,todo,
0x2ce238,196,FUN_002ce238,todo,
0x2ce2fc,868,FUN_002ce2fc,todo,
0x2ce670,276,FUN_002ce670,todo,
0x2ce688,80,FUN_002ce688,todo,
0x2ce6d8,100,FUN_002ce6d8,todo,
0x2ce73c,60,FUN_002ce73c,todo,
0x2ce780,228,FUN_002ce780,todo,
0x2ce864,136,FUN_002ce864,todo,
0x2ce8ec,120,FUN_002ce8ec,todo,
0x2ce974,228,FUN_002ce974,todo,
0x2cea58,100,FUN_002cea58,todo,
0x2ceabc,160,FUN_002ceabc,todo,
0x2ceb40,76,FUN_002ceb40,todo,
0x2ceb8c,120,FUN_002ceb8c,todo,
0x2cec04,28,FUN_002cec04,todo,
0x2cec20,228,FUN_002cec20,todo,
0x2ced04,92,FUN_002ced04,todo,
0x2ced60,172,FUN_002ced60,todo,
0x2cee14,116,FUN_002cee14,todo,
0x2ceeb8,88,FUN_002ceeb8,todo,
0x2cef10,136,FUN_002cef10,todo,
0x2cef98,144,FUN_002cef98,todo,
0x2cf028,652,FUN_002cf028,todo,
0x2cf2c4,136,FUN_002cf2c4,todo,
0x2cf3e4,768,FUN_002cf3e4,todo,
0x2cf6e4,96,FUN_002cf6e4,todo,
0x2cf744,24,FUN_002cf744,todo,
0x2cf75c,172,FUN_002cf75c,todo,
0x2cf808,324,FUN_002cf808,todo,
0x2cf950,1348,FUN_002cf950,todo,
0x2cfebc,128,FUN_002cfebc,todo,
0x2d014c,420,FUN_002d014c,todo,
0x2d02f4,156,FUN_002d02f4,todo,
0x2d0348,244,FUN_002d0348,todo,
0x2d043c,108,FUN_002d043c,todo,
0x2d04a8,152,FUN_002d04a8,todo,
0x2d0540,228,FUN_002d0540,todo,
0x2d062c,228,FUN_002d062c,todo,
0x2d0710,244,FUN_002d0710,todo,
0x2d0804,88,FUN_002d0804,todo,
0x2d085c,228,FUN_002d085c,todo,
0x2d0940,76,FUN_002d0940,todo,
0x2d098c,244,FUN_002d098c,todo,
0x2d0a80,88,FUN_002d0a80,todo,
0x2d0ad8,244,FUN_002d0ad8,todo,
0x2d0bcc,100,FUN_002d0bcc,todo,
0x2d0c30,228,FUN_002d0c30,todo,
0x2d0d2c,160,FUN_002d0d2c,todo,
0x2d0e04,64,FUN_002d0e04,todo,
0x2d0e44,540,FUN_002d0e44,todo,
0x2d106c,168,FUN_002d106c,todo,
0x2d113c,60,FUN_002d113c,todo,
0x2d117c,316,FUN_002d117c,todo,
0x2d12cc,36,FUN_002d12cc,todo,
0x2d12f0,844,FUN_002d12f0,todo,
0x2d1654,520,FUN_002d1654,todo,
0x2d1870,40,FUN_002d1870,todo,
0x2d1898,56,FUN_002d1898,todo,
0x2d18d0,264,FUN_002d18d0,todo,
0x2d19e0,24,FUN_002d19e0,todo,
0x2d19f8,36,FUN_002d19f8,todo,
0x2d1a1c,104,FUN_002d1a1c,todo,
0x2d1a8c,104,FUN_002d1a8c,todo,
0x2d1cc4,600,FUN_002d1cc4,todo,
0x2d1f78,244,FUN_002d1f78,todo,
0x2d1fc4,48,FUN_002d1fc4,todo,
0x2d1ff4,224,FUN_002d1ff4,todo,
0x2d21a8,380,FUN_002d21a8,todo,
0x2d2328,48,FUN_002d2328,todo,
0x2d2360,288,FUN_002d2360,todo,
0x2d2498,828,FUN_002d2498,todo,
0x2d27ec,276,FUN_002d27ec,todo,
0x2d2980,24,FUN_002d2980,todo,
0x2d2998,104,FUN_002d2998,todo,
0x2d2a08,508,FUN_002d2a08,todo,
0x2d2c0c,1040,FUN_002d2c0c,todo,
0x2d3034,156,FUN_002d3034,todo,
0x2d34e0,1056,FUN_002d34e0,todo,
0x2d391c,92,FUN_002d391c,todo,
0x2d3980,48,FUN_002d3980,todo,
0x2d39b4,324,FUN_002d39b4,todo,
0x2d3b10,304,FUN_002d3b10,todo,
0x2d3c4c,1024,FUN_002d3c4c,todo,
0x2d405c,748,FUN_002d405c,todo,
0x2d4354,40,FUN_002d4354,todo,
0x2d4380,28,FUN_002d4380,todo,
0x2d43a0,68,FUN_002d43a0,todo,
0x2d43e8,16,FUN_002d43e8,todo,
0x2d43f8,16,FUN_002d43f8,todo,
0x2d446c,296,FUN_002d446c,todo,
0x2d4598,292,FUN_002d4598,todo,
0x2d46d0,192,FUN_002d46d0,todo,
0x2d479c,72,FUN_002d479c,todo,
0x2d47e8,172,FUN_002d47e8,todo,
0x2d4898,276,FUN_002d4898,todo,
0x2d49b8,12,FUN_002d49b8,todo,
0x2d49c4,28,FUN_002d49c4,todo,
0x2d49e0,664,FUN_002d49e0,todo,
0x2d4c90,44,FUN_002d4c90,todo,
0x2d4cbc,24,FUN_002d4cbc,todo,
0x2d4cd8,536,FUN_002d4cd8,todo,
0x2d4f0c,576,FUN_002d4f0c,todo,
0x2d5164,16,FUN_002d5164,todo,
0x2d5174,212,FUN_002d5174,todo,
0x2d51f8,312,FUN_002d51f8,todo,
0x2d5338,252,FUN_002d5338,todo,
0x2d5440,68,FUN_002d5440,todo,
0x2d5488,476,FUN_002d5488,todo,
0x2d5670,48,FUN_002d5670,todo,
0x2d56a0,28,FUN_002d56a0,todo,
0x2d5784,1380,FUN_002d5784,todo,
0x2d5e74,8952,FUN_002d5e74,todo,
0x2d8e04,184,FUN_002d8e04,todo,
0x2d8e80,344,FUN_002d8e80,todo,
0x2d8fe4,224,FUN_002d8fe4,todo,
0x2d90cc,48,FUN_002d90cc,todo,
0x2d9100,1912,FUN_002d9100,todo,
0x2d98a4,2740,FUN_002d98a4,todo,
0x2da380,160,FUN_002da380,todo,
0x2da424,860,FUN_002da424,todo,
0x2da498,3440,FUN_002da498,todo,
0x2db248,24,FUN_002db248,todo,
0x2db260,3252,FUN_002db260,todo,
0x2dc248,1396,FUN_002dc248,todo,
0x2dc7d8,352,FUN_002dc7d8,todo,
0x2dc940,1576,FUN_002dc940,todo,
0x2dcf24,16,FUN_002dcf24,todo,
0x2dcf34,120,FUN_002dcf34,todo,
0x2dcfac,32,FUN_002dcfac,todo,
0x2dcfcc,36,FUN_002dcfcc,todo,
0x2dcff0,84,FUN_002dcff0,todo,
0x2dd04c,332,FUN_002dd04c,todo,
0x2dd1a0,48,FUN_002dd1a0,todo,
0x2dd1d8,56,FUN_002dd1d8,todo,
0x2dd214,428,FUN_002dd214,todo,
0x2dd36c,96,FUN_002dd36c,todo,
0x2dd3d4,144,FUN_002dd3d4,todo,
0x2dd424,1708,FUN_002dd424,todo,
0x2ddae8,180,FUN_002ddae8,todo,
0x2ddba4,76,FUN_002ddba4,todo,
0x2ddc34,272,FUN_002ddc34,todo,
0x2ddd4c,32,FUN_002ddd4c,todo,
0x2ddd70,88,FUN_002ddd70,todo,
0x2dddcc,152,FUN_002dddcc,todo,
0x2dde70,28,FUN_002dde70,todo,
0x2dde90,412,FUN_002dde90,todo,
0x2de084,152,FUN_002de084,todo,
0x2de120,132,FUN_002de120,todo,
0x2de1a8,1372,FUN_002de1a8,todo,
0x2de730,184,FUN_002de730,todo,
0x2de7e8,280,FUN_002de7e8,todo,
0x2de904,712,FUN_002de904,todo,
0x2debf0,328,FUN_002debf0,todo,
0x2ded4c,52,FUN_002ded4c,todo,
0x2ded80,60,FUN_002ded80,todo,
0x2dedbc,32,FUN_002dedbc,todo,
0x2dedfc,60,FUN_002dedfc,todo,
0x2dee38,64,FUN_002dee38,todo,
0x2dee80,148,FUN_002dee80,todo,
0x2def5c,56,FUN_002def5c,todo,
0x2def94,20,FUN_002def94,todo,
0x2defa8,204,FUN_002defa8,todo,
0x2df014,1200,FUN_002df014,todo,
0x2df4d8,92,FUN_002df4d8,todo,
0x2df538,792,FUN_002df538,todo,
0x2dfa40,56,FUN_002dfa40,todo,
0x2dfa78,52,FUN_002dfa78,todo,
0x2dfaac,52,FUN_002dfaac,todo,
0x2dfafc,236,FUN_002dfafc,todo,
0x2dfbf4,20,FUN_002dfbf4,todo,
0x2dfc08,16,FUN_002dfc08,todo,
0x2dfc18,728,FUN_002dfc18,todo,
0x2dfefc,152,FUN_002dfefc,todo,
0x2dff94,300,FUN_002dff94,todo,
0x2e00d0,236,FUN_002e00d0,todo,
0x2e01cc,324,FUN_002e01cc,todo,
0x2e0324,28,FUN_002e0324,todo,
0x2e0340,476,FUN_002e0340,todo,
0x2e0858,44,FUN_002e0858,todo,
0x2e0884,56,FUN_002e0884,todo,
0x2e08bc,324,FUN_002e08bc,todo,
0x2e0a1c,28,FUN_002e0a1c,todo,
0x2e0a38,120,FUN_002e0a38,todo,
0x2e0ab8,44,FUN_002e0ab8,todo,
0x2e0ae4,52,FUN_002e0ae4,todo,
0x2e0bdc,432,FUN_002e0bdc,todo,
0x2e0d98,180,FUN_002e0d98,todo,
0x2e0e5c,584,FUN_002e0e5c,todo,
0x2e14b0,48,FUN_002e14b0,todo,
0x2e14e0,52,FUN_002e14e0,todo,
0x2e1514,44,FUN_002e1514,todo,
0x2e1540,48,FUN_002e1540,todo,
0x2e1570,52,FUN_002e1570,todo,
0x2e15a4,288,FUN_002e15a4,todo,
0x2e238c,268,FUN_002e238c,todo,
0x2e24a0,200,FUN_002e24a0,todo,
0x2e2568,256,FUN_002e2568,todo,
0x2e267c,256,FUN_002e267c,todo,
0x2e2784,168,FUN_002e2784,todo,
0x2e282c,468,FUN_002e282c,todo,
0x2e2a10,136,FUN_002e2a10,todo,
0x2e2a98,288,FUN_002e2a98,todo,
0x2e2bfc,132,FUN_002e2bfc,todo,
0x2e2f50,64,FUN_002e2f50,todo,
0x2e30b4,220,FUN_002e30b4,todo,
0x2e31a0,1280,FUN_002e31a0,todo,
0x2e36cc,760,FUN_002e36cc,todo,
0x2e4144,1140,FUN_002e4144,todo,
0x2e45f0,132,FUN_002e45f0,todo,
0x2e467c,68,FUN_002e467c,todo,
0x2e46c0,56,FUN_002e46c0,todo,
0x2e46f8,804,FUN_002e46f8,todo,
0x2e4a38,452,FUN_002e4a38,todo,
0x2e4c08,492,FUN_002e4c08,todo,
0x2e4e10,344,FUN_002e4e10,todo,
0x2e4f70,16,FUN_002e4f70,todo,
0x2e4f80,56,FUN_002e4f80,todo,
0x2e4fbc,100,FUN_002e4fbc,todo,
0x2e5070,384,FUN_002e5070,todo,
0x2e5200,248,FUN_002e5200,todo,
0x2e52f8,1256,FUN_002e52f8,todo,
0x2e57e0,1468,FUN_002e57e0,todo,
0x2e5d9c,2024,FUN_002e5d9c,todo,
0x2e675c,16,FUN_002e675c,todo,
0x2e676c,60,FUN_002e676c,todo,
0x2e67a8,124,FUN_002e67a8,todo,
0x2e6834,1564,FUN_002e6834,todo,
0x2e693c,4832,FUN_002e693c,todo,
0x2e8574,12,FUN_002e8574,todo,
0x2e8580,160,FUN_002e8580,todo,
0x2e862c,244,FUN_002e862c,todo,
0x2e8724,380,FUN_002e8724,todo,
0x2e88a8,120,FUN_002e88a8,todo,
0x2e8920,372,FUN_002e8920,todo,
0x2e8aa4,372,FUN_002e8aa4,todo,
0x2e8d9c,204,FUN_002e8d9c,todo,
0x2e90ec,236,FUN_002e90ec,todo,
0x2e93d8,200,FUN_002e93d8,todo,
0x2e94ac,52,FUN_002e94ac,todo,
0x2e94e0,52,FUN_002e94e0,todo,
0x2e9518,68,FUN_002e9518,todo,
0x2e955c,332,FUN_002e955c,todo,
0x2e96b0,44,FUN_002e96b0,todo,
0x2e9770,248,FUN_002e9770,todo,
0x2e9870,136,FUN_002e9870,todo,
0x2e9998,44,FUN_002e9998,todo,
0x2e99c8,80,FUN_002e99c8,todo,
0x2e9a18,516,FUN_002e9a18,todo,
0x2e9c24,240,FUN_002e9c24,todo,
0x2e9d1c,244,FUN_002e9d1c,todo,
0x2e9e28,208,FUN_002e9e28,todo,
0x2e9f00,332,FUN_002e9f00,todo,
0x2ea050,40,FUN_002ea050,todo,
0x2ea07c,44,FUN_002ea07c,todo,
0x2ea0ac,40,FUN_002ea0ac,todo,
0x2ea0d8,516,FUN_002ea0d8,todo,
0x2ea2e4,240,FUN_002ea2e4,todo,
0x2ea3dc,36,FUN_002ea3dc,todo,
0x2ea404,44,FUN_002ea404,todo,
0x2ea434,180,FUN_002ea434,todo,
0x2ea4f0,412,FUN_002ea4f0,todo,
0x2ea694,44,FUN_002ea694,todo,
0x2ea6c4,44,FUN_002ea6c4,todo,
0x2ea6f0,120,FUN_002ea6f0,todo,
0x2ea770,60,FUN_002ea770,todo,
0x2ea7ac,120,FUN_002ea7ac,todo,
0x2ea82c,248,FUN_002ea82c,todo,
0x2ea928,40,FUN_002ea928,todo,
0x2ea954,44,FUN_002ea954,todo,
0x2ea984,40,FUN_002ea984,todo,
0x2ea9b0,36,FUN_002ea9b0,todo,
0x2ea9d8,44,FUN_002ea9d8,todo,
0x2eaa08,60,FUN_002eaa08,todo,
0x2eaa44,88,FUN_002eaa44,todo,
0x2eaa9c,76,FUN_002eaa9c,todo,
0x2eaae8,76,FUN_002eaae8,todo,
0x2eab34,72,FUN_002eab34,todo,
0x2eab7c,104,FUN_002eab7c,todo,
0x2eabe4,104,FUN_002eabe4,todo,
0x2eac4c,108,FUN_002eac4c,todo,
0x2eacb8,72,FUN_002eacb8,todo,
0x2ead00,72,FUN_002ead00,todo,
0x2ead48,72,FUN_002ead48,todo,
0x2ead90,104,FUN_002ead90,todo,
0x2eadf8,104,FUN_002eadf8,todo,
0x2eae60,104,FUN_002eae60,todo,
0x2eaec8,60,FUN_002eaec8,todo,
0x2eaf04,100,FUN_002eaf04,todo,
0x2eaf68,100,FUN_002eaf68,todo,
0x2eafcc,100,FUN_002eafcc,todo,
0x2eb030,96,FUN_002eb030,todo,
0x2eb090,96,FUN_002eb090,todo,
0x2eb0f0,96,FUN_002eb0f0,todo,
0x2eb16c,432,FUN_002eb16c,todo,
0x2eb670,5364,FUN_002eb670,todo,
0x2ecd0c,56,FUN_002ecd0c,todo,
0x2ecdf8,404,FUN_002ecdf8,todo,
0x2ed104,352,FUN_002ed104,todo,
0x2ed264,20,FUN_002ed264,todo,
0x2ed278,284,FUN_002ed278,todo,
0x2ed398,328,FUN_002ed398,todo,
0x2ed4f0,176,FUN_002ed4f0,todo,
0x2ed5a4,312,FUN_002ed5a4,todo,
0x2edab8,400,FUN_002edab8,todo,
0x2edc5c,264,FUN_002edc5c,todo,
0x2edd80,328,FUN_002edd80,todo,
0x2edf00,144,FUN_002edf00,todo,
0x2edf94,328,FUN_002edf94,todo,
0x2ee0d4,2004,FUN_002ee0d4,todo,
0x2ee51c,1292,FUN_002ee51c,todo,
0x2ee70c,1160,FUN_002ee70c,todo,
0x2ee758,36,FUN_002ee758,todo,
0x2ee77c,204,FUN_002ee77c,todo,
0x2ee850,68,FUN_002ee850,todo,
0x2ee894,4668,FUN_002ee894,todo,
0x2efb6c,52,FUN_002efb6c,todo,
0x2efbbc,32,FUN_002efbbc,todo,
0x2efbdc,120,FUN_002efbdc,todo,
0x2efc5c,20,FUN_002efc5c,todo,
0x2efc70,56,FUN_002efc70,todo,
0x2efcd0,88,FUN_002efcd0,todo,
0x2efd2c,2016,FUN_002efd2c,todo,
0x2f0cc0,124,FUN_002f0cc0,todo,
0x2f0d3c,428,FUN_002f0d3c,todo,
0x2f0ef0,460,FUN_002f0ef0,todo,
0x2f10e0,312,FUN_002f10e0,todo,
0x2f1220,84,FUN_002f1220,todo,
0x2f1280,896,FUN_002f1280,todo,
0x2f1c7c,4204,FUN_002f1c7c,todo,
0x2f2fd8,96,FUN_002f2fd8,todo,
0x2f3044,116,FUN_002f3044,todo,
0x2f30c0,112,FUN_002f30c0,todo,
0x2f3134,132,FUN_002f3134,todo,
0x2f31b8,224,FUN_002f31b8,todo,
0x2f32a4,148,FUN_002f32a4,todo,
0x2f3338,52,FUN_002f3338,todo,
0x2f334c,28,FUN_002f334c,todo,
0x2f3360,880,FUN_002f3360,todo,
0x2f377c,148,FUN_002f377c,todo,
0x2f3818,204,FUN_002f3818,todo,
0x2f38f0,1228,FUN_002f38f0,todo,
0x2f3e00,120,FUN_002f3e00,todo,
0x2f3e80,184,FUN_002f3e80,todo,
0x2f3f40,224,FUN_002f3f40,todo,
0x2f4028,440,FUN_002f4028,todo,
0x2f4234,156,FUN_002f4234,todo,
0x2f43c0,296,FUN_002f43c0,todo,
0x2f45f8,168,FUN_002f45f8,todo,
0x2f46a8,88,FUN_002f46a8,todo,
0x2f46bc,2964,FUN_002f46bc,todo,
0x2f4b44,1132,FUN_002f4b44,todo,
0x2f4fd4,136,FUN_002f4fd4,todo,
0x2f505c,108,FUN_002f505c,todo,
0x2f50c8,36,FUN_002f50c8,todo,
0x2f50ec,88,FUN_002f50ec,todo,
0x2f5144,316,FUN_002f5144,todo,
0x2f5284,204,FUN_002f5284,todo,
0x2f5364,596,FUN_002f5364,todo,
0x2f55cc,268,FUN_002f55cc,todo,
0x2f5a64,88,FUN_002f5a64,todo,
0x2f5ac8,1156,FUN_002f5ac8,todo,
0x2f6240,176,FUN_002f6240,todo,
0x2f62f4,52,FUN_002f62f4,todo,
0x2f6330,128,FUN_002f6330,todo,
0x2f63b8,56,FUN_002f63b8,todo,
0x2f63f0,44,FUN_002f63f0,todo,
0x2f6420,524,FUN_002f6420,todo,
0x2f6634,428,FUN_002f6634,todo,
0x2f6a6c,336,FUN_002f6a6c,todo,
0x2f6cd0,32,FUN_002f6cd0,todo,
0x2f6cf4,1348,FUN_002f6cf4,todo,
0x2f724c,284,FUN_002f724c,todo,
0x2f7370,60,FUN_002f7370,todo,
0x2f73bc,96,FUN_002f73bc,todo,
0x2f7424,4,FUN_002f7424,todo,
0x2f7428,116,FUN_002f7428,todo,
0x2f74a8,536,FUN_002f74a8,todo,
0x2f7a78,352,FUN_002f7a78,todo,
0x2f7bec,712,FUN_002f7bec,todo,
0x2f7ec8,68,FUN_002f7ec8,todo,
0x2f7f14,352,FUN_002f7f14,todo,
0x2f8088,24,FUN_002f8088,todo,
0x2f80a4,52,FUN_002f80a4,todo,
0x2f80e0,164,FUN_002f80e0,todo,
0x2f8194,752,FUN_002f8194,todo,
0x2f8734,220,FUN_002f8734,todo,
0x2f88ec,16,FUN_002f88ec,todo,
0x2f8904,1268,FUN_002f8904,todo,
0x2f8e2c,96,FUN_002f8e2c,todo,
0x2f8e90,56,FUN_002f8e90,todo,
0x2f8ecc,320,FUN_002f8ecc,todo,
0x2f9010,2016,FUN_002f9010,todo,
0x2f956c,1208,FUN_002f956c,todo,
0x2f9a3c,3208,FUN_002f9a3c,todo,
0x2f9a5c,648,FUN_002f9a5c,todo,
0x2f9d98,60,FUN_002f9d98,todo,
0x2f9de0,812,FUN_002f9de0,todo,
0x2fa118,24,FUN_002fa118,todo,
0x2fa130,104,FUN_002fa130,todo,
0x2fa19c,36,FUN_002fa19c,todo,
0x2fa1a8,672,FUN_002fa1a8,todo,
0x2fa450,320,FUN_002fa450,todo,
0x2fa590,96,FUN_002fa590,todo,
0x2fa5ac,36,FUN_002fa5ac,todo,
0x2fa5b8,28,FUN_002fa5b8,todo,
0x2fa5d4,28,FUN_002fa5d4,todo,
0x2fa5f0,1764,FUN_002fa5f0,todo,
0x2fad00,100,FUN_002fad00,todo,
0x2fad64,128,FUN_002fad64,todo,
0x2fade8,16,FUN_002fade8,todo,
0x2fadf8,16,FUN_002fadf8,todo,
0x2fae08,220,FUN_002fae08,todo,
0x2faee8,4936,FUN_002faee8,todo,
0x2fc2a4,404,FUN_002fc2a4,todo,
0x2fc44c,280,FUN_002fc44c,todo,
0x2fc574,16,FUN_002fc574,todo,
0x2fc588,408,FUN_002fc588,todo,
0x2fc73c,1292,FUN_002fc73c,todo,
0x2fcc90,176,FUN_002fcc90,todo,
0x2fcd44,56,FUN_002fcd44,todo,
0x2fcd7c,324,FUN_002fcd7c,todo,
0x2fcee4,120,FUN_002fcee4,todo,
0x2fcf60,68,FUN_002fcf60,todo,
0x2fcfb0,888,FUN_002fcfb0,todo,
0x2fd3fc,1152,FUN_002fd3fc,todo,
0x2fd94c,176,FUN_002fd94c,todo,
0x2fda00,808,FUN_002fda00,todo,
0x2fdd40,40,FUN_002fdd40,todo,
0x2fdd70,404,FUN_002fdd70,todo,
0x2fdf18,216,FUN_002fdf18,todo,
0x2fe0b4,152,FUN_002fe0b4,todo,
0x2fe344,388,FUN_002fe344,todo,
0x2fe504,52,FUN_002fe504,todo,
0x2fe538,1056,FUN_002fe538,todo,
0x2fe97c,88,FUN_002fe97c,todo,
0x2fe9dc,2236,FUN_002fe9dc,todo,
0x2ff3c8,288,FUN_002ff3c8,todo,
0x2ff4ec,2260,FUN_002ff4ec,todo,
0x2ffdd0,188,FUN_002ffdd0,todo,
0x2ffe9c,288,FUN_002ffe9c,todo,
0x2fffc0,312,FUN_002fffc0,todo,
0x300108,212,FUN_00300108,todo,
0x3001dc,452,FUN_003001dc,todo,
0x3003ac,380,FUN_003003ac,todo,
0x300530,44,FUN_00300530,todo,
0x300560,104,FUN_00300560,todo,
0x3005d0,92,FUN_003005d0,todo,
0x300630,48,FUN_00300630,todo,
0x300664,44,FUN_00300664,todo,
0x300694,792,FUN_00300694,todo,
0x3009d8,1808,FUN_003009d8,todo,
0x301100,68,FUN_00301100,todo,
0x301148,56,FUN_00301148,todo,
0x30118c,276,FUN_0030118c,todo,
0x3012a8,444,FUN_003012a8,todo,
0x30146c,144,FUN_0030146c,todo,
0x3014fc,92,FUN_003014fc,todo,
0x30155c,384,FUN_0030155c,todo,
0x301758,932,FUN_00301758,todo,
0x301b18,532,FUN_00301b18,todo,
0x301d38,148,FUN_00301d38,todo,
0x301dcc,236,FUN_00301dcc,todo,
0x301ee8,44,FUN_00301ee8,todo,
0x301f14,72,FUN_00301f14,todo,
0x301f68,44,FUN_00301f68,todo,
0x301f94,160,FUN_00301f94,todo,
0x302298,48,FUN_00302298,todo,
0x30231c,428,FUN_0030231c,todo,
0x3024d4,156,FUN_003024d4,todo,
0x302574,72,FUN_00302574,todo,
0x3025c0,84,FUN_003025c0,todo,
0x302614,32,FUN_00302614,todo,
0x302834,268,FUN_00302834,todo,
0x302940,2024,FUN_00302940,todo,
0x303148,180,FUN_00303148,todo,
0x303204,180,FUN_00303204,todo,
0x3032d4,60,FUN_003032d4,todo,
0x3034a8,68,FUN_003034a8,todo,
0x3034f8,136,FUN_003034f8,todo,
0x303584,368,FUN_00303584,todo,
0x303704,56,FUN_00303704,todo,
0x303740,60,FUN_00303740,todo,
0x3037ac,148,FUN_003037ac,todo,
0x303864,280,FUN_00303864,todo,
0x303980,260,FUN_00303980,todo,
0x303a94,204,FUN_00303a94,todo,
0x303b60,148,FUN_00303b60,todo,
0x303bf4,128,FUN_00303bf4,todo,
0x303c80,104,FUN_00303c80,todo,
0x303cec,160,FUN_00303cec,todo,
0x303dc0,556,FUN_00303dc0,todo,
0x304004,144,FUN_00304004,todo,
0x3040a4,64,FUN_003040a4,todo,
0x3040e4,44,FUN_003040e4,todo,
0x304208,136,FUN_00304208,todo,
0x304290,88,FUN_00304290,todo,
0x3042e8,148,FUN_003042e8,todo,
0x30437c,140,FUN_0030437c,todo,
0x304408,60,FUN_00304408,todo,
0x304444,76,FUN_00304444,todo,
0x304490,76,FUN_00304490,todo,
0x3044dc,136,FUN_003044dc,todo,
0x304694,256,FUN_00304694,todo,
0x3049c0,516,FUN_003049c0,todo,
0x304bd4,916,FUN_00304bd4,todo,
0x304f7c,48,FUN_00304f7c,todo,
0x305460,356,FUN_00305460,todo,
0x305604,1216,FUN_00305604,todo,
0x305adc,440,FUN_00305adc,todo,
0x305cd0,260,FUN_00305cd0,todo,
0x305dd8,200,FUN_00305dd8,todo,
0x305ea4,260,FUN_00305ea4,todo,
0x305fb4,368,FUN_00305fb4,todo,
0x306158,236,FUN_00306158,todo,
0x306248,128,FUN_00306248,todo,
0x306304,512,FUN_00306304,todo,
0x306510,636,FUN_00306510,todo,
0x3067d0,164,FUN_003067d0,todo,
0x306d18,48,FUN_00306d18,todo,
0x306d48,912,FUN_00306d48,todo,
0x307300,272,FUN_00307300,todo,
0x3077c4,172,FUN_003077c4,todo,
0x307874,40,FUN_00307874,todo,
0x3078a4,128,FUN_003078a4,todo,
0x307924,536,FUN_00307924,todo,
0x307b64,4,thunk_FUN_00526de4,todo,
0x307b6c,312,FUN_00307b6c,todo,
0x307cac,92,FUN_00307cac,todo,
0x307d08,44,FUN_00307d08,todo,
0x307d34,88,FUN_00307d34,todo,
0x307df4,64,FUN_00307df4,todo,
0x307e58,244,FUN_00307e58,todo,
0x307f4c,80,FUN_00307f4c,todo,
0x307f9c,108,FUN_00307f9c,todo,
0x308048,36,FUN_00308048,todo,
0x308074,36,FUN_00308074,todo,
0x3080a0,96,FUN_003080a0,todo,
0x308100,492,FUN_00308100,todo,
0x3082f0,32,FUN_003082f0,todo,
0x308310,60,FUN_00308310,todo,
0x30834c,264,FUN_0030834c,todo,
0x308454,132,FUN_00308454,todo,
0x3084d8,52,FUN_003084d8,todo,
0x308518,48,FUN_00308518,todo,
0x308598,64,FUN_00308598,todo,
0x3085ec,112,FUN_003085ec,todo,
0x308684,44,FUN_00308684,todo,
0x3086d8,120,FUN_003086d8,todo,
0x308750,108,FUN_00308750,todo,
0x3087e8,144,FUN_003087e8,todo,
0x308888,64,FUN_00308888,todo,
0x3088d0,36,FUN_003088d0,todo,
0x3088f4,580,FUN_003088f4,todo,
0x308b48,156,FUN_00308b48,todo,
0x308be8,324,FUN_00308be8,todo,
0x308d30,48,FUN_00308d30,todo,
0x308d60,12,FUN_00308d60,todo,
0x308d70,56,FUN_00308d70,todo,
0x308db4,108,FUN_00308db4,todo,
0x308e30,136,FUN_00308e30,todo,
0x308f20,104,FUN_00308f20,todo,
0x308f8c,556,FUN_00308f8c,todo,
0x3091d8,84,FUN_003091d8,todo,
0x309230,76,FUN_00309230,todo,
0x30927c,96,FUN_0030927c,todo,
0x3092dc,188,FUN_003092dc,todo,
0x30939c,48,FUN_0030939c,todo,
0x3093cc,164,FUN_003093cc,todo,
0x309470,92,FUN_00309470,todo,
0x3094cc,60,FUN_003094cc,todo,
0x309508,60,FUN_00309508,todo,
0x309544,88,FUN_00309544,todo,
0x3095a4,132,FUN_003095a4,todo,
0x30962c,60,FUN_0030962c,todo,
0x309668,60,FUN_00309668,todo,
0x3096a4,100,FUN_003096a4,todo,
0x309708,360,FUN_00309708,todo,
0x309884,20,FUN_00309884,todo,
0x3098a0,28,FUN_003098a0,todo,
0x3098bc,20,FUN_003098bc,todo,
0x3098d8,28,FUN_003098d8,todo,
0x3098f4,20,FUN_003098f4,todo,
0x309908,48,FUN_00309908,todo,
0x309938,116,FUN_00309938,todo,
0x30994c,44,FUN_0030994c,todo,
0x309978,36,FUN_00309978,todo,
0x30999c,60,FUN_0030999c,todo,
0x3099d8,28,FUN_003099d8,todo,
0x3099f4,40,FUN_003099f4,todo,
0x309a1c,116,FUN_00309a1c,todo,
0x309a90,92,FUN_00309a90,todo,
0x309aec,252,FUN_00309aec,todo,
0x309bf0,168,FUN_00309bf0,todo,
0x309d0c,172,FUN_00309d0c,todo,
0x309d34,44,FUN_00309d34,todo,
0x309d90,40,FUN_00309d90,todo,
0x309db8,72,FUN_00309db8,todo,
0x309e00,116,FUN_00309e00,todo,
0x309e74,76,FUN_00309e74,todo,
0x309ec0,44,FUN_00309ec0,todo,
0x309eec,172,FUN_00309eec,todo,
0x309f98,64,FUN_00309f98,todo,
0x309fd8,44,FUN_00309fd8,todo,
0x30a004,200,FUN_0030a004,todo,
0x30a0cc,88,FUN_0030a0cc,todo,
0x30a124,100,FUN_0030a124,todo,
0x30a188,76,FUN_0030a188,todo,
0x30a1d4,308,FUN_0030a1d4,todo,
0x30a308,32,FUN_0030a308,todo,
0x30a328,76,FUN_0030a328,todo,
0x30a374,68,FUN_0030a374,todo,
0x30a3b8,48,FUN_0030a3b8,todo,
0x30a3f4,16,FUN_0030a3f4,todo,
0x30a440,48,FUN_0030a440,todo,
0x30a470,120,FUN_0030a470,todo,
0x30a4e8,44,FUN_0030a4e8,todo,
0x30a514,68,FUN_0030a514,todo,
0x30a558,44,FUN_0030a558,todo,
0x30a584,404,FUN_0030a584,todo,
0x30a784,240,FUN_0030a784,todo,
0x30a880,12,FUN_0030a880,todo,
0x30a88c,12,FUN_0030a88c,todo,
0x30a898,12,FUN_0030a898,todo,
0x30a8a4,44,FUN_0030a8a4,todo,
0x30a8d0,96,FUN_0030a8d0,todo,
0x30a940,16,FUN_0030a940,todo,
0x30a958,140,FUN_0030a958,todo,
0x30aa04,264,FUN_0030aa04,todo,
0x30ac00,404,FUN_0030ac00,todo,
0x30ae7c,600,FUN_0030ae7c,todo,
0x30b0dc,40,FUN_0030b0dc,todo,
0x30b11c,140,FUN_0030b11c,todo,
0x30b1b0,232,FUN_0030b1b0,todo,
0x30b2c8,104,FUN_0030b2c8,todo,
0x30b338,216,FUN_0030b338,todo,
0x30b428,276,FUN_0030b428,todo,
0x30b544,52,FUN_0030b544,todo,
0x30b57c,916,FUN_0030b57c,todo,
0x30b97c,548,FUN_0030b97c,todo,
0x30bc78,164,FUN_0030bc78,todo,
0x30bd1c,108,FUN_0030bd1c,todo,
0x30bd94,152,FUN_0030bd94,todo,
0x30be30,224,FUN_0030be30,todo,
0x30bf9c,72,FUN_0030bf9c,todo,
0x30bfe4,80,FUN_0030bfe4,todo,
0x30c034,20,FUN_0030c034,todo,
0x30c048,196,FUN_0030c048,todo,
0x30c120,192,FUN_0030c120,todo,
0x30c1e8,24,FUN_0030c1e8,todo,
0x30c218,40,FUN_0030c218,todo,
0x30c260,76,FUN_0030c260,todo,
0x30c2b8,140,FUN_0030c2b8,todo,
0x30c344,36,FUN_0030c344,todo,
0x30c368,76,FUN_0030c368,todo,
0x30c3b4,204,FUN_0030c3b4,todo,
0x30c480,84,FUN_0030c480,todo,
0x30c4d8,180,FUN_0030c4d8,todo,
0x30c58c,48,FUN_0030c58c,todo,
0x30c5bc,100,FUN_0030c5bc,todo,
0x30c6ec,184,FUN_0030c6ec,todo,
0x30c808,476,FUN_0030c808,todo,
0x30c9e8,268,FUN_0030c9e8,todo,
0x30cb58,456,FUN_0030cb58,todo,
0x30cd20,224,FUN_0030cd20,todo,
0x30ce18,80,FUN_0030ce18,todo,
0x30ce6c,92,FUN_0030ce6c,todo,
0x30cf2c,4,FUN_0030cf2c,todo,
0x30cf30,72,FUN_0030cf30,todo,
0x30cf84,140,FUN_0030cf84,todo,
0x30d010,208,FUN_0030d010,todo,
0x30d0e8,28,FUN_0030d0e8,todo,
0x30d144,28,FUN_0030d144,todo,
0x30d2e0,104,FUN_0030d2e0,todo,
0x30d348,228,FUN_0030d348,todo,
0x30d4b0,24,FUN_0030d4b0,todo,
0x30d4c8,24,FUN_0030d4c8,todo,
0x30d4e0,72,FUN_0030d4e0,todo,
0x30d56c,160,FUN_0030d56c,todo,
0x30d60c,160,FUN_0030d60c,todo,
0x30d6ac,8,FUN_0030d6ac,todo,
0x30d6b4,120,FUN_0030d6b4,todo,
0x30d72c,88,FUN_0030d72c,todo,
0x30d78c,112,FUN_0030d78c,todo,
0x30d7fc,36,FUN_0030d7fc,todo,
0x30d834,76,FUN_0030d834,todo,
0x30d888,336,FUN_0030d888,todo,
0x30d9b4,32,FUN_0030d9b4,todo,
0x30d9d4,32,FUN_0030d9d4,todo,
0x30d9fc,292,FUN_0030d9fc,todo,
0x30dc44,88,FUN_0030dc44,todo,
0x30dc9c,12,FUN_0030dc9c,todo,
0x30dce4,168,FUN_0030dce4,todo,
0x30dd94,184,FUN_0030dd94,todo,
0x30dfbc,200,FUN_0030dfbc,todo,
0x30e084,212,FUN_0030e084,todo,
0x30e158,268,FUN_0030e158,todo,
0x30e264,108,FUN_0030e264,todo,
0x30e2d0,192,FUN_0030e2d0,todo,
0x30e39c,204,FUN_0030e39c,todo,
0x30e46c,212,FUN_0030e46c,todo,
0x30e540,356,FUN_0030e540,todo,
0x30e6b0,264,FUN_0030e6b0,todo,
0x30e7b8,216,FUN_0030e7b8,todo,
0x30e894,284,FUN_0030e894,todo,
0x30e9b0,244,FUN_0030e9b0,todo,
0x30eaa4,224,FUN_0030eaa4,todo,
0x30eb84,264,FUN_0030eb84,todo,
0x30ec90,868,FUN_0030ec90,todo,
0x30effc,52,FUN_0030effc,todo,
0x30f03c,48,FUN_0030f03c,todo,
0x30f074,932,FUN_0030f074,todo,
0x30f418,8,FUN_0030f418,todo,
0x30f420,28,FUN_0030f420,todo,
0x30fa70,68,FUN_0030fa70,todo,
0x30fab4,352,FUN_0030fab4,todo,
0x30fc98,448,FUN_0030fc98,todo,
0x30fe5c,60,FUN_0030fe5c,todo,
0x30feac,344,FUN_0030feac,todo,
0x310024,40,FUN_00310024,todo,
0x310058,84,FUN_00310058,todo,
0x3101d0,96,FUN_003101d0,todo,
0x310248,1820,FUN_00310248,todo,
0x310978,632,FUN_00310978,todo,
0x310e8c,52,FUN_00310e8c,todo,
0x310ec0,124,FUN_00310ec0,todo,
0x310f3c,100,FUN_00310f3c,todo,
0x310fa0,136,FUN_00310fa0,todo,
0x3110b8,92,FUN_003110b8,todo,
0x311124,16,FUN_00311124,todo,
0x311144,144,FUN_00311144,todo,
0x31149c,120,FUN_0031149c,todo,
0x311514,92,FUN_00311514,todo,
0x311570,16,FUN_00311570,todo,
0x31158c,36,FUN_0031158c,todo,
0x3115b4,48,FUN_003115b4,todo,
0x3115e8,44,FUN_003115e8,todo,
0x311618,284,FUN_00311618,todo,
0x311734,40,FUN_00311734,todo,
0x31175c,48,FUN_0031175c,todo,
0x31178c,56,FUN_0031178c,todo,
0x3117c4,204,FUN_003117c4,todo,
0x311890,60,FUN_00311890,todo,
0x3118cc,44,FUN_003118cc,todo,
0x311944,64,FUN_00311944,todo,
0x311978,88,FUN_00311978,todo,
0x3119d0,360,FUN_003119d0,todo,
0x311c08,92,FUN_00311c08,todo,
0x311c64,48,FUN_00311c64,todo,
0x311c98,220,FUN_00311c98,todo,
0x311d7c,120,FUN_00311d7c,todo,
0x311df8,88,FUN_00311df8,todo,
0x311e54,288,FUN_00311e54,todo,
0x311f80,72,FUN_00311f80,todo,
0x311ff4,288,FUN_00311ff4,todo,
0x312134,44,FUN_00312134,todo,
0x3121d0,168,FUN_003121d0,todo,
0x312284,264,FUN_00312284,todo,
0x312398,40,FUN_00312398,todo,
0x3123c0,52,FUN_003123c0,todo,
0x3124ec,68,FUN_003124ec,todo,
0x312538,20,FUN_00312538,todo,
0x312558,400,FUN_00312558,todo,
0x312714,56,FUN_00312714,todo,
0x312758,164,FUN_00312758,todo,
0x3127fc,76,FUN_003127fc,todo,
0x312848,68,FUN_00312848,todo,
0x31288c,76,FUN_0031288c,todo,
0x3128d8,172,FUN_003128d8,todo,
0x312984,108,FUN_00312984,todo,
0x3129f4,88,FUN_003129f4,todo,
0x312a4c,248,FUN_00312a4c,todo,
0x312b4c,368,FUN_00312b4c,todo,
0x312cc8,152,FUN_00312cc8,todo,
0x312d74,176,FUN_00312d74,todo,
0x312f58,120,FUN_00312f58,todo,
0x312fd0,72,FUN_00312fd0,todo,
0x313018,132,FUN_00313018,todo,
0x31309c,16,FUN_0031309c,todo,
0x313240,8,FUN_00313240,todo,
0x313248,8,FUN_00313248,todo,
0x313250,4,FUN_00313250,todo,
0x313254,8,FUN_00313254,todo,
0x3133b8,1064,FUN_003133b8,todo,
0x3138c0,232,FUN_003138c0,todo,
0x3139a8,192,FUN_003139a8,todo,
0x313a68,352,FUN_00313a68,todo,
0x313bd4,20,FUN_00313bd4,todo,
0x313be8,64,FUN_00313be8,todo,
0x313c2c,428,FUN_00313c2c,todo,
0x313de4,80,FUN_00313de4,todo,
0x313e38,80,FUN_00313e38,todo,
0x313e8c,176,FUN_00313e8c,todo,
0x313f48,384,FUN_00313f48,todo,
0x31413c,192,FUN_0031413c,todo,
0x314214,80,FUN_00314214,todo,
0x31428c,308,FUN_0031428c,todo,
0x3143cc,20,FUN_003143cc,todo,
0x3143e0,96,FUN_003143e0,todo,
0x314440,160,FUN_00314440,todo,
0x3144e0,176,FUN_003144e0,todo,
0x3145b0,180,FUN_003145b0,todo,
0x31466c,288,FUN_0031466c,todo,
0x314798,460,FUN_00314798,todo,
0x314a20,72,FUN_00314a20,todo,
0x314a68,348,FUN_00314a68,todo,
0x314c10,288,FUN_00314c10,todo,
0x314d34,148,FUN_00314d34,todo,
0x314dc8,56,FUN_00314dc8,todo,
0x314e00,356,FUN_00314e00,todo,
0x314f68,448,FUN_00314f68,todo,
0x3150f8,508,FUN_003150f8,todo,
0x315308,32,FUN_00315308,todo,
0x31532c,104,FUN_0031532c,todo,
0x3155fc,352,FUN_003155fc,todo,
0x315768,916,FUN_00315768,todo,
0x315b80,412,FUN_00315b80,todo,
0x315d34,60,FUN_00315d34,todo,
0x315dd0,620,FUN_00315dd0,todo,
0x315de4,24,FUN_00315de4,todo,
0x315dfc,844,FUN_00315dfc,todo,
0x316300,88,FUN_00316300,todo,
0x31635c,348,FUN_0031635c,todo,
0x3164bc,128,FUN_003164bc,todo,
0x316540,52,FUN_00316540,todo,
0x3165d0,252,FUN_003165d0,todo,
0x3166ec,556,FUN_003166ec,todo,
0x316920,1536,FUN_00316920,todo,
0x316f44,288,FUN_00316f44,todo,
0x317064,104,FUN_00317064,todo,
0x3170d4,400,FUN_003170d4,todo,
0x3172dc,1164,FUN_003172dc,todo,
0x3177b4,16,FUN_003177b4,todo,
0x3177c4,292,FUN_003177c4,todo,
0x31791c,192,FUN_0031791c,todo,
0x3179dc,192,FUN_003179dc,todo,
0x317aa4,8,FUN_00317aa4,todo,
0x317aac,112,FUN_00317aac,todo,
0x317b20,128,FUN_00317b20,todo,
0x317bbc,104,FUN_00317bbc,todo,
0x317c38,1336,FUN_00317c38,todo,
0x3183e4,1444,FUN_003183e4,todo,
0x3189a4,404,FUN_003189a4,todo,
0x318b48,408,FUN_00318b48,todo,
0x318cf8,360,FUN_00318cf8,todo,
0x3193cc,476,FUN_003193cc,todo,
0x3195bc,200,FUN_003195bc,todo,
0x31968c,124,FUN_0031968c,todo,
0x319888,400,FUN_00319888,todo,
0x319a34,140,FUN_00319a34,todo,
0x319ac0,56,FUN_00319ac0,todo,
0x319af8,128,FUN_00319af8,todo,
0x319b7c,116,FUN_00319b7c,todo,
0x319c68,228,FUN_00319c68,todo,
0x319d5c,360,FUN_00319d5c,todo,
0x319fe4,236,FUN_00319fe4,todo,
0x31a0d8,60,FUN_0031a0d8,todo,
0x31a86c,524,FUN_0031a86c,todo,
0x31aa78,656,FUN_0031aa78,todo,
0x31ad08,712,FUN_0031ad08,todo,
0x31afd0,784,FUN_0031afd0,todo,
0x31b2e0,892,FUN_0031b2e0,todo,
0x31b65c,948,FUN_0031b65c,todo,
0x31ba10,120,FUN_0031ba10,todo,
0x31ba88,384,FUN_0031ba88,todo,
0x31bc10,216,FUN_0031bc10,todo,
0x31bcf0,212,FUN_0031bcf0,todo,
0x31bdcc,212,FUN_0031bdcc,todo,
0x31bea8,512,FUN_0031bea8,todo,
0x31c0c4,220,FUN_0031c0c4,todo,
0x31c1b0,148,FUN_0031c1b0,todo,
0x31c260,384,FUN_0031c260,todo,
0x31c3e8,784,FUN_0031c3e8,todo,
0x31c748,344,FUN_0031c748,todo,
0x31c8bc,524,FUN_0031c8bc,todo,
0x31cae4,232,FUN_0031cae4,todo,
0x31cbec,36,FUN_0031cbec,todo,
0x31cc48,84,FUN_0031cc48,todo,
0x31cc9c,224,FUN_0031cc9c,todo,
0x31cd94,732,FUN_0031cd94,todo,
0x31d074,16,FUN_0031d074,todo,
0x31d088,664,FUN_0031d088,todo,
0x31d350,268,FUN_0031d350,todo,
0x31d470,992,FUN_0031d470,todo,
0x31d8b8,8,FUN_0031d8b8,todo,
0x31d8c0,456,FUN_0031d8c0,todo,
0x31dab4,8,FUN_0031dab4,todo,
0x31dabc,52,FUN_0031dabc,todo,
0x31daf8,128,FUN_0031daf8,todo,
0x31db8c,192,FUN_0031db8c,todo,
0x31dc54,2032,FUN_0031dc54,todo,
0x31e4fc,288,FUN_0031e4fc,todo,
0x31e61c,400,FUN_0031e61c,todo,
0x31e7d0,288,FUN_0031e7d0,todo,
0x31e8f4,280,FUN_0031e8f4,todo,
0x31ea0c,668,FUN_0031ea0c,todo,
0x31eccc,312,FUN_0031eccc,todo,
0x31ee0c,364,FUN_0031ee0c,todo,
0x31efa4,100,FUN_0031efa4,todo,
0x31f020,132,FUN_0031f020,todo,
0x31f0a4,1072,FUN_0031f0a4,todo,
0x31f538,104,FUN_0031f538,todo,
0x31f5bc,944,FUN_0031f5bc,todo,
0x31fef8,560,FUN_0031fef8,todo,
0x3204ec,2160,FUN_003204ec,todo,
0x320d8c,1128,FUN_00320d8c,todo,
0x321220,928,FUN_00321220,todo,
0x321900,624,FUN_00321900,todo,
0x321b80,1864,FUN_00321b80,todo,
0x322410,368,FUN_00322410,todo,
0x322588,676,FUN_00322588,todo,
0x322880,2600,FUN_00322880,todo,
0x3232d8,124,FUN_003232d8,todo,
0x323354,184,FUN_00323354,todo,
0x32341c,100,FUN_0032341c,todo,
0x323490,420,FUN_00323490,todo,
0x323640,112,FUN_00323640,todo,
0x3236d4,368,FUN_003236d4,todo,
0x323888,328,FUN_00323888,todo,
0x3239dc,720,FUN_003239dc,todo,
0x323cc0,224,FUN_00323cc0,todo,
0x323db0,180,FUN_00323db0,todo,
0x323e74,52,FUN_00323e74,todo,
0x323ea8,568,FUN_00323ea8,todo,
0x3240e4,284,FUN_003240e4,todo,
0x324200,104,FUN_00324200,todo,
0x324268,1180,FUN_00324268,todo,
0x324714,196,FUN_00324714,todo,
0x324804,68,FUN_00324804,todo,
0x324848,32,FUN_00324848,todo,
0x324868,76,FUN_00324868,todo,
0x3248f0,84,FUN_003248f0,todo,
0x324948,60,FUN_00324948,todo,
0x324984,36,FUN_00324984,todo,
0x3249b0,136,FUN_003249b0,todo,
0x324aac,44,FUN_00324aac,todo,
0x324ad8,88,FUN_00324ad8,todo,
0x324b30,60,FUN_00324b30,todo,
0x324b6c,132,FUN_00324b6c,todo,
0x324c04,244,FUN_00324c04,todo,
0x324d08,104,FUN_00324d08,todo,
0x324d70,352,FUN_00324d70,todo,
0x324ed8,120,FUN_00324ed8,todo,
0x324f58,300,FUN_00324f58,todo,
0x325084,392,FUN_00325084,todo,
0x32520c,256,FUN_0032520c,todo,
0x32530c,360,FUN_0032530c,todo,
0x325474,264,FUN_00325474,todo,
0x325674,464,FUN_00325674,todo,
0x325848,84,FUN_00325848,todo,
0x32589c,164,FUN_0032589c,todo,
0x325944,580,FUN_00325944,todo,
0x325c08,532,FUN_00325c08,todo,
0x325c40,560,FUN_00325c40,todo,
0x325c70,112,FUN_00325c70,todo,
0x325ce0,232,FUN_00325ce0,todo,
0x325dd4,128,FUN_00325dd4,todo,
0x325e54,112,FUN_00325e54,todo,
0x325ec4,268,FUN_00325ec4,todo,
0x3261b8,188,FUN_003261b8,todo,
0x326278,684,FUN_00326278,todo,
0x326530,188,FUN_00326530,todo,
0x326638,288,FUN_00326638,todo,
0x326758,64,FUN_00326758,todo,
0x326928,484,FUN_00326928,todo,
0x326b10,548,FUN_00326b10,todo,
0x326d38,292,FUN_00326d38,todo,
0x326e68,304,FUN_00326e68,todo,
0x3271c8,140,FUN_003271c8,todo,
0x3272b8,144,FUN_003272b8,todo,
0x327348,176,FUN_00327348,todo,
0x3273f8,524,FUN_003273f8,todo,
0x32767c,72,FUN_0032767c,todo,
0x3276c8,224,FUN_003276c8,todo,
0x3277bc,208,FUN_003277bc,todo,
0x32788c,228,FUN_0032788c,todo,
0x3279ac,184,FUN_003279ac,todo,
0x327a8c,68,FUN_00327a8c,todo,
0x327ad4,156,FUN_00327ad4,todo,
0x327b7c,108,FUN_00327b7c,todo,
0x327c30,264,FUN_00327c30,todo,
0x327d40,96,FUN_00327d40,todo,
0x327da4,80,FUN_00327da4,todo,
0x327e1c,204,FUN_00327e1c,todo,
0x327ee8,84,FUN_00327ee8,todo,
0x327f3c,328,FUN_00327f3c,todo,
0x328084,84,FUN_00328084,todo,
0x3280e8,72,FUN_003280e8,todo,
0x328138,48,FUN_00328138,todo,
0x328170,100,FUN_00328170,todo,
0x3281d4,52,FUN_003281d4,todo,
0x328208,44,FUN_00328208,todo,
0x328234,132,FUN_00328234,todo,
0x3282bc,24,FUN_003282bc,todo,
0x3282d4,156,FUN_003282d4,todo,
0x32837c,32,FUN_0032837c,todo,
0x3283a4,92,FUN_003283a4,todo,
0x328404,144,FUN_00328404,todo,
0x328528,60,FUN_00328528,todo,
0x328568,8,FUN_00328568,todo,
0x328570,20,FUN_00328570,todo,
0x328584,100,FUN_00328584,todo,
0x3285e8,96,FUN_003285e8,todo,
0x328648,64,FUN_00328648,todo,
0x328688,64,FUN_00328688,todo,
0x3286c8,88,FUN_003286c8,todo,
0x328720,148,FUN_00328720,todo,
0x3287b4,24,FUN_003287b4,todo,
0x3287e0,116,FUN_003287e0,todo,
0x3288e4,68,FUN_003288e4,todo,
0x3289e8,284,FUN_003289e8,todo,
0x328b04,84,FUN_00328b04,todo,
0x328b58,144,FUN_00328b58,todo,
0x328be8,496,FUN_00328be8,todo,
0x328ddc,364,FUN_00328ddc,todo,
0x328fe8,184,FUN_00328fe8,todo,
0x3290c0,92,FUN_003290c0,todo,
0x329128,212,FUN_00329128,todo,
0x32920c,64,FUN_0032920c,todo,
0x329298,72,FUN_00329298,todo,
0x3293a8,48,FUN_003293a8,todo,
0x3293d8,28,FUN_003293d8,todo,
0x32944c,8,FUN_0032944c,todo,
0x329454,1296,FUN_00329454,todo,
0x3299c0,48,FUN_003299c0,todo,
0x3299f0,28,FUN_003299f0,todo,
0x329a0c,80,FUN_00329a0c,todo,
0x329ac0,112,FUN_00329ac0,todo,
0x329b30,132,FUN_00329b30,todo,
0x329bb4,56,FUN_00329bb4,todo,
0x329bec,132,FUN_00329bec,todo,
0x329c70,320,FUN_00329c70,todo,
0x329db0,84,FUN_00329db0,todo,
0x329e44,36,FUN_00329e44,todo,
0x329f78,176,FUN_00329f78,todo,
0x32a0bc,88,FUN_0032a0bc,todo,
0x32a140,24,FUN_0032a140,todo,
0x32a15c,12,FUN_0032a15c,todo,
0x32a1a0,72,FUN_0032a1a0,todo,
0x32a1e8,132,FUN_0032a1e8,todo,
0x32a26c,20,FUN_0032a26c,todo,
0x32a290,156,FUN_0032a290,todo,
0x32a32c,56,FUN_0032a32c,todo,
0x32a364,56,FUN_0032a364,todo,
0x32a3a0,56,FUN_0032a3a0,todo,
0x32a3d8,204,FUN_0032a3d8,todo,
0x32a4b4,108,FUN_0032a4b4,todo,
0x32a528,84,FUN_0032a528,todo,
0x32a57c,140,FUN_0032a57c,todo,
0x32a60c,596,FUN_0032a60c,todo,
0x32a860,168,FUN_0032a860,todo,
0x32a908,1020,FUN_0032a908,todo,
0x32ad1c,356,FUN_0032ad1c,todo,
0x32ae68,36,FUN_0032ae68,todo,
0x32ae8c,424,FUN_0032ae8c,todo,
0x32b040,56,FUN_0032b040,todo,
0x32b078,136,FUN_0032b078,todo,
0x32b100,24,FUN_0032b100,todo,
0x32b118,28,FUN_0032b118,todo,
0x32b134,280,FUN_0032b134,todo,
0x32b24c,92,FUN_0032b24c,todo,
0x32b2a8,252,FUN_0032b2a8,todo,
0x32b3ac,136,FUN_0032b3ac,todo,
0x32b450,48,FUN_0032b450,todo,
0x32b484,64,FUN_0032b484,todo,
0x32b4cc,40,FUN_0032b4cc,todo,
0x32b4f4,32,FUN_0032b4f4,todo,
0x32b518,192,FUN_0032b518,todo,
0x32b5d8,184,FUN_0032b5d8,todo,
0x32b690,292,FUN_0032b690,todo,
0x32b7bc,348,FUN_0032b7bc,todo,
0x32baf0,204,FUN_0032baf0,todo,
0x32bbdc,80,FUN_0032bbdc,todo,
0x32bc2c,560,FUN_0032bc2c,todo,
0x32be98,344,FUN_0032be98,todo,
0x32c020,308,FUN_0032c020,todo,
0x32c1cc,156,FUN_0032c1cc,todo,
0x32c274,40,FUN_0032c274,todo,
0x32c2a0,944,FUN_0032c2a0,todo,
0x32c66c,20,FUN_0032c66c,todo,
0x32c68c,588,FUN_0032c68c,todo,
0x32c8f4,36,FUN_0032c8f4,todo,
0x32c918,88,FUN_0032c918,todo,
0x32c970,200,FUN_0032c970,todo,
0x32ca3c,408,FUN_0032ca3c,todo,
0x32cbdc,624,FUN_0032cbdc,todo,
0x32ce50,256,FUN_0032ce50,todo,
0x32cf54,1056,FUN_0032cf54,todo,
0x32d388,220,FUN_0032d388,todo,
0x32d478,112,FUN_0032d478,todo,
0x32d538,456,FUN_0032d538,todo,
0x32d708,40,FUN_0032d708,todo,
0x32d730,88,FUN_0032d730,todo,
0x32d7a4,152,FUN_0032d7a4,todo,
0x32d860,452,FUN_0032d860,todo,
0x32da30,120,FUN_0032da30,todo,
0x32dab0,512,FUN_0032dab0,todo,
0x32dcb8,64,FUN_0032dcb8,todo,
0x32dd00,456,FUN_0032dd00,todo,
0x32ded8,304,FUN_0032ded8,todo,
0x32e018,36,FUN_0032e018,todo,
0x32e040,124,FUN_0032e040,todo,
0x32e0bc,200,FUN_0032e0bc,todo,
0x32e198,20,FUN_0032e198,todo,
0x32e1ac,44,FUN_0032e1ac,todo,
0x32e210,200,FUN_0032e210,todo,
0x32e2dc,680,FUN_0032e2dc,todo,
0x32e584,176,FUN_0032e584,todo,
0x32e640,136,FUN_0032e640,todo,
0x32e760,48,FUN_0032e760,todo,
0x32e79c,1452,FUN_0032e79c,todo,
0x32f010,1380,FUN_0032f010,todo,
0x32f5b8,156,FUN_0032f5b8,todo,
0x32f66c,1164,FUN_0032f66c,todo,
0x32f8b8,144,FUN_0032f8b8,todo,
0x32f950,112,FUN_0032f950,todo,
0x32f9c0,88,FUN_0032f9c0,todo,
0x32fa18,200,FUN_0032fa18,todo,
0x32fae0,236,FUN_0032fae0,todo,
0x32fbd0,44,FUN_0032fbd0,todo,
0x32fbfc,44,FUN_0032fbfc,todo,
0x32fc28,404,FUN_0032fc28,todo,
0x32fdd0,36,FUN_0032fdd0,todo,
0x32fdf4,52,FUN_0032fdf4,todo,
0x32fe28,44,FUN_0032fe28,todo,
0x32fe54,108,FUN_0032fe54,todo,
0x32fec0,56,FUN_0032fec0,todo,
0x32fef8,100,FUN_0032fef8,todo,
0x32ff5c,140,FUN_0032ff5c,todo,
0x330004,100,FUN_00330004,todo,
0x330068,56,FUN_00330068,todo,
0x3300bc,56,FUN_003300bc,todo,
0x3300fc,128,FUN_003300fc,todo,
0x330184,1912,FUN_00330184,todo,
0x330928,88,FUN_00330928,todo,
0x330980,1180,FUN_00330980,todo,
0x330fec,444,FUN_00330fec,todo,
0x3311a8,164,FUN_003311a8,todo,
0x33124c,348,FUN_0033124c,todo,
0x3313ac,816,FUN_003313ac,todo,
0x331874,92,FUN_00331874,todo,
0x3318d0,376,FUN_003318d0,todo,
0x331a58,104,FUN_00331a58,todo,
0x331ac4,596,FUN_00331ac4,todo,
0x331d1c,92,FUN_00331d1c,todo,
0x331d90,188,FUN_00331d90,todo,
0x331e4c,40,FUN_00331e4c,todo,
0x331e7c,40,FUN_00331e7c,todo,
0x331eac,68,FUN_00331eac,todo,
0x331ef0,424,FUN_00331ef0,todo,
0x3320b0,156,FUN_003320b0,todo,
0x33214c,128,FUN_0033214c,todo,
0x3321e4,20,FUN_003321e4,todo,
0x3321f8,144,FUN_003321f8,todo,
0x332290,316,FUN_00332290,todo,
0x3323d8,368,FUN_003323d8,todo,
0x33255c,352,FUN_0033255c,todo,
0x332808,152,FUN_00332808,todo,
0x3328a0,2124,FUN_003328a0,todo,
0x333020,428,FUN_00333020,todo,
0x3331d0,168,FUN_003331d0,todo,
0x333280,208,FUN_00333280,todo,
0x333358,16,FUN_00333358,todo,
0x333368,572,FUN_00333368,todo,
0x3335a4,616,FUN_003335a4,todo,
0x33380c,652,FUN_0033380c,todo,
0x333b3c,308,FUN_00333b3c,todo,
0x333c74,24,FUN_00333c74,todo,
0x333c9c,44,FUN_00333c9c,todo,
0x333ccc,120,FUN_00333ccc,todo,
0x333d48,100,FUN_00333d48,todo,
0x333e70,76,FUN_00333e70,todo,
0x333ebc,92,FUN_00333ebc,todo,
0x333ee0,296,FUN_00333ee0,todo,
0x33414c,24,FUN_0033414c,todo,
0x33416c,60,FUN_0033416c,todo,
0x3341a8,76,FUN_003341a8,todo,
0x334200,24,FUN_00334200,todo,
0x33421c,172,FUN_0033421c,todo,
0x3342cc,820,FUN_003342cc,todo,
0x33460c,132,FUN_0033460c,todo,
0x3346ac,428,FUN_003346ac,todo,
0x334868,44,FUN_00334868,todo,
0x334894,432,FUN_00334894,todo,
0x334a54,36,FUN_00334a54,todo,
0x334a78,36,FUN_00334a78,todo,
0x334a9c,1168,FUN_00334a9c,todo,
0x334f34,116,FUN_00334f34,todo,
0x334fb0,136,FUN_00334fb0,todo,
0x335038,36,FUN_00335038,todo,
0x33505c,648,FUN_0033505c,todo,
0x3352e4,164,FUN_003352e4,todo,
0x3353a0,92,FUN_003353a0,todo,
0x3353fc,316,FUN_003353fc,todo,
0x33553c,12,FUN_0033553c,todo,
0x335548,44,FUN_00335548,todo,
0x335574,656,FUN_00335574,todo,
0x335804,292,FUN_00335804,todo,
0x33592c,204,FUN_0033592c,todo,
0x335a10,216,FUN_00335a10,todo,
0x335b00,284,FUN_00335b00,todo,
0x335cfc,468,FUN_00335cfc,todo,
0x335ed0,180,FUN_00335ed0,todo,
0x335f84,564,FUN_00335f84,todo,
0x3361cc,664,FUN_003361cc,todo,
0x3367b0,72,FUN_003367b0,todo,
0x336808,88,FUN_00336808,todo,
0x336868,164,FUN_00336868,todo,
0x336910,72,FUN_00336910,todo,
0x336960,332,FUN_00336960,todo,
0x336ab0,328,FUN_00336ab0,todo,
0x336bf8,284,FUN_00336bf8,todo,
0x336d14,144,FUN_00336d14,todo,
0x336da4,276,FUN_00336da4,todo,
0x336ec8,72,FUN_00336ec8,todo,
0x336f10,72,FUN_00336f10,todo,
0x336f5c,88,FUN_00336f5c,todo,
0x336fb4,12,FUN_00336fb4,todo,
0x336fc0,304,FUN_00336fc0,todo,
0x3370f4,268,FUN_003370f4,todo,
0x337200,60,FUN_00337200,todo,
0x337244,56,FUN_00337244,todo,
0x33727c,156,FUN_0033727c,todo,
0x337324,240,FUN_00337324,todo,
0x337414,224,FUN_00337414,todo,
0x33751c,596,FUN_0033751c,todo,
0x3377d8,156,FUN_003377d8,todo,
0x337874,284,FUN_00337874,todo,
0x3379ac,196,FUN_003379ac,todo,
0x337a70,84,FUN_00337a70,todo,
0x337ac4,168,FUN_00337ac4,todo,
0x337b6c,88,FUN_00337b6c,todo,
0x337bdc,236,FUN_00337bdc,todo,
0x337cec,76,FUN_00337cec,todo,
0x337e84,256,FUN_00337e84,todo,
0x337f8c,304,FUN_00337f8c,todo,
0x3380c4,380,FUN_003380c4,todo,
0x3383ac,1148,FUN_003383ac,todo,
0x338848,144,FUN_00338848,todo,
0x3388e4,316,FUN_003388e4,todo,
0x338a44,40,FUN_00338a44,todo,
0x338a6c,36,FUN_00338a6c,todo,
0x338a90,132,FUN_00338a90,todo,
0x338b14,52,FUN_00338b14,todo,
0x338b48,76,FUN_00338b48,todo,
0x338b94,140,FUN_00338b94,todo,
0x338d70,136,FUN_00338d70,todo,
0x339000,632,FUN_00339000,todo,
0x339180,132,FUN_00339180,todo,
0x339700,132,FUN_00339700,todo,
0x339794,28,FUN_00339794,todo,
0x3397c0,272,FUN_003397c0,todo,
0x33991c,644,FUN_0033991c,todo,
0x339bd4,96,FUN_00339bd4,todo,
0x339c3c,1004,FUN_00339c3c,todo,
0x33a038,212,FUN_0033a038,todo,
0x33a16c,140,FUN_0033a16c,todo,
0x33a354,68,FUN_0033a354,todo,
0x33a3fc,220,FUN_0033a3fc,todo,
0x33a4e4,112,FUN_0033a4e4,todo,
0x33a6a4,360,FUN_0033a6a4,todo,
0x33a80c,304,FUN_0033a80c,todo,
0x33a93c,360,FUN_0033a93c,todo,
0x33aaa4,380,FUN_0033aaa4,todo,
0x33ac24,380,FUN_0033ac24,todo,
0x33ada4,208,FUN_0033ada4,todo,
0x33aefc,160,FUN_0033aefc,todo,
0x33afdc,132,FUN_0033afdc,todo,
0x33b060,84,FUN_0033b060,todo,
0x33b0b4,84,FUN_0033b0b4,todo,
0x33b108,84,FUN_0033b108,todo,
0x33b15c,84,FUN_0033b15c,todo,
0x33b1b0,248,FUN_0033b1b0,todo,
0x33b2a8,68,FUN_0033b2a8,todo,
0x33b2ec,40,FUN_0033b2ec,todo,
0x33b360,64,FUN_0033b360,todo,
0x33b588,72,FUN_0033b588,todo,
0x33b5d0,64,FUN_0033b5d0,todo,
0x33b638,156,FUN_0033b638,todo,
0x33b6e4,224,FUN_0033b6e4,todo,
0x33b7c4,112,FUN_0033b7c4,todo,
0x33b840,52,FUN_0033b840,todo,
0x33b874,112,FUN_0033b874,todo,
0x33ba4c,160,FUN_0033ba4c,todo,
0x33bafc,56,FUN_0033bafc,todo,
0x33bb34,44,FUN_0033bb34,todo,
0x33bb60,40,FUN_0033bb60,todo,
0x33bb88,36,FUN_0033bb88,todo,
0x33bbac,52,FUN_0033bbac,todo,
0x33bbe0,52,FUN_0033bbe0,todo,
0x33bc14,28,FUN_0033bc14,todo,
0x33bc30,108,FUN_0033bc30,todo,
0x33bca4,184,FUN_0033bca4,todo,
0x33bd68,140,FUN_0033bd68,todo,
0x33be04,332,FUN_0033be04,todo,
0x33c000,180,FUN_0033c000,todo,
0x33c028,164,FUN_0033c028,todo,
0x33c0d4,92,FUN_0033c0d4,todo,
0x33c138,132,FUN_0033c138,todo,
0x33c1c0,224,FUN_0033c1c0,todo,
0x33c2a0,80,FUN_0033c2a0,todo,
0x33c30c,104,FUN_0033c30c,todo,
0x33c374,280,FUN_0033c374,todo,
0x33c490,80,FUN_0033c490,todo,
0x33c4e0,500,FUN_0033c4e0,todo,
0x33c6f8,212,FUN_0033c6f8,todo,
0x33c7d4,84,FUN_0033c7d4,todo,
0x33c838,192,FUN_0033c838,todo,
0x33c8f8,16,FUN_0033c8f8,todo,
0x33c908,136,FUN_0033c908,todo,
0x33c994,64,FUN_0033c994,todo,
0x33c9d4,532,FUN_0033c9d4,todo,
0x33cbf8,288,FUN_0033cbf8,todo,
0x33cd28,88,FUN_0033cd28,todo,
0x33cd84,76,FUN_0033cd84,todo,
0x33cdd0,180,FUN_0033cdd0,todo,
0x33ce84,44,FUN_0033ce84,todo,
0x33ceb0,48,FUN_0033ceb0,todo,
0x33cee4,80,FUN_0033cee4,todo,
0x33cf34,224,FUN_0033cf34,todo,
0x33d114,156,FUN_0033d114,todo,
0x33d1b0,8,FUN_0033d1b0,todo,
0x33d1b8,16,FUN_0033d1b8,todo,
0x33d1c8,272,FUN_0033d1c8,todo,
0x33d2d8,48,FUN_0033d2d8,todo,
0x33d308,136,FUN_0033d308,todo,
0x33d394,1148,FUN_0033d394,todo,
0x33d820,88,FUN_0033d820,todo,
0x33d878,148,FUN_0033d878,todo,
0x33d910,52,FUN_0033d910,todo,
0x33d948,28,FUN_0033d948,todo,
0x33d964,148,FUN_0033d964,todo,
0x33d9f8,12,FUN_0033d9f8,todo,
0x33da04,192,FUN_0033da04,todo,
0x33dac4,72,FUN_0033dac4,todo,
0x33db0c,60,FUN_0033db0c,todo,
0x33db48,1600,FUN_0033db48,todo,
0x33e1b4,648,FUN_0033e1b4,todo,
0x33e44c,264,FUN_0033e44c,todo,
0x33e530,484,FUN_0033e530,todo,
0x33e720,120,FUN_0033e720,todo,
0x33e760,64,FUN_0033e760,todo,
0x33e7cc,180,FUN_0033e7cc,todo,
0x33e88c,28,FUN_0033e88c,todo,
0x33e8c8,1300,FUN_0033e8c8,todo,
0x33ede0,340,FUN_0033ede0,todo,
0x33ef40,356,FUN_0033ef40,todo,
0x33f0ac,284,FUN_0033f0ac,todo,
0x33f200,372,FUN_0033f200,todo,
0x33f38c,1772,FUN_0033f38c,todo,
0x33fab0,1928,FUN_0033fab0,todo,
0x340238,76,FUN_00340238,todo,
0x340294,84,FUN_00340294,todo,
0x3402e8,412,FUN_003402e8,todo,
0x340484,276,FUN_00340484,todo,
0x3405cc,32,FUN_003405cc,todo,
0x340628,56,FUN_00340628,todo,
0x340664,236,FUN_00340664,todo,
0x3407e4,256,FUN_003407e4,todo,
0x340944,56,FUN_00340944,todo,
0x340cc0,116,FUN_00340cc0,todo,
0x340d40,84,FUN_00340d40,todo,
0x340dbc,4,FUN_00340dbc,todo,
0x340dc0,164,FUN_00340dc0,todo,
0x340e70,28,FUN_00340e70,todo,
0x340e9c,24,FUN_00340e9c,todo,
0x340eb4,116,FUN_00340eb4,todo,
0x340f34,84,FUN_00340f34,todo,
0x340f90,436,FUN_00340f90,todo,
0x34115c,260,FUN_0034115c,todo,
0x341260,124,FUN_00341260,todo,
0x3412e0,148,FUN_003412e0,todo,
0x34137c,168,FUN_0034137c,todo,
0x34144c,456,FUN_0034144c,todo,
0x34161c,524,FUN_0034161c,todo,
0x341834,176,FUN_00341834,todo,
0x3418f4,544,FUN_003418f4,todo,
0x341b24,40,FUN_00341b24,todo,
0x341e7c,168,FUN_00341e7c,todo,
0x341f34,172,FUN_00341f34,todo,
0x3420d0,4,FUN_003420d0,todo,
0x3420d4,384,FUN_003420d4,todo,
0x342260,180,FUN_00342260,todo,
0x342314,64,FUN_00342314,todo,
0x342380,92,FUN_00342380,todo,
0x3423e0,280,FUN_003423e0,todo,
0x342518,308,FUN_00342518,todo,
0x3426b8,52,FUN_003426b8,todo,
0x3426ec,52,FUN_003426ec,todo,
0x342720,20,FUN_00342720,todo,
0x34273c,200,FUN_0034273c,todo,
0x342814,584,FUN_00342814,todo,
0x342b38,252,FUN_00342b38,todo,
0x342c48,308,FUN_00342c48,todo,
0x342de0,456,FUN_00342de0,todo,
0x342fd0,200,FUN_00342fd0,todo,
0x34309c,164,FUN_0034309c,todo,
0x343144,196,FUN_00343144,todo,
0x343218,408,FUN_00343218,todo,
0x343438,128,FUN_00343438,todo,
0x3434c4,128,FUN_003434c4,todo,
0x343550,88,FUN_00343550,todo,
0x3435ac,92,FUN_003435ac,todo,
0x34360c,48,FUN_0034360c,todo,
0x343a50,432,FUN_00343a50,todo,
0x343c0c,236,FUN_00343c0c,todo,
0x344284,28,FUN_00344284,todo,
0x3442a4,304,FUN_003442a4,todo,
0x3443ec,228,FUN_003443ec,todo,
0x3444dc,424,FUN_003444dc,todo,
0x344698,132,FUN_00344698,todo,
0x34471c,40,FUN_0034471c,todo,
0x344744,160,FUN_00344744,todo,
0x3447f4,20,FUN_003447f4,todo,
0x344808,68,FUN_00344808,todo,
0x3449a4,424,FUN_003449a4,todo,
0x344b54,348,FUN_00344b54,todo,
0x344fd8,308,FUN_00344fd8,todo,
0x3453a0,172,FUN_003453a0,todo,
0x345460,364,FUN_00345460,todo,
0x345498,164,FUN_00345498,todo,
0x345540,408,FUN_00345540,todo,
0x345760,180,FUN_00345760,todo,
0x345878,68,FUN_00345878,todo,
0x34596c,164,FUN_0034596c,todo,
0x345a2c,408,FUN_00345a2c,todo,
0x345c60,48,FUN_00345c60,todo,
0x345ca0,372,FUN_00345ca0,todo,
0x345ed0,100,FUN_00345ed0,todo,
0x345f38,96,FUN_00345f38,todo,
0x345fa4,120,FUN_00345fa4,todo,
0x346034,272,FUN_00346034,todo,
0x346154,520,FUN_00346154,todo,
0x34636c,68,FUN_0034636c,todo,
0x3463c0,408,FUN_003463c0,todo,
0x3465d0,128,FUN_003465d0,todo,
0x346668,1020,FUN_00346668,todo,
0x346b80,132,FUN_00346b80,todo,
0x346c0c,132,FUN_00346c0c,todo,
0x346c98,212,FUN_00346c98,todo,
0x346da8,204,FUN_00346da8,todo,
0x346ec0,48,FUN_00346ec0,todo,
0x346f2c,256,FUN_00346f2c,todo,
0x347044,876,FUN_00347044,todo,
0x3473d8,252,FUN_003473d8,todo,
0x3478bc,976,FUN_003478bc,todo,
0x347cb0,32,FUN_00347cb0,todo,
0x347cd4,168,FUN_00347cd4,todo,
0x347d7c,692,FUN_00347d7c,todo,
0x348054,72,FUN_00348054,todo,
0x3480a0,260,FUN_003480a0,todo,
0x3481b4,84,FUN_003481b4,todo,
0x34820c,24,FUN_0034820c,todo,
0x348224,44,FUN_00348224,todo,
0x348258,84,FUN_00348258,todo,
0x3482b4,72,FUN_003482b4,todo,
0x348300,308,FUN_00348300,todo,
0x3484a0,200,FUN_003484a0,todo,
0x34879c,84,FUN_0034879c,todo,
0x3487fc,144,FUN_003487fc,todo,
0x34888c,328,FUN_0034888c,todo,
0x348a94,772,FUN_00348a94,todo,
0x348bac,236,FUN_00348bac,todo,
0x348cd8,296,FUN_00348cd8,todo,
0x348e0c,28,FUN_00348e0c,todo,
0x348e28,824,FUN_00348e28,todo,
0x349180,60,FUN_00349180,todo,
0x3491e0,100,FUN_003491e0,todo,
0x3492bc,308,FUN_003492bc,todo,
0x34944c,252,FUN_0034944c,todo,
0x3495b0,488,FUN_003495b0,todo,
0x3497a8,684,FUN_003497a8,todo,
0x349a6c,564,FUN_00349a6c,todo,
0x349cb0,592,FUN_00349cb0,todo,
0x349f50,716,FUN_00349f50,todo,
0x34a238,192,FUN_0034a238,todo,
0x34a2f8,184,FUN_0034a2f8,todo,
0x34a3bc,284,FUN_0034a3bc,todo,
0x34a4e4,56,FUN_0034a4e4,todo,
0x34a5e0,236,FUN_0034a5e0,todo,
0x34a6e4,264,FUN_0034a6e4,todo,
0x34a80c,268,FUN_0034a80c,todo,
0x34a91c,76,FUN_0034a91c,todo,
0x34a96c,300,FUN_0034a96c,todo,
0x34aa98,308,FUN_0034aa98,todo,
0x34ac28,68,FUN_0034ac28,todo,
0x34acc8,544,FUN_0034acc8,todo,
0x34afa0,304,FUN_0034afa0,todo,
0x34b0ec,404,FUN_0034b0ec,todo,
0x34b294,148,FUN_0034b294,todo,
0x34b330,40,FUN_0034b330,todo,
0x34b35c,40,FUN_0034b35c,todo,
0x34b390,52,FUN_0034b390,todo,
0x34b3c4,24,FUN_0034b3c4,todo,
0x34b3dc,144,FUN_0034b3dc,todo,
0x34b690,72,FUN_0034b690,todo,
0x34b6e0,280,FUN_0034b6e0,todo,
0x34bc2c,212,FUN_0034bc2c,todo,
0x34bd3c,308,FUN_0034bd3c,todo,
0x34c120,156,FUN_0034c120,todo,
0x34c1cc,308,FUN_0034c1cc,todo,
0x34c374,232,FUN_0034c374,todo,
0x34c470,164,FUN_0034c470,todo,
0x34c534,284,FUN_0034c534,todo,
0x34c658,740,FUN_0034c658,todo,
0x34c958,108,FUN_0034c958,todo,
0x34cb0c,172,FUN_0034cb0c,todo,
0x34cbc0,308,FUN_0034cbc0,todo,
0x34cd60,68,FUN_0034cd60,todo,
0x34cdf0,32,FUN_0034cdf0,todo,
0x34ce10,160,FUN_0034ce10,todo,
0x34d160,272,FUN_0034d160,todo,
0x34d2c0,152,FUN_0034d2c0,todo,
0x34d364,136,FUN_0034d364,todo,
0x34d674,620,FUN_0034d674,todo,
0x34d8f4,308,FUN_0034d8f4,todo,
0x34da98,216,FUN_0034da98,todo,
0x34de8c,140,FUN_0034de8c,todo,
0x34df34,92,FUN_0034df34,todo,
0x34e090,132,FUN_0034e090,todo,
0x34e118,408,FUN_0034e118,todo,
0x34e308,656,FUN_0034e308,todo,
0x34e5c0,92,FUN_0034e5c0,todo,
0x34e654,464,FUN_0034e654,todo,
0x34e830,456,FUN_0034e830,todo,
0x34ea04,224,FUN_0034ea04,todo,
0x34eb10,100,FUN_0034eb10,todo,
0x34eb7c,376,FUN_0034eb7c,todo,
0x34ed64,92,FUN_0034ed64,todo,
0x34edc4,200,FUN_0034edc4,todo,
0x34ee94,220,FUN_0034ee94,todo,
0x34ef84,80,FUN_0034ef84,todo,
0x34f17c,116,FUN_0034f17c,todo,
0x34f21c,28,FUN_0034f21c,todo,
0x34f248,180,FUN_0034f248,todo,
0x34f308,360,FUN_0034f308,todo,
0x34f47c,176,FUN_0034f47c,todo,
0x34f530,52,FUN_0034f530,todo,
0x34f5cc,368,FUN_0034f5cc,todo,
0x34f754,104,FUN_0034f754,todo,
0x34f97c,144,FUN_0034f97c,todo,
0x34fa18,756,FUN_0034fa18,todo,
0x34fd28,244,FUN_0034fd28,todo,
0x34fe1c,120,FUN_0034fe1c,todo,
0x34febc,408,FUN_0034febc,todo,
0x35023c,272,FUN_0035023c,todo,
0x350370,48,FUN_00350370,todo,
0x3503ac,48,FUN_003503ac,todo,
0x350444,304,FUN_00350444,todo,
0x35058c,164,FUN_0035058c,todo,
0x350634,432,FUN_00350634,todo,
0x350804,116,FUN_00350804,todo,
0x350878,308,FUN_00350878,todo,
0x350ce4,260,FUN_00350ce4,todo,
0x35100c,200,FUN_0035100c,todo,
0x3510d8,164,FUN_003510d8,todo,
0x351194,164,FUN_00351194,todo,
0x35124c,408,FUN_0035124c,todo,
0x351464,180,FUN_00351464,todo,
0x35157c,68,FUN_0035157c,todo,
0x351670,164,FUN_00351670,todo,
0x351740,164,FUN_00351740,todo,
0x3517e8,28,FUN_003517e8,todo,
0x351a4c,224,FUN_00351a4c,todo,
0x351b40,424,FUN_00351b40,todo,
0x351d0c,192,FUN_00351d0c,todo,
0x351dd0,356,FUN_00351dd0,todo,
0x351f4c,240,FUN_00351f4c,todo,
0x352048,244,FUN_00352048,todo,
0x352244,408,FUN_00352244,todo,
0x352454,496,FUN_00352454,todo,
0x3526bc,84,FUN_003526bc,todo,
0x352714,1136,FUN_00352714,todo,
0x352d48,200,FUN_00352d48,todo,
0x352e18,272,FUN_00352e18,todo,
0x353014,532,FUN_00353014,todo,
0x3532d8,96,FUN_003532d8,todo,
0x353398,52,FUN_00353398,todo,
0x353578,660,FUN_00353578,todo,
0x3538a0,408,FUN_003538a0,todo,
0x353aa0,500,FUN_00353aa0,todo,
0x353d40,224,FUN_00353d40,todo,
0x354028,516,FUN_00354028,todo,
0x354240,400,FUN_00354240,todo,
0x3543e8,48,FUN_003543e8,todo,
0x354418,1836,FUN_00354418,todo,
0x354bdc,1536,FUN_00354bdc,todo,
0x3551f4,232,FUN_003551f4,todo,
0x3552ec,384,FUN_003552ec,todo,
0x355474,1496,FUN_00355474,todo,
0x355a74,84,FUN_00355a74,todo,
0x355acc,1368,FUN_00355acc,todo,
0x356038,640,FUN_00356038,todo,
0x3562d4,36,FUN_003562d4,todo,
0x3562f8,84,FUN_003562f8,todo,
0x356354,116,FUN_00356354,todo,
0x3563d0,408,FUN_003563d0,todo,
0x3565e4,192,FUN_003565e4,todo,
0x356708,96,FUN_00356708,todo,
0x356790,84,FUN_00356790,todo,
0x3568ac,188,FUN_003568ac,todo,
0x356978,196,FUN_00356978,todo,
0x356a98,520,FUN_00356a98,todo,
0x356d50,332,FUN_00356d50,todo,
0x356ea4,284,FUN_00356ea4,todo,
0x356fd4,308,FUN_00356fd4,todo,
0x357170,164,FUN_00357170,todo,
0x357218,84,FUN_00357218,todo,
0x357270,468,FUN_00357270,todo,
0x357470,44,FUN_00357470,todo,
0x3574a0,348,FUN_003574a0,todo,
0x357650,284,FUN_00357650,todo,
0x357780,408,FUN_00357780,todo,
0x357988,896,FUN_00357988,todo,
0x357d48,216,FUN_00357d48,todo,
0x357e68,48,FUN_00357e68,todo,
0x357ea0,380,FUN_00357ea0,todo,
0x3581c0,416,FUN_003581c0,todo,
0x3583c8,96,FUN_003583c8,todo,
0x358430,408,FUN_00358430,todo,
0x358648,68,FUN_00358648,todo,
0x3586ac,140,FUN_003586ac,todo,
0x358908,44,FUN_00358908,todo,
0x358934,172,FUN_00358934,todo,
0x3589fc,308,FUN_003589fc,todo,
0x358b98,188,FUN_00358b98,todo,
0x358c58,132,FUN_00358c58,todo,
0x358ce0,240,FUN_00358ce0,todo,
0x358de0,56,FUN_00358de0,todo,
0x358e1c,408,FUN_00358e1c,todo,
0x359148,208,FUN_00359148,todo,
0x359274,164,FUN_00359274,todo,
0x359340,164,FUN_00359340,todo,
0x3593e8,376,FUN_003593e8,todo,
0x35957c,96,FUN_0035957c,todo,
0x3595ec,308,FUN_003595ec,todo,
0x3597c0,124,FUN_003597c0,todo,
0x35984c,108,FUN_0035984c,todo,
0x3598d0,104,FUN_003598d0,todo,
0x3599e8,408,FUN_003599e8,todo,
0x359b98,408,FUN_00359b98,todo,
0x359e0c,252,FUN_00359e0c,todo,
0x359f54,164,FUN_00359f54,todo,
0x35a014,120,FUN_0035a014,todo,
0x35a0b4,408,FUN_0035a0b4,todo,
0x35a2d4,184,FUN_0035a2d4,todo,
0x35a404,20,FUN_0035a404,todo,
0x35a418,48,FUN_0035a418,todo,
0x35a450,48,FUN_0035a450,todo,
0x35a488,96,FUN_0035a488,todo,
0x35a500,1188,FUN_0035a500,todo,
0x35aa90,396,FUN_0035aa90,todo,
0x35ac2c,308,FUN_0035ac2c,todo,
0x35adbc,120,FUN_0035adbc,todo,
0x35aeac,164,FUN_0035aeac,todo,
0x35b048,308,FUN_0035b048,todo,
0x35b27c,172,FUN_0035b27c,todo,
0x35b334,856,FUN_0035b334,todo,
0x35b7a8,308,FUN_0035b7a8,todo,
0x35b918,168,FUN_0035b918,todo,
0x35b9c8,288,FUN_0035b9c8,todo,
0x35bd4c,288,FUN_0035bd4c,todo,
0x35be80,184,FUN_0035be80,todo,
0x35bf38,352,FUN_0035bf38,todo,
0x35c160,408,FUN_0035c160,todo,
0x35c368,12,FUN_0035c368,todo,
0x35c374,628,FUN_0035c374,todo,
0x35c62c,64,FUN_0035c62c,todo,
0x35c66c,84,FUN_0035c66c,todo,
0x35c6c4,132,FUN_0035c6c4,todo,
0x35c7f0,172,FUN_0035c7f0,todo,
0x35c8a4,176,FUN_0035c8a4,todo,
0x35c9ec,132,FUN_0035c9ec,todo,
0x35ca78,172,FUN_0035ca78,todo,
0x35cb24,136,FUN_0035cb24,todo,
0x35cbb0,176,FUN_0035cbb0,todo,
0x35cc64,444,FUN_0035cc64,todo,
0x35ce50,104,FUN_0035ce50,todo,
0x35cebc,552,FUN_0035cebc,todo,
0x35d360,64,FUN_0035d360,todo,
0x35d3a0,192,FUN_0035d3a0,todo,
0x35d618,136,FUN_0035d618,todo,
0x35d878,276,FUN_0035d878,todo,
0x35d9a4,184,FUN_0035d9a4,todo,
0x35da60,84,FUN_0035da60,todo,
0x35db10,788,FUN_0035db10,todo,
0x35de28,792,FUN_0035de28,todo,
0x35e144,408,FUN_0035e144,todo,
0x35e3c0,232,FUN_0035e3c0,todo,
0x35e4e4,96,FUN_0035e4e4,todo,
0x35e5a4,232,FUN_0035e5a4,todo,
0x35e694,52,FUN_0035e694,todo,
0x35e6d8,44,FUN_0035e6d8,todo,
0x35e704,44,FUN_0035e704,todo,
0x35e7f8,504,FUN_0035e7f8,todo,
0x35ea30,1468,FUN_0035ea30,todo,
0x35f0c0,184,FUN_0035f0c0,todo,
0x35f188,96,FUN_0035f188,todo,
0x35f1e8,112,FUN_0035f1e8,todo,
0x35f258,528,FUN_0035f258,todo,
0x35f92c,116,FUN_0035f92c,todo,
0x35f9b0,68,FUN_0035f9b0,todo,
0x35fa1c,416,FUN_0035fa1c,todo,
0x35fc34,376,FUN_0035fc34,todo,
0x35fe64,568,FUN_0035fe64,todo,
0x3600b4,400,FUN_003600b4,todo,
0x360254,408,FUN_00360254,todo,
0x36047c,212,FUN_0036047c,todo,
0x360560,176,FUN_00360560,todo,
0x360668,196,FUN_00360668,todo,
0x360734,88,FUN_00360734,todo,
0x36078c,116,FUN_0036078c,todo,
0x36082c,340,FUN_0036082c,todo,
0x360988,172,FUN_00360988,todo,
0x360a38,324,FUN_00360a38,todo,
0x360ba4,836,FUN_00360ba4,todo,
0x360f08,216,FUN_00360f08,todo,
0x360ff8,96,FUN_00360ff8,todo,
0x361094,80,FUN_00361094,todo,
0x3610ec,164,FUN_003610ec,todo,
0x361198,1048,FUN_00361198,todo,
0x361668,964,FUN_00361668,todo,
0x361bb0,408,FUN_00361bb0,todo,
0x361dc0,16,FUN_00361dc0,todo,
0x361dd0,704,FUN_00361dd0,todo,
0x3620d0,296,FUN_003620d0,todo,
0x362208,460,FUN_00362208,todo,
0x3623e4,144,FUN_003623e4,todo,
0x362480,148,FUN_00362480,todo,
0x362520,148,FUN_00362520,todo,
0x3625ec,124,FUN_003625ec,todo,
0x362670,336,FUN_00362670,todo,
0x3627d8,92,FUN_003627d8,todo,
0x362838,116,FUN_00362838,todo,
0x362c5c,200,FUN_00362c5c,todo,
0x362d2c,440,FUN_00362d2c,todo,
0x362ef0,624,FUN_00362ef0,todo,
0x363164,408,FUN_00363164,todo,
0x3633a8,652,FUN_003633a8,todo,
0x363650,112,FUN_00363650,todo,
0x3636c8,200,FUN_003636c8,todo,
0x3637a8,56,FUN_003637a8,todo,
0x363afc,344,FUN_00363afc,todo,
0x363f64,308,FUN_00363f64,todo,
0x3640fc,100,FUN_003640fc,todo,
0x364168,100,FUN_00364168,todo,
0x3641d4,276,FUN_003641d4,todo,
0x3642fc,204,FUN_003642fc,todo,
0x364424,364,FUN_00364424,todo,
0x3645c0,164,FUN_003645c0,todo,
0x36466c,308,FUN_0036466c,todo,
0x364818,368,FUN_00364818,todo,
0x3649e8,164,FUN_003649e8,todo,
0x364b18,104,FUN_00364b18,todo,
0x364b80,340,FUN_00364b80,todo,
0x364cf0,708,FUN_00364cf0,todo,
0x364fe0,408,FUN_00364fe0,todo,
0x3651f0,548,FUN_003651f0,todo,
0x365464,284,FUN_00365464,todo,
0x36558c,96,FUN_0036558c,todo,
0x3655f0,196,FUN_003655f0,todo,
0x3656bc,140,FUN_003656bc,todo,
0x365748,192,FUN_00365748,todo,
0x36580c,48,FUN_0036580c,todo,
0x365844,48,FUN_00365844,todo,
0x365878,296,FUN_00365878,todo,
0x365a4c,376,FUN_00365a4c,todo,
0x365bec,340,FUN_00365bec,todo,
0x365d48,80,FUN_00365d48,todo,
0x365d98,308,FUN_00365d98,todo,
0x365f28,16,FUN_00365f28,todo,
0x365fb0,636,FUN_00365fb0,todo,
0x366288,448,FUN_00366288,todo,
0x36645c,80,FUN_0036645c,todo,
0x366694,172,FUN_00366694,todo,
0x366744,132,FUN_00366744,todo,
0x3667d0,812,FUN_003667d0,todo,
0x366b38,308,FUN_00366b38,todo,
0x366d58,164,FUN_00366d58,todo,
0x366e24,308,FUN_00366e24,todo,
0x36704c,164,FUN_0036704c,todo,
0x367118,308,FUN_00367118,todo,
0x367340,164,FUN_00367340,todo,
0x367628,168,FUN_00367628,todo,
0x3676d4,148,FUN_003676d4,todo,
0x36776c,192,FUN_0036776c,todo,
0x367858,668,FUN_00367858,todo,
0x367b20,48,FUN_00367b20,todo,
0x367b64,456,FUN_00367b64,todo,
0x367d54,400,FUN_00367d54,todo,
0x367ee4,164,FUN_00367ee4,todo,
0x367f8c,412,FUN_00367f8c,todo,
0x368138,68,FUN_00368138,todo,
0x368180,216,FUN_00368180,todo,
0x368364,408,FUN_00368364,todo,
0x368588,64,FUN_00368588,todo,
0x3685f0,624,FUN_003685f0,todo,
0x36887c,232,FUN_0036887c,todo,
0x3689f4,996,FUN_003689f4,todo,
0x368edc,200,FUN_00368edc,todo,
0x368fac,280,FUN_00368fac,todo,
0x3690d4,236,FUN_003690d4,todo,
0x369200,100,FUN_00369200,todo,
0x36926c,408,FUN_0036926c,todo,
0x369470,124,FUN_00369470,todo,
0x369568,116,FUN_00369568,todo,
0x3695dc,164,FUN_003695dc,todo,
0x369684,44,FUN_00369684,todo,
0x3696b4,92,FUN_003696b4,todo,
0x369714,408,FUN_00369714,todo,
0x36994c,948,FUN_0036994c,todo,
0x369dc0,584,FUN_00369dc0,todo,
0x36a020,88,FUN_0036a020,todo,
0x36a094,36,FUN_0036a094,todo,
0x36a0d0,164,FUN_0036a0d0,todo,
0x36a1dc,96,FUN_0036a1dc,todo,
0x36a23c,88,FUN_0036a23c,todo,
0x36a2a0,224,FUN_0036a2a0,todo,
0x36a398,308,FUN_0036a398,todo,
0x36a530,652,FUN_0036a530,todo,
0x36a828,1040,FUN_0036a828,todo,
0x36ac50,220,FUN_0036ac50,todo,
0x36ad38,1164,FUN_0036ad38,todo,
0x36b210,272,FUN_0036b210,todo,
0x36b320,560,FUN_0036b320,todo,
0x36b558,160,FUN_0036b558,todo,
0x36b5f8,100,FUN_0036b5f8,todo,
0x36b65c,68,FUN_0036b65c,todo,
0x36b6a4,352,FUN_0036b6a4,todo,
0x36b804,116,FUN_0036b804,todo,
0x36b8f8,436,FUN_0036b8f8,todo,
0x36bd84,64,FUN_0036bd84,todo,
0x36bdc4,64,FUN_0036bdc4,todo,
0x36ce04,700,FUN_0036ce04,todo,
0x36d0e0,288,FUN_0036d0e0,todo,
0x36d204,220,FUN_0036d204,todo,
0x36d4dc,292,FUN_0036d4dc,todo,
0x36d604,236,FUN_0036d604,todo,
0x36d714,408,FUN_0036d714,todo,
0x36d910,124,FUN_0036d910,todo,
0x36d9d0,164,FUN_0036d9d0,todo,
0x36da88,164,FUN_0036da88,todo,
0x36dbfc,308,FUN_0036dbfc,todo,
0x36dd70,844,FUN_0036dd70,todo,
0x36e110,384,FUN_0036e110,todo,
0x36e414,108,FUN_0036e414,todo,
0x36e4b0,92,FUN_0036e4b0,todo,
0x36e510,308,FUN_0036e510,todo,
0x36e6a4,448,FUN_0036e6a4,todo,
0x36e928,48,FUN_0036e928,todo,
0x36e964,212,FUN_0036e964,todo,
0x36ea5c,200,FUN_0036ea5c,todo,
0x36ed04,176,FUN_0036ed04,todo,
0x36ef5c,624,FUN_0036ef5c,todo,
0x36f1f0,116,FUN_0036f1f0,todo,
0x36f264,140,FUN_0036f264,todo,
0x36f330,144,FUN_0036f330,todo,
0x36f420,456,FUN_0036f420,todo,
0x36f878,32,FUN_0036f878,todo,
0x36f898,296,FUN_0036f898,todo,
0x36f9d0,952,FUN_0036f9d0,todo,
0x36fdd0,312,FUN_0036fdd0,todo,
0x36ffa4,420,FUN_0036ffa4,todo,
0x3701c0,460,FUN_003701c0,todo,
0x3703a4,356,FUN_003703a4,todo,
0x370518,408,FUN_00370518,todo,
0x370798,516,FUN_00370798,todo,
0x3709bc,48,FUN_003709bc,todo,
0x3709f4,48,FUN_003709f4,todo,
0x370a28,268,FUN_00370a28,todo,
0x370c20,188,FUN_00370c20,todo,
0x370ce0,740,FUN_00370ce0,todo,
0x370fd4,28,FUN_00370fd4,todo,
0x370ff0,212,FUN_00370ff0,todo,
0x3710d0,444,FUN_003710d0,todo,
0x371290,112,FUN_00371290,todo,
0x371310,108,FUN_00371310,todo,
0x37151c,460,FUN_0037151c,todo,
0x371724,352,FUN_00371724,todo,
0x37188c,320,FUN_0037188c,todo,
0x3719cc,408,FUN_003719cc,todo,
0x371bdc,212,FUN_00371bdc,todo,
0x371cc4,164,FUN_00371cc4,todo,
0x371d88,100,FUN_00371d88,todo,
0x371df4,140,FUN_00371df4,todo,
0x371eb0,408,FUN_00371eb0,todo,
0x3720b8,124,FUN_003720b8,todo,
0x37219c,692,FUN_0037219c,todo,
0x372520,296,FUN_00372520,todo,
0x37266c,408,FUN_0037266c,todo,
0x372828,308,FUN_00372828,todo,
0x3729cc,184,FUN_003729cc,todo,
0x372afc,736,FUN_00372afc,todo,
0x372e48,208,FUN_00372e48,todo,
0x372f1c,172,FUN_00372f1c,todo,
0x372fc8,192,FUN_00372fc8,todo,
0x373088,212,FUN_00373088,todo,
0x373164,124,FUN_00373164,todo,
0x3731ec,76,FUN_003731ec,todo,
0x373750,960,FUN_00373750,todo,
0x373b18,532,FUN_00373b18,todo,
0x373e24,184,FUN_00373e24,todo,
0x373f14,124,FUN_00373f14,todo,
0x373fd0,44,FUN_00373fd0,todo,
0x373ffc,164,FUN_00373ffc,todo,
0x3740b8,108,FUN_003740b8,todo,
0x37418c,120,FUN_0037418c,todo,
0x374228,232,FUN_00374228,todo,
0x3743f4,172,FUN_003743f4,todo,
0x3744ac,216,FUN_003744ac,todo,
0x3746a4,240,FUN_003746a4,todo,
0x37479c,240,FUN_0037479c,todo,
0x374890,308,FUN_00374890,todo,
0x374a20,68,FUN_00374a20,todo,
0x374a8c,136,FUN_00374a8c,todo,
0x374afc,188,FUN_00374afc,todo,
0x374bc8,72,FUN_00374bc8,todo,
0x374c10,164,FUN_00374c10,todo,
0x374cb8,72,FUN_00374cb8,todo,
0x374d04,56,FUN_00374d04,todo,
0x374d40,684,FUN_00374d40,todo,
0x375008,408,FUN_00375008,todo,
0x375204,408,FUN_00375204,todo,
0x375414,180,FUN_00375414,todo,
0x3754f0,228,FUN_003754f0,todo,
0x3755d4,40,FUN_003755d4,todo,
0x375600,248,FUN_00375600,todo,
0x375700,128,FUN_00375700,todo,
0x37578c,128,FUN_0037578c,todo,
0x375978,348,FUN_00375978,todo,
0x375adc,188,FUN_00375adc,todo,
0x375be4,48,FUN_00375be4,todo,
0x375c1c,24,FUN_00375c1c,todo,
0x375c34,680,FUN_00375c34,todo,
0x3761e8,316,FUN_003761e8,todo,
0x37632c,308,FUN_0037632c,todo,
0x3764d0,52,FUN_003764d0,todo,
0x376504,52,FUN_00376504,todo,
0x376538,20,FUN_00376538,todo,
0x37654c,128,FUN_0037654c,todo,
0x3765ec,476,FUN_003765ec,todo,
0x3767d8,544,FUN_003767d8,todo,
0x376acc,280,FUN_00376acc,todo,
0x376c08,164,FUN_00376c08,todo,
0x376cec,352,FUN_00376cec,todo,
0x376e58,400,FUN_00376e58,todo,
0x376ff8,408,FUN_00376ff8,todo,
0x377224,212,FUN_00377224,todo,
0x377308,176,FUN_00377308,todo,
0x3773f4,308,FUN_003773f4,todo,
0x377618,52,FUN_00377618,todo,
0x377650,308,FUN_00377650,todo,
0x3777e4,684,FUN_003777e4,todo,
0x377abc,112,FUN_00377abc,todo,
0x377b34,224,FUN_00377b34,todo,
0x377c28,220,FUN_00377c28,todo,
0x377db0,216,FUN_00377db0,todo,
0x378128,20,FUN_00378128,todo,
0x37813c,28,FUN_0037813c,todo,
0x378158,24,FUN_00378158,todo,
0x378170,200,FUN_00378170,todo,
0x378240,340,FUN_00378240,todo,
0x37839c,136,FUN_0037839c,todo,
0x37842c,708,FUN_0037842c,todo,
0x378704,32,FUN_00378704,todo,
0x378728,64,FUN_00378728,todo,
0x378770,64,FUN_00378770,todo,
0x3787b8,76,FUN_003787b8,todo,
0x378810,308,FUN_00378810,todo,
0x3789b8,180,FUN_003789b8,todo,
0x378b80,288,FUN_00378b80,todo,
0x378ca8,156,FUN_00378ca8,todo,
0x378d68,264,FUN_00378d68,todo,
0x378fc0,308,FUN_00378fc0,todo,
0x379154,544,FUN_00379154,todo,
0x3793c8,224,FUN_003793c8,todo,
0x3794d0,260,FUN_003794d0,todo,
0x3795e4,180,FUN_003795e4,todo,
0x379698,732,FUN_00379698,todo,
0x379904,244,FUN_00379904,todo,
0x379bc8,556,FUN_00379bc8,todo,
0x379e00,268,FUN_00379e00,todo,
0x379f18,308,FUN_00379f18,todo,
0x37a058,308,FUN_0037a058,todo,
0x37a1fc,16,FUN_0037a1fc,todo,
0x37a20c,100,FUN_0037a20c,todo,
0x37a420,12,FUN_0037a420,todo,
0x37a42c,264,FUN_0037a42c,todo,
0x37a558,384,FUN_0037a558,todo,
0x37a6dc,168,FUN_0037a6dc,todo,
0x37a788,228,FUN_0037a788,todo,
0x37a878,576,FUN_0037a878,todo,
0x37aac4,200,FUN_0037aac4,todo,
0x37ab98,928,FUN_0037ab98,todo,
0x37af5c,408,FUN_0037af5c,todo,
0x37b240,332,FUN_0037b240,todo,
0x37b480,408,FUN_0037b480,todo,
0x37b694,180,FUN_0037b694,todo,
0x37b7ac,68,FUN_0037b7ac,todo,
0x37b860,152,FUN_0037b860,todo,
0x37b900,164,FUN_0037b900,todo,
0x37b9bc,500,FUN_0037b9bc,todo,
0x37bbc8,932,FUN_0037bbc8,todo,
0x37bfe0,196,FUN_0037bfe0,todo,
0x37c0b8,164,FUN_0037c0b8,todo,
0x37c188,308,FUN_0037c188,todo,
0x37c31c,96,FUN_0037c31c,todo,
0x37c37c,396,FUN_0037c37c,todo,
0x37c560,124,FUN_0037c560,todo,
0x37c60c,332,FUN_0037c60c,todo,
0x37c758,200,FUN_0037c758,todo,
0x37c828,668,FUN_0037c828,todo,
0x37cae4,292,FUN_0037cae4,todo,
0x37cc4c,76,FUN_0037cc4c,todo,
0x37cc98,32,FUN_0037cc98,todo,
0x37ccb8,212,FUN_0037ccb8,todo,
0x37cd98,264,FUN_0037cd98,todo,
0x37ced0,308,FUN_0037ced0,todo,
0x37d05c,32,FUN_0037d05c,todo,
0x37d07c,1044,FUN_0037d07c,todo,
0x37d4b4,196,FUN_0037d4b4,todo,
0x37d58c,216,FUN_0037d58c,todo,
0x37d6a0,204,FUN_0037d6a0,todo,
0x37d7f0,164,FUN_0037d7f0,todo,
0x37d898,288,FUN_0037d898,todo,
0x37d9cc,296,FUN_0037d9cc,todo,
0x37db04,220,FUN_0037db04,todo,
0x37dbec,308,FUN_0037dbec,todo,
0x37dd80,360,FUN_0037dd80,todo,
0x37def4,124,FUN_0037def4,todo,
0x37dfbc,220,FUN_0037dfbc,todo,
0x37e0ac,268,FUN_0037e0ac,todo,
0x37e508,72,FUN_0037e508,todo,
0x37e554,308,FUN_0037e554,todo,
0x37e690,328,FUN_0037e690,todo,
0x37e7e4,320,FUN_0037e7e4,todo,
0x37e92c,308,FUN_0037e92c,todo,
0x37eacc,124,FUN_0037eacc,todo,
0x37eb8c,48,FUN_0037eb8c,todo,
0x37ebbc,84,FUN_0037ebbc,todo,
0x37ec10,204,FUN_0037ec10,todo,
0x37ecec,196,FUN_0037ecec,todo,
0x37ee60,72,FUN_0037ee60,todo,
0x37efb0,308,FUN_0037efb0,todo,
0x37f158,464,FUN_0037f158,todo,
0x37f334,408,FUN_0037f334,todo,
0x37f5a8,372,FUN_0037f5a8,todo,
0x37f7d8,100,FUN_0037f7d8,todo,
0x37f840,408,FUN_0037f840,todo,
0x37fab8,372,FUN_0037fab8,todo,
0x37fce8,100,FUN_0037fce8,todo,
0x37fd50,324,FUN_0037fd50,todo,
0x37fea0,232,FUN_0037fea0,todo,
0x37ffcc,220,FUN_0037ffcc,todo,
0x3800b0,84,FUN_003800b0,todo,
0x380108,232,FUN_00380108,todo,
0x3803f0,184,FUN_003803f0,todo,
0x3808a4,192,FUN_003808a4,todo,
0x380a88,408,FUN_00380a88,todo,
0x380c9c,124,FUN_00380c9c,todo,
0x380d1c,428,FUN_00380d1c,todo,
0x380ecc,128,FUN_00380ecc,todo,
0x380fd0,88,FUN_00380fd0,todo,
0x38102c,72,FUN_0038102c,todo,
0x3810c8,300,FUN_003810c8,todo,
0x381208,1512,FUN_00381208,todo,
0x381888,284,FUN_00381888,todo,
0x381dc0,264,FUN_00381dc0,todo,
0x381ed4,76,FUN_00381ed4,todo,
0x381f24,188,FUN_00381f24,todo,
0x381fe0,356,FUN_00381fe0,todo,
0x382158,148,FUN_00382158,todo,
0x38222c,648,FUN_0038222c,todo,
0x3824c8,308,FUN_003824c8,todo,
0x38265c,652,FUN_0038265c,todo,
0x382950,32,FUN_00382950,todo,
0x382970,372,FUN_00382970,todo,
0x382af0,100,FUN_00382af0,todo,
0x382b74,188,FUN_00382b74,todo,
0x382c60,180,FUN_00382c60,todo,
0x382d14,276,FUN_00382d14,todo,
0x383068,612,FUN_00383068,todo,
0x3832e8,116,FUN_003832e8,todo,
0x3835e4,344,FUN_003835e4,todo,
0x38374c,408,FUN_0038374c,todo,
0x38396c,116,FUN_0038396c,todo,
0x383de4,196,FUN_00383de4,todo,
0x383fd8,140,FUN_00383fd8,todo,
0x384234,156,FUN_00384234,todo,
0x3842d4,308,FUN_003842d4,todo,
0x384478,660,FUN_00384478,todo,
0x384950,228,FUN_00384950,todo,
0x384ae4,456,FUN_00384ae4,todo,
0x384cd4,164,FUN_00384cd4,todo,
0x384db8,356,FUN_00384db8,todo,
0x384f3c,164,FUN_00384f3c,todo,
0x385020,352,FUN_00385020,todo,
0x38518c,372,FUN_0038518c,todo,
0x3853c4,128,FUN_003853c4,todo,
0x385450,528,FUN_00385450,todo,
0x3856c4,308,FUN_003856c4,todo,
0x385858,68,FUN_00385858,todo,
0x3858c0,208,FUN_003858c0,todo,
0x3859b4,196,FUN_003859b4,todo,
0x385a78,268,FUN_00385a78,todo,
0x385b98,72,FUN_00385b98,todo,
0x385bf8,72,FUN_00385bf8,todo,
0x385c40,164,FUN_00385c40,todo,
0x385ce8,136,FUN_00385ce8,todo,
0x385d7c,56,FUN_00385d7c,todo,
0x385e28,308,FUN_00385e28,todo,
0x385fb8,124,FUN_00385fb8,todo,
0x386074,492,FUN_00386074,todo,
0x386274,648,FUN_00386274,todo,
0x386508,312,FUN_00386508,todo,
0x386798,76,FUN_00386798,todo,
0x3867ec,128,FUN_003867ec,todo,
0x386874,132,FUN_00386874,todo,
0x3868f8,136,FUN_003868f8,todo,
0x386984,536,FUN_00386984,todo,
0x386ba0,292,FUN_00386ba0,todo,
0x386cd8,196,FUN_00386cd8,todo,
0x386da0,308,FUN_00386da0,todo,
0x386f74,84,FUN_00386f74,todo,
0x3870f4,172,FUN_003870f4,todo,
0x3871a8,436,FUN_003871a8,todo,
0x387638,408,FUN_00387638,todo,
0x38784c,180,FUN_0038784c,todo,
0x387964,120,FUN_00387964,todo,
0x387a0c,324,FUN_00387a0c,todo,
0x387bb4,160,FUN_00387bb4,todo,
0x387d00,172,FUN_00387d00,todo,
0x387dc4,172,FUN_00387dc4,todo,
0x387f30,172,FUN_00387f30,todo,
0x387fe8,264,FUN_00387fe8,todo,
0x3880f8,248,FUN_003880f8,todo,
0x388208,308,FUN_00388208,todo,
0x3883a4,188,FUN_003883a4,todo,
0x388460,120,FUN_00388460,todo,
0x388548,380,FUN_00388548,todo,
0x388878,180,FUN_00388878,todo,
0x388944,164,FUN_00388944,todo,
0x3889ec,116,FUN_003889ec,todo,
0x388a6c,192,FUN_00388a6c,todo,
0x388b74,136,FUN_00388b74,todo,
0x388c00,172,FUN_00388c00,todo,
0x388cb4,164,FUN_00388cb4,todo,
0x388d98,396,FUN_00388d98,todo,
0x388f40,192,FUN_00388f40,todo,
0x389048,136,FUN_00389048,todo,
0x3890d4,172,FUN_003890d4,todo,
0x389188,164,FUN_00389188,todo,
0x38926c,328,FUN_0038926c,todo,
0x3893c0,192,FUN_003893c0,todo,
0x3894c8,136,FUN_003894c8,todo,
0x389554,172,FUN_00389554,todo,
0x389608,164,FUN_00389608,todo,
0x3896ec,344,FUN_003896ec,todo,
0x389894,340,FUN_00389894,todo,
0x389a30,456,FUN_00389a30,todo,
0x389e64,308,FUN_00389e64,todo,
0x38a00c,132,FUN_0038a00c,todo,
0x38a094,92,FUN_0038a094,todo,
0x38a0f0,416,FUN_0038a0f0,todo,
0x38a318,280,FUN_0038a318,todo,
0x38a438,780,FUN_0038a438,todo,
0x38a760,112,FUN_0038a760,todo,
0x38a920,408,FUN_0038a920,todo,
0x38ab44,124,FUN_0038ab44,todo,
0x38ac24,32,FUN_0038ac24,todo,
0x38ac44,160,FUN_0038ac44,todo,
0x38aeb4,272,FUN_0038aeb4,todo,
0x38b0a0,280,FUN_0038b0a0,todo,
0x38b204,304,FUN_0038b204,todo,
0x38b5c4,876,FUN_0038b5c4,todo,
0x38b954,176,FUN_0038b954,todo,
0x38ba08,408,FUN_0038ba08,todo,
0x38bc34,708,FUN_0038bc34,todo,
0x38bfb4,716,FUN_0038bfb4,todo,
0x38c2b0,308,FUN_0038c2b0,todo,
0x38c44c,40,FUN_0038c44c,todo,
0x38c474,164,FUN_0038c474,todo,
0x38c51c,168,FUN_0038c51c,todo,
0x38c66c,664,FUN_0038c66c,todo,
0x38c914,64,FUN_0038c914,todo,
0x38c95c,64,FUN_0038c95c,todo,
0x38c9a4,24,FUN_0038c9a4,todo,
0x38c9bc,5160,FUN_0038c9bc,todo,
0x38de84,112,FUN_0038de84,todo,
0x38def4,308,FUN_0038def4,todo,
0x38e030,740,FUN_0038e030,todo,
0x38e318,212,FUN_0038e318,todo,
0x38e3f8,1572,FUN_0038e3f8,todo,
0x38ea20,380,FUN_0038ea20,todo,
0x38ebb8,216,FUN_0038ebb8,todo,
0x38ed60,212,FUN_0038ed60,todo,
0x38ee60,284,FUN_0038ee60,todo,
0x38ef8c,200,FUN_0038ef8c,todo,
0x38f060,404,FUN_0038f060,todo,
0x38f208,40,FUN_0038f208,todo,
0x38f234,40,FUN_0038f234,todo,
0x38f260,216,FUN_0038f260,todo,
0x38f384,24,FUN_0038f384,todo,
0x38f49c,72,FUN_0038f49c,todo,
0x38f4f0,212,FUN_0038f4f0,todo,
0x38f6d8,920,FUN_0038f6d8,todo,
0x38fa98,408,FUN_0038fa98,todo,
0x38fc84,96,FUN_0038fc84,todo,
0x38fd54,164,FUN_0038fd54,todo,
0x38fdfc,408,FUN_0038fdfc,todo,
0x39001c,416,FUN_0039001c,todo,
0x3901f0,164,FUN_003901f0,todo,
0x390298,60,FUN_00390298,todo,
0x3902d8,252,FUN_003902d8,todo,
0x3903e8,136,FUN_003903e8,todo,
0x39056c,76,FUN_0039056c,todo,
0x390600,364,FUN_00390600,todo,
0x390d04,208,FUN_00390d04,todo,
0x390e10,96,FUN_00390e10,todo,
0x390e80,420,FUN_00390e80,todo,
0x39103c,412,FUN_0039103c,todo,
0x3911e4,408,FUN_003911e4,todo,
0x391404,324,FUN_00391404,todo,
0x391554,116,FUN_00391554,todo,
0x3915d4,212,FUN_003915d4,todo,
0x3916b4,120,FUN_003916b4,todo,
0x39172c,176,FUN_0039172c,todo,
0x3917e0,736,FUN_003917e0,todo,
0x391af8,408,FUN_00391af8,todo,
0x391cf8,104,FUN_00391cf8,todo,
0x391d80,84,FUN_00391d80,todo,
0x391dd8,612,FUN_00391dd8,todo,
0x39214c,464,FUN_0039214c,todo,
0x392334,68,FUN_00392334,todo,
0x39237c,428,FUN_0039237c,todo,
0x3927c4,692,FUN_003927c4,todo,
0x392a8c,156,FUN_00392a8c,todo,
0x392cb4,68,FUN_00392cb4,todo,
0x392d04,112,FUN_00392d04,todo,
0x392d80,88,FUN_00392d80,todo,
0x392de8,308,FUN_00392de8,todo,
0x392f5c,560,FUN_00392f5c,todo,
0x3931c0,168,FUN_003931c0,todo,
0x3932a4,388,FUN_003932a4,todo,
0x393430,228,FUN_00393430,todo,
0x393534,132,FUN_00393534,todo,
0x3935b8,596,FUN_003935b8,todo,
0x393c28,428,FUN_00393c28,todo,
0x393ddc,332,FUN_00393ddc,todo,
0x393f28,100,FUN_00393f28,todo,
0x393f90,72,FUN_00393f90,todo,
0x394194,136,FUN_00394194,todo,
0x39436c,20,FUN_0039436c,todo,
0x394384,192,FUN_00394384,todo,
0x394494,136,FUN_00394494,todo,
0x394520,172,FUN_00394520,todo,
0x3945d0,204,FUN_003945d0,todo,
0x39469c,184,FUN_0039469c,todo,
0x39479c,336,FUN_0039479c,todo,
0x394b0c,248,FUN_00394b0c,todo,
0x394c14,408,FUN_00394c14,todo,
0x394e30,124,FUN_00394e30,todo,
0x394ef4,332,FUN_00394ef4,todo,
0x395050,264,FUN_00395050,todo,
0x395188,56,FUN_00395188,todo,
0x3951c0,48,FUN_003951c0,todo,
0x3951fc,48,FUN_003951fc,todo,
0x395288,216,FUN_00395288,todo,
0x395468,28,FUN_00395468,todo,
0x395488,80,FUN_00395488,todo,
0x3954e0,408,FUN_003954e0,todo,
0x39570c,204,FUN_0039570c,todo,
0x395824,164,FUN_00395824,todo,
0x3958e8,960,FUN_003958e8,todo,
0x395cb4,304,FUN_00395cb4,todo,
0x395dec,116,FUN_00395dec,todo,
0x395e64,72,FUN_00395e64,todo,
0x395eb0,140,FUN_00395eb0,todo,
0x395f40,52,FUN_00395f40,todo,
0x395f78,76,FUN_00395f78,todo,
0x395fc4,184,FUN_00395fc4,todo,
0x39608c,268,FUN_0039608c,todo,
0x3961a8,220,FUN_003961a8,todo,
0x396290,364,FUN_00396290,todo,
0x396414,64,FUN_00396414,todo,
0x39645c,284,FUN_0039645c,todo,
0x39658c,264,FUN_0039658c,todo,
0x3966ac,308,FUN_003966ac,todo,
0x396894,144,FUN_00396894,todo,
0x396934,164,FUN_00396934,todo,
0x3969dc,76,FUN_003969dc,todo,
0x396a2c,288,FUN_00396a2c,todo,
0x396c30,308,FUN_00396c30,todo,
0x396dd0,332,FUN_00396dd0,todo,
0x396f1c,132,FUN_00396f1c,todo,
0x396fa4,196,FUN_00396fa4,todo,
0x39706c,92,FUN_0039706c,todo,
0x397128,292,FUN_00397128,todo,
0x397264,216,FUN_00397264,todo,
0x397374,164,FUN_00397374,todo,
0x39741c,88,FUN_0039741c,todo,
0x39748c,200,FUN_0039748c,todo,
0x39755c,88,FUN_0039755c,todo,
0x3975e0,148,FUN_003975e0,todo,
0x397678,208,FUN_00397678,todo,
0x3977bc,204,FUN_003977bc,todo,
0x3979e0,88,FUN_003979e0,todo,
0x397a40,116,FUN_00397a40,todo,
0x397ae4,64,FUN_00397ae4,todo,
0x397b24,204,FUN_00397b24,todo,
0x397bf8,212,FUN_00397bf8,todo,
0x397cd4,636,FUN_00397cd4,todo,
0x397f98,308,FUN_00397f98,todo,
0x39813c,96,FUN_0039813c,todo,
0x3981a0,624,FUN_003981a0,todo,
0x39841c,64,FUN_0039841c,todo,
0x39845c,172,FUN_0039845c,todo,
0x398610,308,FUN_00398610,todo,
0x3987b8,1436,FUN_003987b8,todo,
0x398d58,160,FUN_00398d58,todo,
0x398e00,308,FUN_00398e00,todo,
0x399004,624,FUN_00399004,todo,
0x399338,428,FUN_00399338,todo,
0x399500,56,FUN_00399500,todo,
0x399540,308,FUN_00399540,todo,
0x3996f4,220,FUN_003996f4,todo,
0x3997e8,164,FUN_003997e8,todo,
0x3998ac,864,FUN_003998ac,todo,
0x399c20,20,FUN_00399c20,todo,
0x399c34,116,FUN_00399c34,todo,
0x399ccc,344,FUN_00399ccc,todo,
0x399e50,100,FUN_00399e50,todo,
0x399eb8,324,FUN_00399eb8,todo,
0x39a028,252,FUN_0039a028,todo,
0x39a130,144,FUN_0039a130,todo,
0x39a1c8,68,FUN_0039a1c8,todo,
0x39a2bc,244,FUN_0039a2bc,todo,
0x39a598,288,FUN_0039a598,todo,
0x39a6c0,408,FUN_0039a6c0,todo,
0x39a8dc,328,FUN_0039a8dc,todo,
0x39ac50,84,FUN_0039ac50,todo,
0x39accc,224,FUN_0039accc,todo,
0x39ae8c,356,FUN_0039ae8c,todo,
0x39aff4,44,FUN_0039aff4,todo,
0x39b1b8,308,FUN_0039b1b8,todo,
0x39b36c,100,FUN_0039b36c,todo,
0x39b5c0,52,FUN_0039b5c0,todo,
0x39b618,164,FUN_0039b618,todo,
0x39b70c,316,FUN_0039b70c,todo,
0x39b858,408,FUN_0039b858,todo,
0x39ba94,172,FUN_0039ba94,todo,
0x39bc18,40,FUN_0039bc18,todo,
0x39bca0,64,FUN_0039bca0,todo,
0x39bd14,64,FUN_0039bd14,todo,
0x39bd5c,220,FUN_0039bd5c,todo,
0x39be54,468,FUN_0039be54,todo,
0x39c028,84,FUN_0039c028,todo,
0x39c0b0,408,FUN_0039c0b0,todo,
0x39c2cc,1252,FUN_0039c2cc,todo,
0x39c7fc,220,FUN_0039c7fc,todo,
0x39c8dc,472,FUN_0039c8dc,todo,
0x39cac0,140,FUN_0039cac0,todo,
0x39cb7c,52,FUN_0039cb7c,todo,
0x39cbb0,132,FUN_0039cbb0,todo,
0x39cc34,624,FUN_0039cc34,todo,
0x39d12c,244,FUN_0039d12c,todo,
0x39d458,368,FUN_0039d458,todo,
0x39d5f0,468,FUN_0039d5f0,todo,
0x39d7d0,252,FUN_0039d7d0,todo,
0x39d8d8,324,FUN_0039d8d8,todo,
0x39da24,60,FUN_0039da24,todo,
0x39da64,60,FUN_0039da64,todo,
0x39daac,28,FUN_0039daac,todo,
0x39dae4,308,FUN_0039dae4,todo,
0x39dc84,188,FUN_0039dc84,todo,
0x39dd44,132,FUN_0039dd44,todo,
0x39ddcc,240,FUN_0039ddcc,todo,
0x39dee4,216,FUN_0039dee4,todo,
0x39e150,192,FUN_0039e150,todo,
0x39e248,216,FUN_0039e248,todo,
0x39e364,136,FUN_0039e364,todo,
0x39e3f0,172,FUN_0039e3f0,todo,
0x39e4a0,200,FUN_0039e4a0,todo,
0x39e568,184,FUN_0039e568,todo,
0x39e664,488,FUN_0039e664,todo,
0x39e8b8,388,FUN_0039e8b8,todo,
0x39ea60,88,FUN_0039ea60,todo,
0x39eaf4,84,FUN_0039eaf4,todo,
0x39eb48,92,FUN_0039eb48,todo,
0x39ebbc,308,FUN_0039ebbc,todo,
0x39ed1c,96,FUN_0039ed1c,todo,
0x39ed7c,28,FUN_0039ed7c,todo,
0x39edcc,100,FUN_0039edcc,todo,
0x39ee54,120,FUN_0039ee54,todo,
0x39eef4,48,FUN_0039eef4,todo,
0x39ef2c,144,FUN_0039ef2c,todo,
0x39f048,48,FUN_0039f048,todo,
0x39f078,148,FUN_0039f078,todo,
0x39f12c,164,FUN_0039f12c,todo,
0x39f1d4,116,FUN_0039f1d4,todo,
0x39f264,136,FUN_0039f264,todo,
0x39f2f0,28,FUN_0039f2f0,todo,
0x39f310,292,FUN_0039f310,todo,
0x39f448,212,FUN_0039f448,todo,
0x39f534,208,FUN_0039f534,todo,
0x39f614,308,FUN_0039f614,todo,
0x39f7b4,340,FUN_0039f7b4,todo,
0x39fad4,172,FUN_0039fad4,todo,
0x39fb88,832,FUN_0039fb88,todo,
0x39ff80,584,FUN_0039ff80,todo,
0x3a01f0,164,FUN_003a01f0,todo,
0x3a0298,204,FUN_003a0298,todo,
0x3a048c,204,FUN_003a048c,todo,
0x3a0568,152,FUN_003a0568,todo,
0x3a060c,408,FUN_003a060c,todo,
0x3a0838,672,FUN_003a0838,todo,
0x3a0b1c,496,FUN_003a0b1c,todo,
0x3a0d04,192,FUN_003a0d04,todo,
0x3a181c,28,FUN_003a181c,todo,
0x3a183c,840,FUN_003a183c,todo,
0x3a1ba8,900,FUN_003a1ba8,todo,
0x3a1f34,64,FUN_003a1f34,todo,
0x3a1fa0,232,FUN_003a1fa0,todo,
0x3a20a4,308,FUN_003a20a4,todo,
0x3a21d8,80,FUN_003a21d8,todo,
0x3a2230,88,FUN_003a2230,todo,
0x3a2288,308,FUN_003a2288,todo,
0x3a2430,184,FUN_003a2430,todo,
0x3a2744,1036,FUN_003a2744,todo,
0x3a2b84,380,FUN_003a2b84,todo,
0x3a2d14,512,FUN_003a2d14,todo,
0x3a2f24,288,FUN_003a2f24,todo,
0x3a3048,32,FUN_003a3048,todo,
0x3a3080,156,FUN_003a3080,todo,
0x3a311c,188,FUN_003a311c,todo,
0x3a31e8,88,FUN_003a31e8,todo,
0x3a3258,204,FUN_003a3258,todo,
0x3a332c,208,FUN_003a332c,todo,
0x3a3444,676,FUN_003a3444,todo,
0x3a37ac,1128,FUN_003a37ac,todo,
0x3a3c3c,260,FUN_003a3c3c,todo,
0x3a3d40,128,FUN_003a3d40,todo,
0x3a3dc4,128,FUN_003a3dc4,todo,
0x3a3e98,1052,FUN_003a3e98,todo,
0x3a4474,1196,FUN_003a4474,todo,
0x3a4950,308,FUN_003a4950,todo,
0x3a4af0,152,FUN_003a4af0,todo,
0x3a4b8c,44,FUN_003a4b8c,todo,
0x3a4d50,308,FUN_003a4d50,todo,
0x3a4f08,100,FUN_003a4f08,todo,
0x3a515c,52,FUN_003a515c,todo,
0x3a51b4,164,FUN_003a51b4,todo,
0x3a52d4,140,FUN_003a52d4,todo,
0x3a5360,104,FUN_003a5360,todo,
0x3a5514,20,FUN_003a5514,todo,
0x3a5534,248,FUN_003a5534,todo,
0x3a563c,408,FUN_003a563c,todo,
0x3a585c,124,FUN_003a585c,todo,
0x3a5920,332,FUN_003a5920,todo,
0x3a5a7c,264,FUN_003a5a7c,todo,
0x3a5bb4,56,FUN_003a5bb4,todo,
0x3a5bec,48,FUN_003a5bec,todo,
0x3a5c28,48,FUN_003a5c28,todo,
0x3a5cb4,216,FUN_003a5cb4,todo,
0x3a5e90,316,FUN_003a5e90,todo,
0x3a5fdc,408,FUN_003a5fdc,todo,
0x3a6218,172,FUN_003a6218,todo,
0x3a639c,368,FUN_003a639c,todo,
0x3a6448,932,FUN_003a6448,todo,
0x3a6800,28,FUN_003a6800,todo,
0x3a6820,196,FUN_003a6820,todo,
0x3a68e8,64,FUN_003a68e8,todo,
0x3a6930,64,FUN_003a6930,todo,
0x3a6978,64,FUN_003a6978,todo,
0x3a69c0,896,FUN_003a69c0,todo,
0x3a6ed0,172,FUN_003a6ed0,todo,
0x3a6fe0,304,FUN_003a6fe0,todo,
0x3a7128,464,FUN_003a7128,todo,
0x3a7300,588,FUN_003a7300,todo,
0x3a7564,244,FUN_003a7564,todo,
0x3a7664,64,FUN_003a7664,todo,
0x3a76ac,64,FUN_003a76ac,todo,
0x3a76f4,64,FUN_003a76f4,todo,
0x3a773c,64,FUN_003a773c,todo,
0x3a7784,284,FUN_003a7784,todo,
0x3a78a0,244,FUN_003a78a0,todo,
0x3a799c,152,FUN_003a799c,todo,
0x3a7a34,120,FUN_003a7a34,todo,
0x3a7aac,128,FUN_003a7aac,todo,
0x3a7b2c,192,FUN_003a7b2c,todo,
0x3a7bf0,340,FUN_003a7bf0,todo,
0x3a7d8c,308,FUN_003a7d8c,todo,
0x3a7f30,712,FUN_003a7f30,todo,
0x3a8280,448,FUN_003a8280,todo,
0x3a8454,2380,FUN_003a8454,todo,
0x3a9214,124,FUN_003a9214,todo,
0x3a9654,384,FUN_003a9654,todo,
0x3a97d8,152,FUN_003a97d8,todo,
0x3a98a8,308,FUN_003a98a8,todo,
0x3a9a40,896,FUN_003a9a40,todo,
0x3a9de4,124,FUN_003a9de4,todo,
0x3a9e60,196,FUN_003a9e60,todo,
0x3a9f54,652,FUN_003a9f54,todo,
0x3aa204,112,FUN_003aa204,todo,
0x3aa274,164,FUN_003aa274,todo,
0x3aa318,132,FUN_003aa318,todo,
0x3aa3a0,1068,FUN_003aa3a0,todo,
0x3aa7f8,96,FUN_003aa7f8,todo,
0x3aa864,72,FUN_003aa864,todo,
0x3aa8b0,108,FUN_003aa8b0,todo,
0x3aa920,72,FUN_003aa920,todo,
0x3aa968,56,FUN_003aa968,todo,
0x3aa9a4,208,FUN_003aa9a4,todo,
0x3aaab8,208,FUN_003aaab8,todo,
0x3aabe4,96,FUN_003aabe4,todo,
0x3aac48,32,FUN_003aac48,todo,
0x3aac6c,320,FUN_003aac6c,todo,
0x3aadb0,12,FUN_003aadb0,todo,
0x3aadbc,44,FUN_003aadbc,todo,
0x3aae78,12,FUN_003aae78,todo,
0x3aae84,128,FUN_003aae84,todo,
0x3aaf04,468,FUN_003aaf04,todo,
0x3ab0e8,68,FUN_003ab0e8,todo,
0x3ab130,772,FUN_003ab130,todo,
0x3ab510,144,FUN_003ab510,todo,
0x3ab5a0,516,FUN_003ab5a0,todo,
0x3ab7c0,256,FUN_003ab7c0,todo,
0x3ab8c0,656,FUN_003ab8c0,todo,
0x3abb54,300,FUN_003abb54,todo,
0x3abc94,28,FUN_003abc94,todo,
0x3abcb0,136,FUN_003abcb0,todo,
0x3abd40,188,FUN_003abd40,todo,
0x3abe04,152,FUN_003abe04,todo,
0x3abe9c,164,FUN_003abe9c,todo,
0x3abf40,260,FUN_003abf40,todo,
0x3ac044,192,FUN_003ac044,todo,
0x3ac104,156,FUN_003ac104,todo,
0x3ac1ac,292,FUN_003ac1ac,todo,
0x3ac2e4,196,FUN_003ac2e4,todo,
0x3ac3c0,208,FUN_003ac3c0,todo,
0x3ac4a0,308,FUN_003ac4a0,todo,
0x3ac644,124,FUN_003ac644,todo,
0x3ac850,172,FUN_003ac850,todo,
0x3ac904,704,FUN_003ac904,todo,
0x3acc7c,564,FUN_003acc7c,todo,
0x3aced8,176,FUN_003aced8,todo,
0x3ad058,44,FUN_003ad058,todo,
0x3ad084,116,FUN_003ad084,todo,
0x3ad1b0,64,FUN_003ad1b0,todo,
0x3ad1f0,324,FUN_003ad1f0,todo,
0x3ad340,408,FUN_003ad340,todo,
0x3ad534,256,FUN_003ad534,todo,
0x3ad640,320,FUN_003ad640,todo,
0x3ad788,256,FUN_003ad788,todo,
0x3ad88c,196,FUN_003ad88c,todo,
0x3ad970,200,FUN_003ad970,todo,
0x3ada3c,552,FUN_003ada3c,todo,
0x3adc7c,44,FUN_003adc7c,todo,
0x3adcac,308,FUN_003adcac,todo,
0x3ade54,896,FUN_003ade54,todo,
0x3ae298,124,FUN_003ae298,todo,
0x3ae830,412,FUN_003ae830,todo,
0x3ae9ec,496,FUN_003ae9ec,todo,
0x3aebf4,308,FUN_003aebf4,todo,
0x3aee1c,252,FUN_003aee1c,todo,
0x3aef30,84,FUN_003aef30,todo,
0x3af114,32,FUN_003af114,todo,
0x3af18c,2204,FUN_003af18c,todo,
0x3afa64,740,FUN_003afa64,todo,
0x3afe0c,228,FUN_003afe0c,todo,
0x3afef8,300,FUN_003afef8,todo,
0x3b0054,308,FUN_003b0054,todo,
0x3b01dc,500,FUN_003b01dc,todo,
0x3b03f4,308,FUN_003b03f4,todo,
0x3b0594,756,FUN_003b0594,todo,
0x3b0934,244,FUN_003b0934,todo,
0x3b0a88,24,FUN_003b0a88,todo,
0x3b0ac8,308,FUN_003b0ac8,todo,
0x3b0c60,948,FUN_003b0c60,todo,
0x3b1070,244,FUN_003b1070,todo,
0x3b11a4,244,FUN_003b11a4,todo,
0x3b12cc,92,FUN_003b12cc,todo,
0x3b1328,200,FUN_003b1328,todo,
0x3b13f4,64,FUN_003b13f4,todo,
0x3b1434,76,FUN_003b1434,todo,
0x3b14f8,64,FUN_003b14f8,todo,
0x3b1540,160,FUN_003b1540,todo,
0x3b15fc,484,FUN_003b15fc,todo,
0x3b17f4,320,FUN_003b17f4,todo,
0x3b1944,208,FUN_003b1944,todo,
0x3b1a1c,384,FUN_003b1a1c,todo,
0x3b1bbc,560,FUN_003b1bbc,todo,
0x3b1e80,208,FUN_003b1e80,todo,
0x3b1f50,780,FUN_003b1f50,todo,
0x3b2400,620,FUN_003b2400,todo,
0x3b24e0,220,FUN_003b24e0,todo,
0x3b25bc,112,FUN_003b25bc,todo,
0x3b2994,656,FUN_003b2994,todo,
0x3b2c30,600,FUN_003b2c30,todo,
0x3b2ee8,116,FUN_003b2ee8,todo,
0x3b32fc,124,FUN_003b32fc,todo,
0x3b354c,136,FUN_003b354c,todo,
0x3b35d4,180,FUN_003b35d4,todo,
0x3b3688,120,FUN_003b3688,todo,
0x3b3838,440,FUN_003b3838,todo,
0x3b3a24,120,FUN_003b3a24,todo,
0x3b3d08,120,FUN_003b3d08,todo,
0x3b3d80,308,FUN_003b3d80,todo,
0x3b3ecc,892,FUN_003b3ecc,todo,
0x3b4254,104,FUN_003b4254,todo,
0x3b42bc,264,FUN_003b42bc,todo,
0x3b43e0,996,FUN_003b43e0,todo,
0x3b4854,28,FUN_003b4854,todo,
0x3b4870,336,FUN_003b4870,todo,
0x3b49c0,172,FUN_003b49c0,todo,
0x3b4a70,124,FUN_003b4a70,todo,
0x3b4de8,580,FUN_003b4de8,todo,
0x3b5048,160,FUN_003b5048,todo,
0x3b5104,696,FUN_003b5104,todo,
0x3b53dc,320,FUN_003b53dc,todo,
0x3b552c,860,FUN_003b552c,todo,
0x3b58a4,152,FUN_003b58a4,todo,
0x3b5d0c,168,FUN_003b5d0c,todo,
0x3b5db8,240,FUN_003b5db8,todo,
0x3b5ebc,424,FUN_003b5ebc,todo,
0x3b6064,40,FUN_003b6064,todo,
0x3b608c,968,FUN_003b608c,todo,
0x3b6484,92,FUN_003b6484,todo,
0x3b64e0,208,FUN_003b64e0,todo,
0x3b65b4,120,FUN_003b65b4,todo,
0x3b6634,836,FUN_003b6634,todo,
0x3b698c,580,FUN_003b698c,todo,
0x3b6be4,116,FUN_003b6be4,todo,
0x3b6e20,64,FUN_003b6e20,todo,
0x3b6e60,224,FUN_003b6e60,todo,
0x3b6fac,828,FUN_003b6fac,todo,
0x3b72e8,96,FUN_003b72e8,todo,
0x3b7348,372,FUN_003b7348,todo,
0x3b7558,244,FUN_003b7558,todo,
0x3b7660,424,FUN_003b7660,todo,
0x3b7838,296,FUN_003b7838,todo,
0x3b7978,124,FUN_003b7978,todo,
0x3b7e0c,384,FUN_003b7e0c,todo,
0x3b8dac,452,FUN_003b8dac,todo,
0x3b8fc4,120,FUN_003b8fc4,todo,
0x3b922c,820,FUN_003b922c,todo,
0x3b9574,264,FUN_003b9574,todo,
0x3b9754,228,FUN_003b9754,todo,
0x3ba570,452,FUN_003ba570,todo,
0x3ba810,520,FUN_003ba810,todo,
0x3baa38,76,FUN_003baa38,todo,
0x3bab58,48,FUN_003bab58,todo,
0x3bab88,596,FUN_003bab88,todo,
0x3bae24,252,FUN_003bae24,todo,
0x3baf28,136,FUN_003baf28,todo,
0x3bafb0,60,FUN_003bafb0,todo,
0x3bafec,232,FUN_003bafec,todo,
0x3bb0e8,424,FUN_003bb0e8,todo,
0x3bb2a0,352,FUN_003bb2a0,todo,
0x3bb40c,308,FUN_003bb40c,todo,
0x3bb560,96,FUN_003bb560,todo,
0x3bb658,124,FUN_003bb658,todo,
0x3bb770,308,FUN_003bb770,todo,
0x3bb8fc,332,FUN_003bb8fc,todo,
0x3bba54,1640,FUN_003bba54,todo,
0x3bc360,344,FUN_003bc360,todo,
0x3bc594,120,FUN_003bc594,todo,
0x3bc734,388,FUN_003bc734,todo,
0x3bc8d0,120,FUN_003bc8d0,todo,
0x3bc954,52,FUN_003bc954,todo,
0x3bc98c,304,FUN_003bc98c,todo,
0x3bcabc,68,FUN_003bcabc,todo,
0x3bcb08,384,FUN_003bcb08,todo,
0x3bccb0,84,FUN_003bccb0,todo,
0x3bcd10,252,FUN_003bcd10,todo,
0x3bce0c,304,FUN_003bce0c,todo,
0x3bcf48,152,FUN_003bcf48,todo,
0x3bcfe4,236,FUN_003bcfe4,todo,
0x3bd0d0,136,FUN_003bd0d0,todo,
0x3bd158,140,FUN_003bd158,todo,
0x3bd1ec,196,FUN_003bd1ec,todo,
0x3bd2b0,92,FUN_003bd2b0,todo,
0x3bd30c,392,FUN_003bd30c,todo,
0x3bd4a0,336,FUN_003bd4a0,todo,
0x3bd5f8,144,FUN_003bd5f8,todo,
0x3bd68c,192,FUN_003bd68c,todo,
0x3bd750,272,FUN_003bd750,todo,
0x3bd888,196,FUN_003bd888,todo,
0x3bd958,152,FUN_003bd958,todo,
0x3bde88,12,FUN_003bde88,todo,
0x3bde94,728,FUN_003bde94,todo,
0x3be170,264,FUN_003be170,todo,
0x3beb68,208,FUN_003beb68,todo,
0x3bec38,1456,FUN_003bec38,todo,
0x3bf2dc,408,FUN_003bf2dc,todo,
0x3bf4fc,52,FUN_003bf4fc,todo,
0x3bf530,52,FUN_003bf530,todo,
0x3bf564,48,FUN_003bf564,todo,
0x3bf5f8,208,FUN_003bf5f8,todo,
0x3bf6cc,172,FUN_003bf6cc,todo,
0x3bf778,368,FUN_003bf778,todo,
0x3bf950,216,FUN_003bf950,todo,
0x3bfa30,212,FUN_003bfa30,todo,
0x3bfb14,308,FUN_003bfb14,todo,
0x3bfcac,940,FUN_003bfcac,todo,
0x3c01cc,352,FUN_003c01cc,todo,
0x3c03a0,100,FUN_003c03a0,todo,
0x3c040c,408,FUN_003c040c,todo,
0x3c05e8,124,FUN_003c05e8,todo,
0x3c0794,308,FUN_003c0794,todo,
0x3c090c,164,FUN_003c090c,todo,
0x3c09b4,128,FUN_003c09b4,todo,
0x3c0a3c,44,FUN_003c0a3c,todo,
0x3c0ac4,20,FUN_003c0ac4,todo,
0x3c0b0c,20,FUN_003c0b0c,todo,
0x3c0b40,208,FUN_003c0b40,todo,
0x3c0c1c,48,FUN_003c0c1c,todo,
0x3c0cc4,20,FUN_003c0cc4,todo,
0x3c0cdc,600,FUN_003c0cdc,todo,
0x3c0f58,180,FUN_003c0f58,todo,
0x3c1018,112,FUN_003c1018,todo,
0x3c10a0,364,FUN_003c10a0,todo,
0x3c122c,84,FUN_003c122c,todo,
0x3c1280,76,FUN_003c1280,todo,
0x3c12d0,896,FUN_003c12d0,todo,
0x3c16a4,280,FUN_003c16a4,todo,
0x3c17c8,228,FUN_003c17c8,todo,
0x3c18c4,180,FUN_003c18c4,todo,
0x3c1984,628,FUN_003c1984,todo,
0x3c1ce8,60,FUN_003c1ce8,todo,
0x3c1d24,168,FUN_003c1d24,todo,
0x3c1dd4,668,FUN_003c1dd4,todo,
0x3c22b4,4,FUN_003c22b4,todo,
0x3c22b8,352,FUN_003c22b8,todo,
0x3c2424,140,FUN_003c2424,todo,
0x3c24c0,44,FUN_003c24c0,todo,
0x3c24d8,24,FUN_003c24d8,todo,
0x3c24f0,164,FUN_003c24f0,todo,
0x3c2594,80,FUN_003c2594,todo,
0x3c25e4,80,FUN_003c25e4,todo,
0x3c2634,48,FUN_003c2634,todo,
0x3c2664,136,FUN_003c2664,todo,
0x3c26ec,108,FUN_003c26ec,todo,
0x3c2758,296,FUN_003c2758,todo,
0x3c2888,168,FUN_003c2888,todo,
0x3c293c,112,FUN_003c293c,todo,
0x3c2a28,12,FUN_003c2a28,todo,
0x3c2a38,48,FUN_003c2a38,todo,
0x3c2a68,196,FUN_003c2a68,todo,
0x3c2b30,48,FUN_003c2b30,todo,
0x3c2b68,3088,FUN_003c2b68,todo,
0x3c3970,84,FUN_003c3970,todo,
0x3c3adc,140,FUN_003c3adc,todo,
0x3c3b70,824,FUN_003c3b70,todo,
0x3c3ec4,260,FUN_003c3ec4,todo,
0x3c3fd4,448,FUN_003c3fd4,todo,
0x3c41ac,292,FUN_003c41ac,todo,
0x3c42d0,220,FUN_003c42d0,todo,
0x3c43c0,192,FUN_003c43c0,todo,
0x3c4490,48,FUN_003c4490,todo,
0x3c44c0,208,FUN_003c44c0,todo,
0x3c45a8,748,FUN_003c45a8,todo,
0x3c48b0,212,FUN_003c48b0,todo,
0x3c49a0,344,FUN_003c49a0,todo,
0x3c4b30,704,FUN_003c4b30,todo,
0x3c4e0c,192,FUN_003c4e0c,todo,
0x3c4edc,32,FUN_003c4edc,todo,
0x3c4efc,140,FUN_003c4efc,todo,
0x3c4f8c,620,FUN_003c4f8c,todo,
0x3c5228,28,FUN_003c5228,todo,
0x3c5244,124,FUN_003c5244,todo,
0x3c52cc,16,FUN_003c52cc,todo,
0x3c52e4,440,FUN_003c52e4,todo,
0x3c549c,84,FUN_003c549c,todo,
0x3c5538,20,FUN_003c5538,todo,
0x3c5f18,424,FUN_003c5f18,todo,
0x3c618c,164,FUN_003c618c,todo,
0x3c6238,836,FUN_003c6238,todo,
0x3c6274,60,FUN_003c6274,todo,
0x3c62c4,216,FUN_003c62c4,todo,
0x3c6598,288,FUN_003c6598,todo,
0x3c66b8,664,FUN_003c66b8,todo,
0x3c6ddc,80,FUN_003c6ddc,todo,
0x3c6fd8,184,FUN_003c6fd8,todo,
0x3c7124,108,FUN_003c7124,todo,
0x3c7268,60,FUN_003c7268,todo,
0x3c7318,248,FUN_003c7318,todo,
0x3c741c,244,FUN_003c741c,todo,
0x3c751c,308,FUN_003c751c,todo,
0x3c767c,212,FUN_003c767c,todo,
0x3c775c,344,FUN_003c775c,todo,
0x3c78cc,348,FUN_003c78cc,todo,
0x3c7a40,80,FUN_003c7a40,todo,
0x3c7a90,148,FUN_003c7a90,todo,
0x3c7b28,332,FUN_003c7b28,todo,
0x3c7c8c,44,FUN_003c7c8c,todo,
0x3c7cb8,44,FUN_003c7cb8,todo,
0x3c7d1c,60,FUN_003c7d1c,todo,
0x3c7d58,172,FUN_003c7d58,todo,
0x3c7e0c,136,FUN_003c7e0c,todo,
0x3c7ea8,48,FUN_003c7ea8,todo,
0x3c7edc,44,FUN_003c7edc,todo,
0x3c7f10,68,FUN_003c7f10,todo,
0x3c7fa8,56,FUN_003c7fa8,todo,
0x3c7fe0,100,FUN_003c7fe0,todo,
0x3c8044,52,FUN_003c8044,todo,
0x3c8550,252,FUN_003c8550,todo,
0x3c9168,120,FUN_003c9168,todo,
0x3c91e4,236,FUN_003c91e4,todo,
0x3c933c,104,FUN_003c933c,todo,
0x3c93a4,80,FUN_003c93a4,todo,
0x3c93f4,104,FUN_003c93f4,todo,
0x3c9410,28,FUN_003c9410,todo,
0x3c942c,140,FUN_003c942c,todo,
0x3c94bc,356,FUN_003c94bc,todo,
0x3c9634,888,FUN_003c9634,todo,
0x3c99ac,52,FUN_003c99ac,todo,
0x3c99e0,44,FUN_003c99e0,todo,
0x3c9a18,96,FUN_003c9a18,todo,
0x3c9a80,44,FUN_003c9a80,todo,
0x3c9ab0,48,FUN_003c9ab0,todo,
0x3c9ae0,132,FUN_003c9ae0,todo,
0x3c9b70,140,FUN_003c9b70,todo,
0x3c9c08,136,FUN_003c9c08,todo,
0x3c9e88,192,FUN_003c9e88,todo,
0x3c9f4c,116,FUN_003c9f4c,todo,
0x3ca008,1480,FUN_003ca008,todo,
0x3ca61c,580,FUN_003ca61c,todo,
0x3ca86c,712,FUN_003ca86c,todo,
0x3cabdc,652,FUN_003cabdc,todo,
0x3cae68,116,FUN_003cae68,todo,
0x3caf14,120,FUN_003caf14,todo,
0x3caf8c,160,FUN_003caf8c,todo,
0x3cb034,28,FUN_003cb034,todo,
0x3cb050,44,FUN_003cb050,todo,
0x3cb07c,16,FUN_003cb07c,todo,
0x3cb0a4,280,FUN_003cb0a4,todo,
0x3cb230,76,FUN_003cb230,todo,
0x3cb280,108,FUN_003cb280,todo,
0x3cb2f4,116,FUN_003cb2f4,todo,
0x3cb3b0,344,FUN_003cb3b0,todo,
0x3cb52c,500,FUN_003cb52c,todo,
0x3cb738,340,FUN_003cb738,todo,
0x3cb89c,196,FUN_003cb89c,todo,
0x3cb960,272,FUN_003cb960,todo,
0x3cba70,212,FUN_003cba70,todo,
0x3cbb48,228,FUN_003cbb48,todo,
0x3cbc38,316,FUN_003cbc38,todo,
0x3cbd80,544,FUN_003cbd80,todo,
0x3cbfc0,312,FUN_003cbfc0,todo,
0x3cc34c,1064,FUN_003cc34c,todo,
0x3cc700,284,FUN_003cc700,todo,
0x3cc844,1940,FUN_003cc844,todo,
0x3cd24c,80,FUN_003cd24c,todo,
0x3cd2a4,56,FUN_003cd2a4,todo,
0x3cd2e4,108,FUN_003cd2e4,todo,
0x3cd358,116,FUN_003cd358,todo,
0x3cd3d4,72,FUN_003cd3d4,todo,
0x3cd424,140,FUN_003cd424,todo,
0x3cd4b8,72,FUN_003cd4b8,todo,
0x3cd508,84,FUN_003cd508,todo,
0x3cd560,92,FUN_003cd560,todo,
0x3cd5d8,68,FUN_003cd5d8,todo,
0x3cd628,692,FUN_003cd628,todo,
0x3cda7c,372,FUN_003cda7c,todo,
0x3cdac4,84,FUN_003cdac4,todo,
0x3cdb60,240,FUN_003cdb60,todo,
0x3cdc60,100,FUN_003cdc60,todo,
0x3cdd38,88,FUN_003cdd38,todo,
0x3cdd98,408,FUN_003cdd98,todo,
0x3cdf4c,240,FUN_003cdf4c,todo,
0x3ce054,60,FUN_003ce054,todo,
0x3ce094,324,FUN_003ce094,todo,
0x3ce1e8,248,FUN_003ce1e8,todo,
0x3ce2e0,48,FUN_003ce2e0,todo,
0x3ce314,216,FUN_003ce314,todo,
0x3ce400,84,FUN_003ce400,todo,
0x3ce458,80,FUN_003ce458,todo,
0x3ce538,140,FUN_003ce538,todo,
0x3ce600,148,FUN_003ce600,todo,
0x3ce700,436,FUN_003ce700,todo,
0x3ce8d8,224,FUN_003ce8d8,todo,
0x3ce9bc,80,FUN_003ce9bc,todo,
0x3cea0c,44,FUN_003cea0c,todo,
0x3cea3c,44,FUN_003cea3c,todo,
0x3cea68,644,FUN_003cea68,todo,
0x3ced04,320,FUN_003ced04,todo,
0x3cee7c,488,FUN_003cee7c,todo,
0x3cf09c,160,FUN_003cf09c,todo,
0x3cf150,32,FUN_003cf150,todo,
0x3cf170,16,FUN_003cf170,todo,
0x3cf180,36,FUN_003cf180,todo,
0x3cf1a4,344,FUN_003cf1a4,todo,
0x3cf1c0,28,FUN_003cf1c0,todo,
0x3cf1dc,108,FUN_003cf1dc,todo,
0x3cf284,208,FUN_003cf284,todo,
0x3cf354,176,FUN_003cf354,todo,
0x3cf408,116,FUN_003cf408,todo,
0x3cf480,152,FUN_003cf480,todo,
0x3cf51c,108,FUN_003cf51c,todo,
0x3cf590,152,FUN_003cf590,todo,
0x3cf62c,96,FUN_003cf62c,todo,
0x3cf690,144,FUN_003cf690,todo,
0x3cf73c,128,FUN_003cf73c,todo,
0x3cf7c0,116,FUN_003cf7c0,todo,
0x3cf838,64,FUN_003cf838,todo,
0x3cf878,20,FUN_003cf878,todo,
0x3cf8c8,20,FUN_003cf8c8,todo,
0x3cfc2c,88,FUN_003cfc2c,todo,
0x3cfd98,260,FUN_003cfd98,todo,
0x3cfea8,376,FUN_003cfea8,todo,
0x3d0028,536,FUN_003d0028,todo,
0x3d0350,56,FUN_003d0350,todo,
0x3d038c,100,FUN_003d038c,todo,
0x3d03f4,32,FUN_003d03f4,todo,
0x3d0414,104,FUN_003d0414,todo,
0x3d047c,104,FUN_003d047c,todo,
0x3d04e4,416,FUN_003d04e4,todo,
0x3d07f4,188,FUN_003d07f4,todo,
0x3d0984,236,FUN_003d0984,todo,
0x3d0a70,60,FUN_003d0a70,todo,
0x3d0ac4,484,FUN_003d0ac4,todo,
0x3d0bbc,24,FUN_003d0bbc,todo,
0x3d0fe0,276,FUN_003d0fe0,todo,
0x3d14a4,104,FUN_003d14a4,todo,
0x3d1554,24,FUN_003d1554,todo,
0x3d156c,288,FUN_003d156c,todo,
0x3d1698,68,FUN_003d1698,todo,
0x3d16ec,208,FUN_003d16ec,todo,
0x3d17e0,32,FUN_003d17e0,todo,
0x3d1804,664,FUN_003d1804,todo,
0x3d1d54,40,FUN_003d1d54,todo,
0x3d1d84,256,FUN_003d1d84,todo,
0x3d1e84,36,FUN_003d1e84,todo,
0x3d1eac,908,FUN_003d1eac,todo,
0x3d21a0,952,FUN_003d21a0,todo,
0x3d2574,288,FUN_003d2574,todo,
0x3d2694,180,FUN_003d2694,todo,
0x3d2754,292,FUN_003d2754,todo,
0x3d2880,108,FUN_003d2880,todo,
0x3d28f0,200,FUN_003d28f0,todo,
0x3d2acc,208,FUN_003d2acc,todo,
0x3d2af0,228,FUN_003d2af0,todo,
0x3d2bf8,288,FUN_003d2bf8,todo,
0x3d2d24,96,FUN_003d2d24,todo,
0x3d2d90,20,FUN_003d2d90,todo,
0x3d2da4,20,FUN_003d2da4,todo,
0x3d2db8,96,FUN_003d2db8,todo,
0x3d2e24,20,FUN_003d2e24,todo,
0x3d2e64,236,FUN_003d2e64,todo,
0x3d2f60,116,FUN_003d2f60,todo,
0x3d301c,64,FUN_003d301c,todo,
0x3d3190,108,FUN_003d3190,todo,
0x3d3244,48,FUN_003d3244,todo,
0x3d355c,344,FUN_003d355c,todo,
0x3d3768,16,FUN_003d3768,todo,
0x3d3778,80,FUN_003d3778,todo,
0x3d37c8,20,FUN_003d37c8,todo,
0x3d37dc,56,FUN_003d37dc,todo,
0x3d3950,208,FUN_003d3950,todo,
0x3d3a90,452,FUN_003d3a90,todo,
0x3d3c98,36,FUN_003d3c98,todo,
0x3d3cbc,28,FUN_003d3cbc,todo,
0x3d3cd8,68,FUN_003d3cd8,todo,
0x3d3d1c,16,FUN_003d3d1c,todo,
0x3d3d2c,132,FUN_003d3d2c,todo,
0x3d3db8,80,FUN_003d3db8,todo,
0x3d3e14,20,FUN_003d3e14,todo,
0x3d3e64,100,FUN_003d3e64,todo,
0x3d3ec8,116,FUN_003d3ec8,todo,
0x3d3f40,80,FUN_003d3f40,todo,
0x3d3f90,28,FUN_003d3f90,todo,
0x3d3fe8,24,FUN_003d3fe8,todo,
0x3d40c8,116,FUN_003d40c8,todo,
0x3d4194,100,FUN_003d4194,todo,
0x3d41fc,32,FUN_003d41fc,todo,
0x3d421c,404,FUN_003d421c,todo,
0x3d43b0,836,FUN_003d43b0,todo,
0x3d46f0,112,FUN_003d46f0,todo,
0x3d4794,408,FUN_003d4794,todo,
0x3d4938,44,FUN_003d4938,todo,
0x3d4968,128,FUN_003d4968,todo,
0x3d4a40,44,FUN_003d4a40,todo,
0x3d4a6c,44,FUN_003d4a6c,todo,
0x3d4a98,44,FUN_003d4a98,todo,
0x3d4ac4,44,FUN_003d4ac4,todo,
0x3d4ba4,56,FUN_003d4ba4,todo,
0x3d4bf0,100,FUN_003d4bf0,todo,
0x3d4c54,436,FUN_003d4c54,todo,
0x3d4d34,100,FUN_003d4d34,todo,
0x3d4d98,36,FUN_003d4d98,todo,
0x3d4df8,348,FUN_003d4df8,todo,
0x3d4f6c,156,FUN_003d4f6c,todo,
0x3d500c,40,FUN_003d500c,todo,
0x3d5038,40,FUN_003d5038,todo,
0x3d5064,96,FUN_003d5064,todo,
0x3d50c8,60,FUN_003d50c8,todo,
0x3d5104,256,FUN_003d5104,todo,
0x3d520c,756,FUN_003d520c,todo,
0x3d551c,132,FUN_003d551c,todo,
0x3d55a4,112,FUN_003d55a4,todo,
0x3d5618,112,FUN_003d5618,todo,
0x3d568c,112,FUN_003d568c,todo,
0x3d5700,128,FUN_003d5700,todo,
0x3d57c0,88,FUN_003d57c0,todo,
0x3d581c,108,FUN_003d581c,todo,
0x3d588c,108,FUN_003d588c,todo,
0x3d58fc,84,FUN_003d58fc,todo,
0x3d5954,84,FUN_003d5954,todo,
0x3d59ac,84,FUN_003d59ac,todo,
0x3d5a04,84,FUN_003d5a04,todo,
0x3d5a5c,104,FUN_003d5a5c,todo,
0x3d5ac8,96,FUN_003d5ac8,todo,
0x3d5b34,16,FUN_003d5b34,todo,
0x3d5b48,180,FUN_003d5b48,todo,
0x3d5c1c,252,FUN_003d5c1c,todo,
0x3d5d18,152,FUN_003d5d18,todo,
0x3d5db0,124,FUN_003d5db0,todo,
0x3d5e2c,16,FUN_003d5e2c,todo,
0x3d5e3c,428,FUN_003d5e3c,todo,
0x3d5ff0,416,FUN_003d5ff0,todo,
0x3d61e0,140,FUN_003d61e0,todo,
0x3d627c,156,FUN_003d627c,todo,
0x3d62bc,68,FUN_003d62bc,todo,
0x3d6300,164,FUN_003d6300,todo,
0x3d634c,256,FUN_003d634c,todo,
0x3d63a0,348,FUN_003d63a0,todo,
0x3d63d4,252,FUN_003d63d4,todo,
0x3d64dc,28,FUN_003d64dc,todo,
0x3d6500,40,FUN_003d6500,todo,
0x3d652c,28,FUN_003d652c,todo,
0x3d6548,52,FUN_003d6548,todo,
0x3d657c,412,FUN_003d657c,todo,
0x3d672c,80,FUN_003d672c,todo,
0x3d677c,148,FUN_003d677c,todo,
0x3d6828,108,FUN_003d6828,todo,
0x3d689c,104,FUN_003d689c,todo,
0x3d690c,88,FUN_003d690c,todo,
0x3d69b8,112,FUN_003d69b8,todo,
0x3d6a84,84,FUN_003d6a84,todo,
0x3d6ae0,68,FUN_003d6ae0,todo,
0x3d6b2c,172,FUN_003d6b2c,todo,
0x3d6be0,68,FUN_003d6be0,todo,
0x3d6c2c,100,FUN_003d6c2c,todo,
0x3d6c98,92,FUN_003d6c98,todo,
0x3d6cfc,120,FUN_003d6cfc,todo,
0x3d6d78,20,FUN_003d6d78,todo,
0x3d6d90,8,FUN_003d6d90,todo,
0x3d6d98,4,thunk_FUN_0026d0e8,todo,
0x3d6d9c,280,FUN_003d6d9c,todo,
0x3d6ec0,384,FUN_003d6ec0,todo,
0x3d704c,44,FUN_003d704c,todo,
0x3d7080,524,FUN_003d7080,todo,
0x3d7394,116,FUN_003d7394,todo,
0x3d741c,64,FUN_003d741c,todo,
0x3d7468,260,FUN_003d7468,todo,
0x3d7584,236,FUN_003d7584,todo,
0x3d7670,116,FUN_003d7670,todo,
0x3d76e4,144,FUN_003d76e4,todo,
0x3d7774,144,FUN_003d7774,todo,
0x3d7838,12,FUN_003d7838,todo,
0x3d7934,112,FUN_003d7934,todo,
0x3d79a4,336,FUN_003d79a4,todo,
0x3d7afc,120,FUN_003d7afc,todo,
0x3d7b74,48,FUN_003d7b74,todo,
0x3d7ba4,48,FUN_003d7ba4,todo,
0x3d7bd4,48,FUN_003d7bd4,todo,
0x3d7d48,80,FUN_003d7d48,todo,
0x3d8114,32,FUN_003d8114,todo,
0x3d8134,32,FUN_003d8134,todo,
0x3d8154,12,FUN_003d8154,todo,
0x3d8160,16,FUN_003d8160,todo,
0x3d8170,16,FUN_003d8170,todo,
0x3d8180,56,FUN_003d8180,todo,
0x3d81b8,152,FUN_003d81b8,todo,
0x3d8318,40,FUN_003d8318,todo,
0x3d8340,40,FUN_003d8340,todo,
0x3d8368,72,FUN_003d8368,todo,
0x3d83b8,88,FUN_003d83b8,todo,
0x3d8418,40,FUN_003d8418,todo,
0x3d8440,140,FUN_003d8440,todo,
0x3d84d0,408,FUN_003d84d0,todo,
0x3d867c,32,FUN_003d867c,todo,
0x3d869c,248,FUN_003d869c,todo,
0x3d880c,28,FUN_003d880c,todo,
0x3d8828,28,FUN_003d8828,todo,
0x3d8844,80,FUN_003d8844,todo,
0x3d8898,32,FUN_003d8898,todo,
0x3d88b8,152,FUN_003d88b8,todo,
0x3d8cb0,220,FUN_003d8cb0,todo,
0x3d8d9c,84,FUN_003d8d9c,todo,
0x3d8df0,16,FUN_003d8df0,todo,
0x3d8e0c,20,FUN_003d8e0c,todo,
0x3d8e20,104,FUN_003d8e20,todo,
0x3d8e94,12,FUN_003d8e94,todo,
0x3d8ea0,24,FUN_003d8ea0,todo,
0x3d8ebc,24,FUN_003d8ebc,todo,
0x3d8edc,28,FUN_003d8edc,todo,
0x3d8efc,156,FUN_003d8efc,todo,
0x3d8fa4,184,FUN_003d8fa4,todo,
0x3d914c,112,FUN_003d914c,todo,
0x3d91cc,36,FUN_003d91cc,todo,
0x3d91f0,56,FUN_003d91f0,todo,
0x3d9230,96,FUN_003d9230,todo,
0x3d929c,36,FUN_003d929c,todo,
0x3d92c0,32,FUN_003d92c0,todo,
0x3d92e4,68,FUN_003d92e4,todo,
0x3d9328,128,FUN_003d9328,todo,
0x3d93b0,48,FUN_003d93b0,todo,
0x3d93e8,48,FUN_003d93e8,todo,
0x3d942c,272,FUN_003d942c,todo,
0x3d9550,4,FUN_003d9550,todo,
0x3d9554,328,FUN_003d9554,todo,
0x3d969c,24,FUN_003d969c,todo,
0x3d96b4,328,FUN_003d96b4,todo,
0x3d975c,112,FUN_003d975c,todo,
0x3d97d8,88,FUN_003d97d8,todo,
0x3d9830,28,FUN_003d9830,todo,
0x3d984c,28,FUN_003d984c,todo,
0x3d9868,28,FUN_003d9868,todo,
0x3d9884,24,FUN_003d9884,todo,
0x3d98a0,96,FUN_003d98a0,todo,
0x3d9908,96,FUN_003d9908,todo,
0x3d9970,80,FUN_003d9970,todo,
0x3d99c8,92,FUN_003d99c8,todo,
0x3d9a2c,92,FUN_003d9a2c,todo,
0x3d9a94,92,FUN_003d9a94,todo,
0x3d9af8,92,FUN_003d9af8,todo,
0x3d9b5c,188,FUN_003d9b5c,todo,
0x3d9bc0,8,FUN_003d9bc0,todo,
0x3d9bc8,168,FUN_003d9bc8,todo,
0x3d9c08,280,FUN_003d9c08,todo,
0x3d9d24,228,FUN_003d9d24,todo,
0x3d9e14,676,FUN_003d9e14,todo,
0x3da0c0,492,FUN_003da0c0,todo,
0x3da2b4,752,FUN_003da2b4,todo,
0x3da5a4,200,FUN_003da5a4,todo,
0x3da68c,284,FUN_003da68c,todo,
0x3da7b0,4,thunk_FUN_003da68c,todo,
0x3da7b4,84,FUN_003da7b4,todo,
0x3da80c,220,FUN_003da80c,todo,
0x3da8fc,52,FUN_003da8fc,todo,
0x3da930,740,FUN_003da930,todo,
0x3dacf0,220,FUN_003dacf0,todo,
0x3dadd8,52,FUN_003dadd8,todo,
0x3dae14,52,FUN_003dae14,todo,
0x3dae50,52,FUN_003dae50,todo,
0x3dae8c,96,FUN_003dae8c,todo,
0x3daf84,412,FUN_003daf84,todo,
0x3db12c,188,FUN_003db12c,todo,
0x3db210,724,FUN_003db210,todo,
0x3db514,60,FUN_003db514,todo,
0x3db56c,424,FUN_003db56c,todo,
0x3db718,1268,FUN_003db718,todo,
0x3db888,156,FUN_003db888,todo,
0x3db8b8,40,FUN_003db8b8,todo,
0x3db8e0,252,FUN_003db8e0,todo,
0x3db9e4,300,FUN_003db9e4,todo,
0x3dbb40,224,FUN_003dbb40,todo,
0x3dbc34,416,FUN_003dbc34,todo,
0x3dbdd4,456,FUN_003dbdd4,todo,
0x3dbf9c,1072,FUN_003dbf9c,todo,
0x3dc460,212,FUN_003dc460,todo,
0x3dc534,112,FUN_003dc534,todo,
0x3dc5a4,208,FUN_003dc5a4,todo,
0x3dc674,452,FUN_003dc674,todo,
0x3dc838,392,FUN_003dc838,todo,
0x3dca30,364,FUN_003dca30,todo,
0x3dcba4,96,FUN_003dcba4,todo,
0x3dcc28,672,FUN_003dcc28,todo,
0x3dce44,168,FUN_003dce44,todo,
0x3dceb4,272,FUN_003dceb4,todo,
0x3dcfcc,136,FUN_003dcfcc,todo,
0x3dd060,376,FUN_003dd060,todo,
0x3dd1e8,380,FUN_003dd1e8,todo,
0x3dd374,252,FUN_003dd374,todo,
0x3dd470,420,FUN_003dd470,todo,
0x3de4ec,80,FUN_003de4ec,todo,
0x3de53c,196,FUN_003de53c,todo,
0x3de8a0,936,FUN_003de8a0,todo,
0x3deee8,16,FUN_003deee8,todo,
0x3deef8,440,FUN_003deef8,todo,
0x3df290,744,FUN_003df290,todo,
0x3df5c8,3564,FUN_003df5c8,todo,
0x3e03c4,192,FUN_003e03c4,todo,
0x3e05f4,448,FUN_003e05f4,todo,
0x3e07b8,244,FUN_003e07b8,todo,
0x3e08fc,16,FUN_003e08fc,todo,
0x3e090c,144,FUN_003e090c,todo,
0x3e09a4,288,FUN_003e09a4,todo,
0x3e0ad8,180,FUN_003e0ad8,todo,
0x3e0b90,196,FUN_003e0b90,todo,
0x3e0c58,352,FUN_003e0c58,todo,
0x3e0ef8,72,FUN_003e0ef8,todo,
0x3e10d0,300,FUN_003e10d0,todo,
0x3e1268,228,FUN_003e1268,todo,
0x3e140c,308,FUN_003e140c,todo,
0x3e1548,932,FUN_003e1548,todo,
0x3e1a30,708,FUN_003e1a30,todo,
0x3e1d00,236,FUN_003e1d00,todo,
0x3e1f84,16,FUN_003e1f84,todo,
0x3e1f94,56,FUN_003e1f94,todo,
0x3e205c,604,FUN_003e205c,todo,
0x3e22c4,308,FUN_003e22c4,todo,
0x3e2434,596,FUN_003e2434,todo,
0x3e2698,924,FUN_003e2698,todo,
0x3e2bbc,252,FUN_003e2bbc,todo,
0x3e2d80,344,FUN_003e2d80,todo,
0x3e2ed8,784,FUN_003e2ed8,todo,
0x3e33fc,292,FUN_003e33fc,todo,
0x3e3528,384,FUN_003e3528,todo,
0x3e36b0,524,FUN_003e36b0,todo,
0x3e38c0,428,FUN_003e38c0,todo,
0x3e3a80,508,FUN_003e3a80,todo,
0x3e3c88,260,FUN_003e3c88,todo,
0x3e3d8c,2184,FUN_003e3d8c,todo,
0x3e4620,260,FUN_003e4620,todo,
0x3e472c,3296,FUN_003e472c,todo,
0x3e541c,504,FUN_003e541c,todo,
0x3e561c,40,FUN_003e561c,todo,
0x3e5644,16288,FUN_003e5644,todo,
0x3e9ff8,968,FUN_003e9ff8,todo,
0x3ea42c,192,FUN_003ea42c,todo,
0x3ea4f0,192,FUN_003ea4f0,todo,
0x3ea5b4,308,FUN_003ea5b4,todo,
0x3ea6f4,172,FUN_003ea6f4,todo,
0x3ea7a8,76,FUN_003ea7a8,todo,
0x3ea7f4,1956,FUN_003ea7f4,todo,
0x3eb084,208,FUN_003eb084,todo,
0x3eb158,100,FUN_003eb158,todo,
0x3eb1c0,2228,FUN_003eb1c0,todo,
0x3eb900,36,FUN_003eb900,todo,
0x3eb924,460,FUN_003eb924,todo,
0x3ebb00,1144,FUN_003ebb00,todo,
0x3ebf78,764,FUN_003ebf78,todo,
0x3ec1e4,816,FUN_003ec1e4,todo,
0x3ec590,68,FUN_003ec590,todo,
0x3ec658,124,FUN_003ec658,todo,
0x3ec6dc,124,FUN_003ec6dc,todo,
0x3ec7a0,132,FUN_003ec7a0,todo,
0x3ec830,124,FUN_003ec830,todo,
0x3ec8b8,208,FUN_003ec8b8,todo,
0x3eca1c,44,FUN_003eca1c,todo,
0x3eca48,1148,FUN_003eca48,todo,
0x3ecf44,168,FUN_003ecf44,todo,
0x3ecff8,236,FUN_003ecff8,todo,
0x3ed0f0,1500,FUN_003ed0f0,todo,
0x3ed6f8,384,FUN_003ed6f8,todo,
0x3ed8a8,452,FUN_003ed8a8,todo,
0x3edba4,44,FUN_003edba4,todo,
0x3edc2c,136,FUN_003edc2c,todo,
0x3edcc0,260,FUN_003edcc0,todo,
0x3eddd4,820,FUN_003eddd4,todo,
0x3ee1b8,632,FUN_003ee1b8,todo,
0x3ee65c,288,FUN_003ee65c,todo,
0x3ee78c,260,FUN_003ee78c,todo,
0x3ee894,468,FUN_003ee894,todo,
0x3eeaf4,280,FUN_003eeaf4,todo,
0x3eed04,60,FUN_003eed04,todo,
0x3eed40,56,FUN_003eed40,todo,
0x3eed78,820,FUN_003eed78,todo,
0x3ef0c0,76,FUN_003ef0c0,todo,
0x3ef110,104,FUN_003ef110,todo,
0x3ef184,164,FUN_003ef184,todo,
0x3ef230,1428,FUN_003ef230,todo,
0x3ef808,348,FUN_003ef808,todo,
0x3ef998,488,FUN_003ef998,todo,
0x3efbd8,340,FUN_003efbd8,todo,
0x3efd34,68,FUN_003efd34,todo,
0x3efd80,904,FUN_003efd80,todo,
0x3f024c,368,FUN_003f024c,todo,
0x3f03e0,1076,FUN_003f03e0,todo,
0x3f0820,252,FUN_003f0820,todo,
0x3f091c,244,FUN_003f091c,todo,
0x3f0a1c,464,FUN_003f0a1c,todo,
0x3f0bf4,488,FUN_003f0bf4,todo,
0x3f0dfc,168,FUN_003f0dfc,todo,
0x3f0eb0,236,FUN_003f0eb0,todo,
0x3f0fa8,1764,FUN_003f0fa8,todo,
0x3f16b8,424,FUN_003f16b8,todo,
0x3f1894,480,FUN_003f1894,todo,
0x3f1aac,40,FUN_003f1aac,todo,
0x3f1ad4,728,FUN_003f1ad4,todo,
0x3f1b18,976,FUN_003f1b18,todo,
0x3f1f04,532,FUN_003f1f04,todo,
0x3f1f40,376,FUN_003f1f40,todo,
0x3f1f98,112,FUN_003f1f98,todo,
0x3f1fc4,112,FUN_003f1fc4,todo,
0x3f2014,76,FUN_003f2014,todo,
0x3f2040,180,FUN_003f2040,todo,
0x3f2088,36,FUN_003f2088,todo,
0x3f20ac,340,FUN_003f20ac,todo,
0x3f2204,2268,FUN_003f2204,todo,
0x3f2ddc,252,FUN_003f2ddc,todo,
0x3f2e2c,224,FUN_003f2e2c,todo,
0x3f2e7c,184,FUN_003f2e7c,todo,
0x3f2ea8,72,FUN_003f2ea8,todo,
0x3f2ef0,308,FUN_003f2ef0,todo,
0x3f2f30,100,FUN_003f2f30,todo,
0x3f2f78,140,FUN_003f2f78,todo,
0x3f2fa4,344,FUN_003f2fa4,todo,
0x3f2fd0,312,FUN_003f2fd0,todo,
0x3f3118,216,FUN_003f3118,todo,
0x3f3160,256,FUN_003f3160,todo,
0x3f31b0,516,FUN_003f31b0,todo,
0x3f321c,96,FUN_003f321c,todo,
0x3f3280,236,FUN_003f3280,todo,
0x3f32ac,304,FUN_003f32ac,todo,
0x3f32f4,332,FUN_003f32f4,todo,
0x3f333c,168,FUN_003f333c,todo,
0x3f33f0,236,FUN_003f33f0,todo,
0x3f34e8,1524,FUN_003f34e8,todo,
0x3f3b08,384,FUN_003f3b08,todo,
0x3f3cb8,452,FUN_003f3cb8,todo,
0x3f3f3c,236,FUN_003f3f3c,todo,
0x3f4034,1392,FUN_003f4034,todo,
0x3f4780,452,FUN_003f4780,todo,
0x3f49a0,40,FUN_003f49a0,todo,
0x3f4a2c,228,FUN_003f4a2c,todo,
0x3f4b2c,168,FUN_003f4b2c,todo,
0x3f4be0,1404,FUN_003f4be0,todo,
0x3f5188,668,FUN_003f5188,todo,
0x3f5460,604,FUN_003f5460,todo,
0x3f56e4,456,FUN_003f56e4,todo,
0x3f58b0,176,FUN_003f58b0,todo,
0x3f5968,448,FUN_003f5968,todo,
0x3f5b38,464,FUN_003f5b38,todo,
0x3f5d14,168,FUN_003f5d14,todo,
0x3f5f90,456,FUN_003f5f90,todo,
0x3f6178,604,FUN_003f6178,todo,
0x3f63fc,604,FUN_003f63fc,todo,
0x3f6680,604,FUN_003f6680,todo,
0x3f6904,244,FUN_003f6904,todo,
0x3f6980,84,FUN_003f6980,todo,
0x3f69e0,284,FUN_003f69e0,todo,
0x3f6b08,124,FUN_003f6b08,todo,
0x3f6c14,628,FUN_003f6c14,todo,
0x3f6ec4,292,FUN_003f6ec4,todo,
0x3f6ffc,900,FUN_003f6ffc,todo,
0x3f73b0,424,FUN_003f73b0,todo,
0x3f74d4,68,FUN_003f74d4,todo,
0x3f7520,156,FUN_003f7520,todo,
0x3f7604,76,FUN_003f7604,todo,
0x3f7650,92,FUN_003f7650,todo,
0x3f76ac,68,FUN_003f76ac,todo,
0x3f76f0,68,FUN_003f76f0,todo,
0x3f7734,56,FUN_003f7734,todo,
0x3f776c,60,FUN_003f776c,todo,
0x3f77a8,56,FUN_003f77a8,todo,
0x3f77e0,112,FUN_003f77e0,todo,
0x3f785c,60,FUN_003f785c,todo,
0x3f78a4,132,FUN_003f78a4,todo,
0x3f7930,380,FUN_003f7930,todo,
0x3f7b08,140,FUN_003f7b08,todo,
0x3f7ba4,1092,FUN_003f7ba4,todo,
0x3f8004,1764,FUN_003f8004,todo,
0x3f8744,192,FUN_003f8744,todo,
0x3f881c,56,FUN_003f881c,todo,
0x3f8854,812,FUN_003f8854,todo,
0x3f8c7c,88,FUN_003f8c7c,todo,
0x3f8cd8,320,FUN_003f8cd8,todo,
0x3f8e3c,168,FUN_003f8e3c,todo,
0x3f8ee8,8,FUN_003f8ee8,todo,
0x3f8ef0,48,FUN_003f8ef0,todo,
0x3f8f24,12,FUN_003f8f24,todo,
0x3f8f30,48,FUN_003f8f30,todo,
0x3f94ec,132,FUN_003f94ec,todo,
0x3f9570,8,FUN_003f9570,todo,
0x3f9578,104,FUN_003f9578,todo,
0x3f95e0,40,FUN_003f95e0,todo,
0x3f9608,176,FUN_003f9608,todo,
0x3f96c0,656,FUN_003f96c0,todo,
0x3f9728,388,FUN_003f9728,todo,
0x3f98b4,336,FUN_003f98b4,todo,
0x3f9a0c,180,FUN_003f9a0c,todo,
0x3f9ac8,264,FUN_003f9ac8,todo,
0x3f9c1c,444,FUN_003f9c1c,todo,
0x3f9f5c,524,FUN_003f9f5c,todo,
0x3fa180,904,FUN_003fa180,todo,
0x3fa82c,8,FUN_003fa82c,todo,
0x3fa834,80,FUN_003fa834,todo,
0x3fa884,248,FUN_003fa884,todo,
0x3fa984,176,FUN_003fa984,todo,
0x3faa68,64,FUN_003faa68,todo,
0x3faaa8,80,FUN_003faaa8,todo,
0x3faaf8,32,FUN_003faaf8,todo,
0x3fab18,436,FUN_003fab18,todo,
0x3facd8,3404,FUN_003facd8,todo,
0x3fbae0,204,FUN_003fbae0,todo,
0x3fbbac,464,FUN_003fbbac,todo,
0x3fbd7c,568,FUN_003fbd7c,todo,
0x3fbfbc,296,FUN_003fbfbc,todo,
0x3fc0e4,596,FUN_003fc0e4,todo,
0x3fc34c,80,FUN_003fc34c,todo,
0x3fc39c,1412,FUN_003fc39c,todo,
0x3fc924,3276,FUN_003fc924,todo,
0x3fd6e0,332,FUN_003fd6e0,todo,
0x3fd830,672,FUN_003fd830,todo,
0x3fe330,276,FUN_003fe330,todo,
0x3fe578,28,FUN_003fe578,todo,
0x3fe594,28,FUN_003fe594,todo,
0x3fe5b0,28,FUN_003fe5b0,todo,
0x3fe5cc,152,FUN_003fe5cc,todo,
0x3fe644,132,FUN_003fe644,todo,
0x3fe690,92,FUN_003fe690,todo,
0x3fe700,3776,FUN_003fe700,todo,
0x3ff630,36,FUN_003ff630,todo,
0x3ff654,184,FUN_003ff654,todo,
0x3ff71c,376,FUN_003ff71c,todo,
0x3ff898,84,FUN_003ff898,todo,
0x3ff904,280,FUN_003ff904,todo,
0x3ffa2c,12,FUN_003ffa2c,todo,
0x3ffa38,68,FUN_003ffa38,todo,
0x3ffa7c,428,FUN_003ffa7c,todo,
0x3ffc64,68,FUN_003ffc64,todo,
0x400354,116,FUN_00400354,todo,
0x400460,132,FUN_00400460,todo,
0x4005c8,28,FUN_004005c8,todo,
0x4005e4,28,FUN_004005e4,todo,
0x400600,28,FUN_00400600,todo,
0x40061c,76,FUN_0040061c,todo,
0x40066c,280,FUN_0040066c,todo,
0x400864,136,FUN_00400864,todo,
0x4008ec,432,FUN_004008ec,todo,
0x400b8c,396,FUN_00400b8c,todo,
0x400f54,36,FUN_00400f54,todo,
0x400f78,656,FUN_00400f78,todo,
0x400ffc,144,FUN_00400ffc,todo,
0x401094,16,FUN_00401094,todo,
0x4010a4,280,FUN_004010a4,todo,
0x4011c4,1132,FUN_004011c4,todo,
0x401720,100,FUN_00401720,todo,
0x401784,232,FUN_00401784,todo,
0x401878,124,FUN_00401878,todo,
0x401914,356,FUN_00401914,todo,
0x401aac,204,FUN_00401aac,todo,
0x401c30,40,FUN_00401c30,todo,
0x401c58,32,FUN_00401c58,todo,
0x401c78,88,FUN_00401c78,todo,
0x401ce8,112,FUN_00401ce8,todo,
0x401d64,48,FUN_00401d64,todo,
0x401d94,152,FUN_00401d94,todo,
0x401e34,1068,FUN_00401e34,todo,
0x4022ac,480,FUN_004022ac,todo,
0x4024e8,64,FUN_004024e8,todo,
0x402528,260,FUN_00402528,todo,
0x402640,56,FUN_00402640,todo,
0x402678,60,FUN_00402678,todo,
0x4026b4,144,FUN_004026b4,todo,
0x402744,1264,FUN_00402744,todo,
0x402c40,188,FUN_00402c40,todo,
0x402cfc,2668,FUN_00402cfc,todo,
0x4038b8,192,FUN_004038b8,todo,
0x4039d4,184,FUN_004039d4,todo,
0x403a8c,156,FUN_00403a8c,todo,
0x403b30,356,FUN_00403b30,todo,
0x403cdc,272,FUN_00403cdc,todo,
0x403df8,348,FUN_00403df8,todo,
0x403f68,832,FUN_00403f68,todo,
0x40431c,224,FUN_0040431c,todo,
0x40471c,80,FUN_0040471c,todo,
0x404774,124,FUN_00404774,todo,
0x4047f8,144,FUN_004047f8,todo,
0x404888,268,FUN_00404888,todo,
0x404994,44,FUN_00404994,todo,
0x4049c0,168,FUN_004049c0,todo,
0x404a68,176,FUN_00404a68,todo,
0x404b2c,452,FUN_00404b2c,todo,
0x404d2c,592,FUN_00404d2c,todo,
0x404f84,304,FUN_00404f84,todo,
0x4050b8,236,FUN_004050b8,todo,
0x4051a4,924,FUN_004051a4,todo,
0x405548,152,FUN_00405548,todo,
0x4055e0,132,FUN_004055e0,todo,
0x405664,44,FUN_00405664,todo,
0x405690,160,FUN_00405690,todo,
0x405734,1252,FUN_00405734,todo,
0x40617c,556,FUN_0040617c,todo,
0x4063b8,568,FUN_004063b8,todo,
0x406640,108,FUN_00406640,todo,
0x406894,216,FUN_00406894,todo,
0x40696c,68,FUN_0040696c,todo,
0x4069b0,1980,FUN_004069b0,todo,
0x4071c4,820,FUN_004071c4,todo,
0x407530,56,FUN_00407530,todo,
0x407568,196,FUN_00407568,todo,
0x407640,112,FUN_00407640,todo,
0x4076b8,96,FUN_004076b8,todo,
0x407720,52,FUN_00407720,todo,
0x407758,232,FUN_00407758,todo,
0x407ad0,332,FUN_00407ad0,todo,
0x407c38,372,FUN_00407c38,todo,
0x407de4,1760,FUN_00407de4,todo,
0x40853c,80,FUN_0040853c,todo,
0x40858c,12,FUN_0040858c,todo,
0x408598,12,FUN_00408598,todo,
0x4085a4,112,FUN_004085a4,todo,
0x408614,44,FUN_00408614,todo,
0x408640,44,FUN_00408640,todo,
0x40866c,120,FUN_0040866c,todo,
0x4086e4,372,FUN_004086e4,todo,
0x408858,204,FUN_00408858,todo,
0x4088e4,40,FUN_004088e4,todo,
0x40890c,52,FUN_0040890c,todo,
0x408940,1416,FUN_00408940,todo,
0x408edc,292,FUN_00408edc,todo,
0x409008,100,FUN_00409008,todo,
0x40906c,268,FUN_0040906c,todo,
0x409180,72,FUN_00409180,todo,
0x4091c8,1104,FUN_004091c8,todo,
0x40963c,84,FUN_0040963c,todo,
0x409690,12,FUN_00409690,todo,
0x40969c,28,FUN_0040969c,todo,
0x4096b8,76,FUN_004096b8,todo,
0x409704,1264,FUN_00409704,todo,
0x409c08,676,FUN_00409c08,todo,
0x409eac,48,FUN_00409eac,todo,
0x409edc,48,FUN_00409edc,todo,
0x409f0c,92,FUN_00409f0c,todo,
0x409f68,16,FUN_00409f68,todo,
0x409f78,2284,FUN_00409f78,todo,
0x40a8f4,484,FUN_0040a8f4,todo,
0x40ab34,816,FUN_0040ab34,todo,
0x40ae6c,272,FUN_0040ae6c,todo,
0x40af94,196,FUN_0040af94,todo,
0x40b06c,736,FUN_0040b06c,todo,
0x40b360,28,FUN_0040b360,todo,
0x40b490,60,FUN_0040b490,todo,
0x40b4cc,220,FUN_0040b4cc,todo,
0x40b600,408,FUN_0040b600,todo,
0x40b7dc,1488,FUN_0040b7dc,todo,
0x40bef0,132,FUN_0040bef0,todo,
0x40bf74,260,FUN_0040bf74,todo,
0x40c07c,196,FUN_0040c07c,todo,
0x40c140,144,FUN_0040c140,todo,
0x40c1d4,480,FUN_0040c1d4,todo,
0x40c470,2980,FUN_0040c470,todo,
0x40d0d8,160,FUN_0040d0d8,todo,
0x40d188,88,FUN_0040d188,todo,
0x40d1e0,48,FUN_0040d1e0,todo,
0x40d210,192,FUN_0040d210,todo,
0x40d2d4,1084,FUN_0040d2d4,todo,
0x40d804,136,FUN_0040d804,todo,
0x40d88c,264,FUN_0040d88c,todo,
0x40d99c,568,FUN_0040d99c,todo,
0x40dbd8,784,FUN_0040dbd8,todo,
0x40df6c,2472,FUN_0040df6c,todo,
0x40e958,372,FUN_0040e958,todo,
0x40ead0,116,FUN_0040ead0,todo,
0x40eb48,240,FUN_0040eb48,todo,
0x40ec38,384,FUN_0040ec38,todo,
0x40ef9c,344,FUN_0040ef9c,todo,
0x40f2c4,112,FUN_0040f2c4,todo,
0x40f348,84,FUN_0040f348,todo,
0x40f3b0,20,FUN_0040f3b0,todo,
0x40f3c8,348,FUN_0040f3c8,todo,
0x40f528,492,FUN_0040f528,todo,
0x40f724,376,FUN_0040f724,todo,
0x40f9f0,3440,FUN_0040f9f0,todo,
0x41079c,1072,FUN_0041079c,todo,
0x410bd8,584,FUN_00410bd8,todo,
0x410e20,412,FUN_00410e20,todo,
0x410fc8,544,FUN_00410fc8,todo,
0x4111fc,544,FUN_004111fc,todo,
0x411428,292,FUN_00411428,todo,
0x41154c,1816,FUN_0041154c,todo,
0x411c84,1740,FUN_00411c84,todo,
0x4123c8,336,FUN_004123c8,todo,
0x412518,300,FUN_00412518,todo,
0x41264c,372,FUN_0041264c,todo,
0x4127dc,272,FUN_004127dc,todo,
0x4128ec,480,FUN_004128ec,todo,
0x412ad8,772,FUN_00412ad8,todo,
0x412de8,120,FUN_00412de8,todo,
0x412fa0,240,FUN_00412fa0,todo,
0x41309c,976,FUN_0041309c,todo,
0x413974,500,FUN_00413974,todo,
0x413b70,308,FUN_00413b70,todo,
0x413ca4,2032,FUN_00413ca4,todo,
0x4144c0,948,FUN_004144c0,todo,
0x4148a4,448,FUN_004148a4,todo,
0x414a6c,308,FUN_00414a6c,todo,
0x414bac,60,FUN_00414bac,todo,
0x414be8,144,FUN_00414be8,todo,
0x414c7c,952,FUN_00414c7c,todo,
0x415058,840,FUN_00415058,todo,
0x415438,64,FUN_00415438,todo,
0x415478,96,FUN_00415478,todo,
0x4154d8,1864,FUN_004154d8,todo,
0x415cf0,24,FUN_00415cf0,todo,
0x415d08,804,FUN_00415d08,todo,
0x41602c,1344,FUN_0041602c,todo,
0x416580,648,FUN_00416580,todo,
0x416b38,236,FUN_00416b38,todo,
0x416c24,348,FUN_00416c24,todo,
0x416da0,400,FUN_00416da0,todo,
0x416f88,1084,FUN_00416f88,todo,
0x4173ec,1108,FUN_004173ec,todo,
0x41786c,180,FUN_0041786c,todo,
0x41792c,200,FUN_0041792c,todo,
0x417a38,128,FUN_00417a38,todo,
0x417ae8,348,FUN_00417ae8,todo,
0x417c4c,396,FUN_00417c4c,todo,
0x417ddc,1164,FUN_00417ddc,todo,
0x418294,72,FUN_00418294,todo,
0x4182e4,96,FUN_004182e4,todo,
0x4183d4,860,FUN_004183d4,todo,
0x41874c,288,FUN_0041874c,todo,
0x41889c,1028,FUN_0041889c,todo,
0x418e54,708,FUN_00418e54,todo,
0x4192e0,228,FUN_004192e0,todo,
0x4193c8,1236,FUN_004193c8,todo,
0x419af4,560,FUN_00419af4,todo,
0x419e5c,44,FUN_00419e5c,todo,
0x41a280,616,FUN_0041a280,todo,
0x41ac0c,196,FUN_0041ac0c,todo,
0x41ace0,460,FUN_0041ace0,todo,
0x41aeb4,128,FUN_0041aeb4,todo,
0x41af44,808,FUN_0041af44,todo,
0x41b15c,1372,FUN_0041b15c,todo,
0x41b768,96,FUN_0041b768,todo,
0x41b7c8,576,FUN_0041b7c8,todo,
0x41ba10,168,FUN_0041ba10,todo,
0x41bad4,16,FUN_0041bad4,todo,
0x41bae4,56,FUN_0041bae4,todo,
0x41bb1c,28,FUN_0041bb1c,todo,
0x41bb38,1392,FUN_0041bb38,todo,
0x41c0b4,24,FUN_0041c0b4,todo,
0x41c0d4,916,FUN_0041c0d4,todo,
0x41c488,168,FUN_0041c488,todo,
0x41c538,520,FUN_0041c538,todo,
0x41c784,396,FUN_0041c784,todo,
0x41c924,612,FUN_0041c924,todo,
0x41cbcc,184,FUN_0041cbcc,todo,
0x41cc8c,208,FUN_0041cc8c,todo,
0x41d124,268,FUN_0041d124,todo,
0x41d268,300,FUN_0041d268,todo,
0x41d39c,152,FUN_0041d39c,todo,
0x41d434,108,FUN_0041d434,todo,
0x41d4a0,132,FUN_0041d4a0,todo,
0x41d52c,164,FUN_0041d52c,todo,
0x41d5d8,304,FUN_0041d5d8,todo,
0x41d714,380,FUN_0041d714,todo,
0x41dee0,168,FUN_0041dee0,todo,
0x41df90,2568,FUN_0041df90,todo,
0x41ea7c,140,FUN_0041ea7c,todo,
0x41eb10,80,FUN_0041eb10,todo,
0x41eb60,32,FUN_0041eb60,todo,
0x41ec50,88,FUN_0041ec50,todo,
0x41eca8,392,FUN_0041eca8,todo,
0x41ef80,88,FUN_0041ef80,todo,
0x41efe0,12,FUN_0041efe0,todo,
0x41eff4,12,FUN_0041eff4,todo,
0x41f010,12,FUN_0041f010,todo,
0x41f01c,12,FUN_0041f01c,todo,
0x41f028,12,FUN_0041f028,todo,
0x41f084,12,FUN_0041f084,todo,
0x41f0a0,16,FUN_0041f0a0,todo,
0x41f0c8,16,FUN_0041f0c8,todo,
0x41f0dc,360,FUN_0041f0dc,todo,
0x41f2dc,96,FUN_0041f2dc,todo,
0x41f34c,192,FUN_0041f34c,todo,
0x41f5a4,172,FUN_0041f5a4,todo,
0x41f654,396,FUN_0041f654,todo,
0x41f7ec,260,FUN_0041f7ec,todo,
0x41f8f0,232,FUN_0041f8f0,todo,
0x41f9d8,2640,FUN_0041f9d8,todo,
0x420084,572,FUN_00420084,todo,
0x420280,244,FUN_00420280,todo,
0x420344,520,FUN_00420344,todo,
0x42046c,2012,FUN_0042046c,todo,
0x420c68,72,FUN_00420c68,todo,
0x420cb0,460,FUN_00420cb0,todo,
0x420e84,440,FUN_00420e84,todo,
0x42104c,52,FUN_0042104c,todo,
0x421088,160,FUN_00421088,todo,
0x42114c,240,FUN_0042114c,todo,
0x421250,868,FUN_00421250,todo,
0x4215c4,328,FUN_004215c4,todo,
0x421710,412,FUN_00421710,todo,
0x4218b0,244,FUN_004218b0,todo,
0x4219ac,276,FUN_004219ac,todo,
0x421b08,404,FUN_00421b08,todo,
0x421cbc,420,FUN_00421cbc,todo,
0x422088,212,FUN_00422088,todo,
0x422164,2040,FUN_00422164,todo,
0x4229a8,12,FUN_004229a8,todo,
0x4229bc,368,FUN_004229bc,todo,
0x422b68,680,FUN_00422b68,todo,
0x422bf4,132,FUN_00422bf4,todo,
0x422c80,360,FUN_00422c80,todo,
0x422df4,564,FUN_00422df4,todo,
0x4232ac,248,FUN_004232ac,todo,
0x4233a8,368,FUN_004233a8,todo,
0x423534,68,FUN_00423534,todo,
0x423580,64,FUN_00423580,todo,
0x4235c8,144,FUN_004235c8,todo,
0x42365c,316,FUN_0042365c,todo,
0x423684,172,FUN_00423684,todo,
0x42373c,96,FUN_0042373c,todo,
0x423830,68,FUN_00423830,todo,
0x42387c,80,FUN_0042387c,todo,
0x42394c,108,FUN_0042394c,todo,
0x4239c0,200,FUN_004239c0,todo,
0x423a90,232,FUN_00423a90,todo,
0x423b80,440,FUN_00423b80,todo,
0x423d54,220,FUN_00423d54,todo,
0x423e40,1240,FUN_00423e40,todo,
0x424418,308,FUN_00424418,todo,
0x424554,156,FUN_00424554,todo,
0x4245f8,404,FUN_004245f8,todo,
0x42479c,728,FUN_0042479c,todo,
0x424ad4,108,FUN_00424ad4,todo,
0x424b40,168,FUN_00424b40,todo,
0x424be8,124,FUN_00424be8,todo,
0x424c64,1116,FUN_00424c64,todo,
0x4250ec,304,FUN_004250ec,todo,
0x425244,232,FUN_00425244,todo,
0x425330,232,FUN_00425330,todo,
0x425428,180,FUN_00425428,todo,
0x4254dc,108,FUN_004254dc,todo,
0x425548,92,FUN_00425548,todo,
0x4255a4,132,FUN_004255a4,todo,
0x425628,236,FUN_00425628,todo,
0x425720,484,FUN_00425720,todo,
0x425938,240,FUN_00425938,todo,
0x425a30,240,FUN_00425a30,todo,
0x425b28,240,FUN_00425b28,todo,
0x425c40,64,FUN_00425c40,todo,
0x425c80,72,FUN_00425c80,todo,
0x425cdc,164,FUN_00425cdc,todo,
0x425ee0,76,FUN_00425ee0,todo,
0x425f34,576,FUN_00425f34,todo,
0x426178,132,FUN_00426178,todo,
0x426204,348,FUN_00426204,todo,
0x42636c,180,FUN_0042636c,todo,
0x426428,236,FUN_00426428,todo,
0x426524,272,FUN_00426524,todo,
0x426634,244,FUN_00426634,todo,
0x426728,208,FUN_00426728,todo,
0x426804,96,FUN_00426804,todo,
0x4268f8,1208,FUN_004268f8,todo,
0x426dcc,172,FUN_00426dcc,todo,
0x426e84,340,FUN_00426e84,todo,
0x426ff4,652,FUN_00426ff4,todo,
0x4272ac,760,FUN_004272ac,todo,
0x4275dc,288,FUN_004275dc,todo,
0x427714,272,FUN_00427714,todo,
0x4278c0,296,FUN_004278c0,todo,
0x4279f0,760,FUN_004279f0,todo,
0x4280cc,44,FUN_004280cc,todo,
0x4280f8,88,FUN_004280f8,todo,
0x428150,24,FUN_00428150,todo,
0x428184,364,FUN_00428184,todo,
0x4282f0,480,FUN_004282f0,todo,
0x428628,212,FUN_00428628,todo,
0x428704,1568,FUN_00428704,todo,
0x428d64,240,FUN_00428d64,todo,
0x428e50,208,FUN_00428e50,todo,
0x428f20,112,FUN_00428f20,todo,
0x428f90,208,FUN_00428f90,todo,
0x429070,152,FUN_00429070,todo,
0x429110,136,FUN_00429110,todo,
0x429198,2980,FUN_00429198,todo,
0x429ef4,240,FUN_00429ef4,todo,
0x42a380,260,FUN_0042a380,todo,
0x42a484,552,FUN_0042a484,todo,
0x42a760,68,FUN_0042a760,todo,
0x42b628,68,FUN_0042b628,todo,
0x42c504,224,FUN_0042c504,todo,
0x42c5f0,168,FUN_0042c5f0,todo,
0x42c69c,136,FUN_0042c69c,todo,
0x42c730,72,FUN_0042c730,todo,
0x42c778,104,FUN_0042c778,todo,
0x42c7e0,44,FUN_0042c7e0,todo,
0x42c80c,68,FUN_0042c80c,todo,
0x42c850,4664,FUN_0042c850,todo,
0x42db94,2976,FUN_0042db94,todo,
0x42e734,292,FUN_0042e734,todo,
0x42e864,732,FUN_0042e864,todo,
0x42eb44,1596,FUN_0042eb44,todo,
0x42f1a8,68,FUN_0042f1a8,todo,
0x42f1f0,276,FUN_0042f1f0,todo,
0x42f304,60,FUN_0042f304,todo,
0x42f3ac,2132,FUN_0042f3ac,todo,
0x42fc10,480,FUN_0042fc10,todo,
0x42fdf4,1460,FUN_0042fdf4,todo,
0x4303a8,548,FUN_004303a8,todo,
0x4305cc,1440,FUN_004305cc,todo,
0x430b70,424,FUN_00430b70,todo,
0x430d18,428,FUN_00430d18,todo,
0x430ed4,1648,FUN_00430ed4,todo,
0x431548,264,FUN_00431548,todo,
0x431650,368,FUN_00431650,todo,
0x4317c8,1024,FUN_004317c8,todo,
0x431bd8,2484,FUN_00431bd8,todo,
0x4325b4,980,FUN_004325b4,todo,
0x4329a0,268,FUN_004329a0,todo,
0x432ab8,212,FUN_00432ab8,todo,
0x432b98,44,FUN_00432b98,todo,
0x432bc4,68,FUN_00432bc4,todo,
0x432c18,28,FUN_00432c18,todo,
0x432c3c,156,FUN_00432c3c,todo,
0x432cdc,44,FUN_00432cdc,todo,
0x432d08,408,FUN_00432d08,todo,
0x432ea0,3256,FUN_00432ea0,todo,
0x433a14,220,FUN_00433a14,todo,
0x433af0,216,FUN_00433af0,todo,
0x433bd4,160,FUN_00433bd4,todo,
0x433c74,328,FUN_00433c74,todo,
0x433dbc,44,FUN_00433dbc,todo,
0x433dec,1496,FUN_00433dec,todo,
0x434404,168,FUN_00434404,todo,
0x4344ac,244,FUN_004344ac,todo,
0x4345a4,200,FUN_004345a4,todo,
0x43466c,104,FUN_0043466c,todo,
0x4346f0,268,FUN_004346f0,todo,
0x43480c,48,FUN_0043480c,todo,
0x43483c,116,FUN_0043483c,todo,
0x4348b8,180,FUN_004348b8,todo,
0x43496c,236,FUN_0043496c,todo,
0x434a58,372,FUN_00434a58,todo,
0x434bcc,8,FUN_00434bcc,todo,
0x434bd4,1644,FUN_00434bd4,todo,
0x435254,996,FUN_00435254,todo,
0x435640,108,FUN_00435640,todo,
0x4356ac,28,FUN_004356ac,todo,
0x4356c8,224,FUN_004356c8,todo,
0x4357b0,1044,FUN_004357b0,todo,
0x43587c,1656,FUN_0043587c,todo,
0x435ef8,200,FUN_00435ef8,todo,
0x4360ec,180,FUN_004360ec,todo,
0x4361a0,824,FUN_004361a0,todo,
0x4364e8,676,FUN_004364e8,todo,
0x436794,612,FUN_00436794,todo,
0x4369fc,716,FUN_004369fc,todo,
0x436cd4,488,FUN_00436cd4,todo,
0x436ec0,416,FUN_00436ec0,todo,
0x437060,168,FUN_00437060,todo,
0x437108,352,FUN_00437108,todo,
0x43726c,200,FUN_0043726c,todo,
0x437334,276,FUN_00437334,todo,
0x437450,28,FUN_00437450,todo,
0x43746c,176,FUN_0043746c,todo,
0x43751c,88,FUN_0043751c,todo,
0x4378c0,180,FUN_004378c0,todo,
0x437974,1176,FUN_00437974,todo,
0x437e14,156,FUN_00437e14,todo,
0x437eb0,72,FUN_00437eb0,todo,
0x437ef8,8,FUN_00437ef8,todo,
0x437f00,64,FUN_00437f00,todo,
0x437f40,76,FUN_00437f40,todo,
0x437f8c,392,FUN_00437f8c,todo,
0x43811c,96,FUN_0043811c,todo,
0x43817c,192,FUN_0043817c,todo,
0x438244,216,FUN_00438244,todo,
0x438334,580,FUN_00438334,todo,
0x43862c,96,FUN_0043862c,todo,
0x438700,44,FUN_00438700,todo,
0x438730,48,FUN_00438730,todo,
0x438760,612,FUN_00438760,todo,
0x438a2c,32,FUN_00438a2c,todo,
0x438a4c,340,FUN_00438a4c,todo,
0x438ba0,196,FUN_00438ba0,todo,
0x438c64,308,FUN_00438c64,todo,
0x438d9c,8,FUN_00438d9c,todo,
0x438da4,516,FUN_00438da4,todo,
0x438fac,68,FUN_00438fac,todo,
0x43901c,168,FUN_0043901c,todo,
0x4390c8,168,FUN_004390c8,todo,
0x439180,84,FUN_00439180,todo,
0x4391d4,152,FUN_004391d4,todo,
0x439274,20,FUN_00439274,todo,
0x439288,64,FUN_00439288,todo,
0x4392d8,64,FUN_004392d8,todo,
0x439320,124,FUN_00439320,todo,
0x43939c,128,FUN_0043939c,todo,
0x439458,324,FUN_00439458,todo,
0x43959c,260,FUN_0043959c,todo,
0x439668,212,FUN_00439668,todo,
0x43973c,112,FUN_0043973c,todo,
0x4397ac,172,FUN_004397ac,todo,
0x439868,156,FUN_00439868,todo,
0x439910,144,FUN_00439910,todo,
0x439a18,96,FUN_00439a18,todo,
0x439a78,512,FUN_00439a78,todo,
0x439c88,76,FUN_00439c88,todo,
0x439cd8,92,FUN_00439cd8,todo,
0x439d38,52,FUN_00439d38,todo,
0x439d70,184,FUN_00439d70,todo,
0x439d84,80,FUN_00439d84,todo,
0x439dd8,68,FUN_00439dd8,todo,
0x439e1c,392,FUN_00439e1c,todo,
0x439fa4,480,FUN_00439fa4,todo,
0x43a184,96,FUN_0043a184,todo,
0x43a1e4,240,FUN_0043a1e4,todo,
0x43a2d4,464,FUN_0043a2d4,todo,
0x43a4bc,144,FUN_0043a4bc,todo,
0x43a56c,360,FUN_0043a56c,todo,
0x43a7b4,64,FUN_0043a7b4,todo,
0x43a8f8,24,FUN_0043a8f8,todo,
0x43a910,168,FUN_0043a910,todo,
0x43ae30,304,FUN_0043ae30,todo,
0x43af74,156,FUN_0043af74,todo,
0x43b01c,20,FUN_0043b01c,todo,
0x43b140,492,FUN_0043b140,todo,
0x43b34c,336,FUN_0043b34c,todo,
0x43b4bc,740,FUN_0043b4bc,todo,
0x43b7c8,612,FUN_0043b7c8,todo,
0x43bb94,448,FUN_0043bb94,todo,
0x43bdb8,456,FUN_0043bdb8,todo,
0x43bfc8,88,FUN_0043bfc8,todo,
0x43c020,84,FUN_0043c020,todo,
0x43c074,20,FUN_0043c074,todo,
0x43c094,80,FUN_0043c094,todo,
0x43c0e4,368,FUN_0043c0e4,todo,
0x43c15c,284,FUN_0043c15c,todo,
0x43c388,920,FUN_0043c388,todo,
0x43c730,316,FUN_0043c730,todo,
0x43c874,368,FUN_0043c874,todo,
0x43c9f0,196,FUN_0043c9f0,todo,
0x43cac0,112,FUN_0043cac0,todo,
0x43cb40,12,FUN_0043cb40,todo,
0x43cb4c,44,FUN_0043cb4c,todo,
0x43cbe4,224,FUN_0043cbe4,todo,
0x43ccec,304,FUN_0043ccec,todo,
0x43ce1c,48,FUN_0043ce1c,todo,
0x43ce4c,480,FUN_0043ce4c,todo,
0x43d034,452,FUN_0043d034,todo,
0x43d20c,512,FUN_0043d20c,todo,
0x43d40c,120,FUN_0043d40c,todo,
0x43d484,516,FUN_0043d484,todo,
0x43d698,132,FUN_0043d698,todo,
0x43d71c,284,FUN_0043d71c,todo,
0x43d838,684,FUN_0043d838,todo,
0x43db10,964,FUN_0043db10,todo,
0x43dee8,632,FUN_0043dee8,todo,
0x43e168,8,FUN_0043e168,todo,
0x43e174,156,FUN_0043e174,todo,
0x43e210,20,FUN_0043e210,todo,
0x43e228,1996,FUN_0043e228,todo,
0x43ea2c,32,FUN_0043ea2c,todo,
0x43ea50,116,FUN_0043ea50,todo,
0x43ead0,180,FUN_0043ead0,todo,
0x43eb8c,508,FUN_0043eb8c,todo,
0x43ed9c,92,FUN_0043ed9c,todo,
0x43ee00,20,FUN_0043ee00,todo,
0x43ee14,160,FUN_0043ee14,todo,
0x43eeb4,232,FUN_0043eeb4,todo,
0x43efa4,248,FUN_0043efa4,todo,
0x43f1e0,544,FUN_0043f1e0,todo,
0x43f3b0,220,FUN_0043f3b0,todo,
0x43f490,68,FUN_0043f490,todo,
0x43f5f8,32,FUN_0043f5f8,todo,
0x43f61c,16,FUN_0043f61c,todo,
0x43f640,120,FUN_0043f640,todo,
0x43f680,16,FUN_0043f680,todo,
0x43f694,40,FUN_0043f694,todo,
0x43f6bc,84,FUN_0043f6bc,todo,
0x43f714,24,FUN_0043f714,todo,
0x43f77c,348,FUN_0043f77c,todo,
0x43f8dc,436,FUN_0043f8dc,todo,
0x43fa90,32,FUN_0043fa90,todo,
0x43fab0,20,FUN_0043fab0,todo,
0x43fac4,24,FUN_0043fac4,todo,
0x43fadc,20,FUN_0043fadc,todo,
0x43faf0,24,FUN_0043faf0,todo,
0x43fb0c,40,FUN_0043fb0c,todo,
0x43fb38,56,FUN_0043fb38,todo,
0x43fb70,72,FUN_0043fb70,todo,
0x43fbb8,56,FUN_0043fbb8,todo,
0x43fbf0,40,FUN_0043fbf0,todo,
0x43fc20,40,FUN_0043fc20,todo,
0x43fe90,104,FUN_0043fe90,todo,
0x43ff58,28,FUN_0043ff58,todo,
0x43ff78,64,FUN_0043ff78,todo,
0x43ffb8,80,FUN_0043ffb8,todo,
0x440008,100,FUN_00440008,todo,
0x44006c,208,FUN_0044006c,todo,
0x44013c,120,FUN_0044013c,todo,
0x4401b4,328,FUN_004401b4,todo,
0x440358,12,FUN_00440358,todo,
0x440364,16,FUN_00440364,todo,
0x440374,384,FUN_00440374,todo,
0x4404fc,228,FUN_004404fc,todo,
0x4408d4,216,FUN_004408d4,todo,
0x4409ac,168,FUN_004409ac,todo,
0x440a54,388,FUN_00440a54,todo,
0x440bec,816,FUN_00440bec,todo,
0x440de4,256,FUN_00440de4,todo,
0x440ee8,1440,FUN_00440ee8,todo,
0x4414e8,36,FUN_004414e8,todo,
0x44150c,228,FUN_0044150c,todo,
0x4415f8,212,FUN_004415f8,todo,
0x4416dc,228,FUN_004416dc,todo,
0x4417d8,256,FUN_004417d8,todo,
0x4418e0,8,FUN_004418e0,todo,
0x4418ec,344,FUN_004418ec,todo,
0x441a5c,384,FUN_00441a5c,todo,
0x441be0,268,FUN_00441be0,todo,
0x441cf8,392,FUN_00441cf8,todo,
0x441e84,76,FUN_00441e84,todo,
0x441ed0,228,FUN_00441ed0,todo,
0x441fcc,96,FUN_00441fcc,todo,
0x442030,96,FUN_00442030,todo,
0x442094,152,FUN_00442094,todo,
0x442144,40,FUN_00442144,todo,
0x44216c,496,FUN_0044216c,todo,
0x442490,184,FUN_00442490,todo,
0x4427a4,20,FUN_004427a4,todo,
0x4427b8,20,FUN_004427b8,todo,
0x4427cc,80,FUN_004427cc,todo,
0x44281c,56,FUN_0044281c,todo,
0x44285c,40,FUN_0044285c,todo,
0x442888,312,FUN_00442888,todo,
0x4429c0,64,FUN_004429c0,todo,
0x442a00,12,FUN_00442a00,todo,
0x442a0c,12,FUN_00442a0c,todo,
0x442a18,12,FUN_00442a18,todo,
0x442a24,12,FUN_00442a24,todo,
0x442a30,24,FUN_00442a30,todo,
0x442a48,68,FUN_00442a48,todo,
0x442bcc,436,FUN_00442bcc,todo,
0x442d84,280,FUN_00442d84,todo,
0x442f3c,128,FUN_00442f3c,todo,
0x443004,20,FUN_00443004,todo,
0x44320c,48,FUN_0044320c,todo,
0x44323c,60,FUN_0044323c,todo,
0x443278,436,FUN_00443278,todo,
0x4434e4,292,FUN_004434e4,todo,
0x443614,240,FUN_00443614,todo,
0x443798,68,FUN_00443798,todo,
0x4437e8,64,FUN_004437e8,todo,
0x443828,164,FUN_00443828,todo,
0x4438d4,40,FUN_004438d4,todo,
0x4438fc,60,FUN_004438fc,todo,
0x443938,68,FUN_00443938,todo,
0x4439e8,84,FUN_004439e8,todo,
0x443a3c,88,FUN_00443a3c,todo,
0x443a94,124,FUN_00443a94,todo,
0x443b10,40,FUN_00443b10,todo,
0x443b38,144,FUN_00443b38,todo,
0x443cf4,124,FUN_00443cf4,todo,
0x443dac,80,FUN_00443dac,todo,
0x443dfc,248,FUN_00443dfc,todo,
0x443f00,72,FUN_00443f00,todo,
0x443f48,192,FUN_00443f48,todo,
0x444008,128,FUN_00444008,todo,
0x444088,288,FUN_00444088,todo,
0x4441a8,540,FUN_004441a8,todo,
0x4443c4,296,FUN_004443c4,todo,
0x4444f4,1396,FUN_004444f4,todo,
0x444ac4,28,FUN_00444ac4,todo,
0x444c1c,32,FUN_00444c1c,todo,
0x444c3c,532,FUN_00444c3c,todo,
0x444e58,132,FUN_00444e58,todo,
0x444edc,152,FUN_00444edc,todo,
0x444f88,72,FUN_00444f88,todo,
0x444f9c,348,FUN_00444f9c,todo,
0x4450f8,572,FUN_004450f8,todo,
0x445348,188,FUN_00445348,todo,
0x445404,1140,FUN_00445404,todo,
0x4458d8,116,FUN_004458d8,todo,
0x445954,248,FUN_00445954,todo,
0x445a4c,36,FUN_00445a4c,todo,
0x445a78,164,FUN_00445a78,todo,
0x445b24,48,FUN_00445b24,todo,
0x445b54,32,FUN_00445b54,todo,
0x445d68,120,FUN_00445d68,todo,
0x445de4,20,FUN_00445de4,todo,
0x445dfc,172,FUN_00445dfc,todo,
0x445eac,76,FUN_00445eac,todo,
0x445efc,196,FUN_00445efc,todo,
0x445fc8,216,FUN_00445fc8,todo,
0x4460a8,1248,FUN_004460a8,todo,
0x4465bc,220,FUN_004465bc,todo,
0x4466a4,68,FUN_004466a4,todo,
0x4466e8,68,FUN_004466e8,todo,
0x44672c,324,FUN_0044672c,todo,
0x44687c,1504,FUN_0044687c,todo,
0x446ec4,56,FUN_00446ec4,todo,
0x446efc,1248,FUN_00446efc,todo,
0x447410,296,FUN_00447410,todo,
0x44753c,672,FUN_0044753c,todo,
0x447808,848,FUN_00447808,todo,
0x447b8c,84,FUN_00447b8c,todo,
0x447be0,252,FUN_00447be0,todo,
0x447cc8,128,FUN_00447cc8,todo,
0x447d4c,240,FUN_00447d4c,todo,
0x447e48,780,FUN_00447e48,todo,
0x44817c,36,FUN_0044817c,todo,
0x4481a0,328,FUN_004481a0,todo,
0x4482f4,56,FUN_004482f4,todo,
0x44832c,104,FUN_0044832c,todo,
0x448394,200,FUN_00448394,todo,
0x44845c,160,FUN_0044845c,todo,
0x4484fc,116,FUN_004484fc,todo,
0x448570,292,FUN_00448570,todo,
0x448694,300,FUN_00448694,todo,
0x4487c8,276,FUN_004487c8,todo,
0x4488f8,1124,FUN_004488f8,todo,
0x448d74,156,FUN_00448d74,todo,
0x449374,16,FUN_00449374,todo,
0x449384,880,FUN_00449384,todo,
0x44970c,188,FUN_0044970c,todo,
0x4497cc,52,FUN_004497cc,todo,
0x449800,164,FUN_00449800,todo,
0x4498ac,332,FUN_004498ac,todo,
0x449a00,108,FUN_00449a00,todo,
0x449bc8,56,FUN_00449bc8,todo,
0x449c08,172,FUN_00449c08,todo,
0x449d60,208,FUN_00449d60,todo,
0x449e68,84,FUN_00449e68,todo,
0x449f2c,352,FUN_00449f2c,todo,
0x44a08c,184,FUN_0044a08c,todo,
0x44a144,312,FUN_0044a144,todo,
0x44a27c,208,FUN_0044a27c,todo,
0x44a36c,188,FUN_0044a36c,todo,
0x44a430,328,FUN_0044a430,todo,
0x44a578,100,FUN_0044a578,todo,
0x44a5dc,20,FUN_0044a5dc,todo,
0x44a5f0,300,FUN_0044a5f0,todo,
0x44a71c,112,FUN_0044a71c,todo,
0x44a78c,192,FUN_0044a78c,todo,
0x44a88c,292,FUN_0044a88c,todo,
0x44a9c0,384,FUN_0044a9c0,todo,
0x44ab4c,708,FUN_0044ab4c,todo,
0x44ae44,488,FUN_0044ae44,todo,
0x44b034,336,FUN_0044b034,todo,
0x44b18c,44,FUN_0044b18c,todo,
0x44b1b8,680,FUN_0044b1b8,todo,
0x44b470,320,FUN_0044b470,todo,
0x44b5b4,588,FUN_0044b5b4,todo,
0x44b81c,324,FUN_0044b81c,todo,
0x44b970,340,FUN_0044b970,todo,
0x44bdc4,180,FUN_0044bdc4,todo,
0x44be78,172,FUN_0044be78,todo,
0x44bf3c,44,FUN_0044bf3c,todo,
0x44bf6c,48,FUN_0044bf6c,todo,
0x44bf9c,344,FUN_0044bf9c,todo,
0x44c6b4,172,FUN_0044c6b4,todo,
0x44c790,36,FUN_0044c790,todo,
0x44c7dc,16,FUN_0044c7dc,todo,
0x44c7ec,20,FUN_0044c7ec,todo,
0x44c85c,120,FUN_0044c85c,todo,
0x44c92c,52,FUN_0044c92c,todo,
0x44c968,52,FUN_0044c968,todo,
0x44c9a4,32,FUN_0044c9a4,todo,
0x44c9c4,96,FUN_0044c9c4,todo,
0x44ca2c,176,FUN_0044ca2c,todo,
0x44caec,68,FUN_0044caec,todo,
0x44cb30,80,FUN_0044cb30,todo,
0x44cd50,16,FUN_0044cd50,todo,
0x44cd60,68,FUN_0044cd60,todo,
0x44cda4,32,FUN_0044cda4,todo,
0x44cdc4,176,FUN_0044cdc4,todo,
0x44cf14,228,FUN_0044cf14,todo,
0x44d004,332,FUN_0044d004,todo,
0x44d160,188,FUN_0044d160,todo,
0x44d228,124,FUN_0044d228,todo,
0x44d2a4,72,FUN_0044d2a4,todo,
0x44d2ec,140,FUN_0044d2ec,todo,
0x44d378,356,FUN_0044d378,todo,
0x44d504,120,FUN_0044d504,todo,
0x44d54c,52,FUN_0044d54c,todo,
0x44d588,464,FUN_0044d588,todo,
0x44d760,132,FUN_0044d760,todo,
0x44d7e4,164,FUN_0044d7e4,todo,
0x44d888,52,FUN_0044d888,todo,
0x44dac4,28,FUN_0044dac4,todo,
0x44dae4,308,FUN_0044dae4,todo,
0x44dc18,152,FUN_0044dc18,todo,
0x44dcb0,72,FUN_0044dcb0,todo,
0x44dd00,16,FUN_0044dd00,todo,
0x44dd14,356,FUN_0044dd14,todo,
0x44de80,324,FUN_0044de80,todo,
0x44dfd8,156,FUN_0044dfd8,todo,
0x44e07c,616,FUN_0044e07c,todo,
0x44e2f0,40,FUN_0044e2f0,todo,
0x44e3ac,64,FUN_0044e3ac,todo,
0x44e4d8,4,thunk_FUN_00526de4,todo,
0x44e56c,64,FUN_0044e56c,todo,
0x44e5ac,60,FUN_0044e5ac,todo,
0x44e5e8,68,FUN_0044e5e8,todo,
0x44e62c,68,FUN_0044e62c,todo,
0x44e670,68,FUN_0044e670,todo,
0x44e6b4,76,FUN_0044e6b4,todo,
0x44e700,524,FUN_0044e700,todo,
0x44e90c,56,FUN_0044e90c,todo,
0x44e944,452,FUN_0044e944,todo,
0x44eb98,40,FUN_0044eb98,todo,
0x44ebc4,588,FUN_0044ebc4,todo,
0x44ee1c,104,FUN_0044ee1c,todo,
0x44ee8c,344,FUN_0044ee8c,todo,
0x44eff4,1996,FUN_0044eff4,todo,
0x44f9c0,24,FUN_0044f9c0,todo,
0x44f9d8,268,FUN_0044f9d8,todo,
0x44fb00,168,FUN_0044fb00,todo,
0x44fbb4,348,FUN_0044fbb4,todo,
0x44fd7c,116,FUN_0044fd7c,todo,
0x44fe14,48,FUN_0044fe14,todo,
0x44fe74,116,FUN_0044fe74,todo,
0x44ff08,192,FUN_0044ff08,todo,
0x44ffd8,120,FUN_0044ffd8,todo,
0x450050,424,FUN_00450050,todo,
0x450354,312,FUN_00450354,todo,
0x45049c,136,FUN_0045049c,todo,
0x450528,224,FUN_00450528,todo,
0x450608,76,FUN_00450608,todo,
0x450664,20,FUN_00450664,todo,
0x450678,8,FUN_00450678,todo,
0x450680,72,FUN_00450680,todo,
0x4506d4,44,FUN_004506d4,todo,
0x450704,64,FUN_00450704,todo,
0x450748,64,FUN_00450748,todo,
0x45078c,64,FUN_0045078c,todo,
0x4507d0,64,FUN_004507d0,todo,
0x450814,96,FUN_00450814,todo,
0x450878,96,FUN_00450878,todo,
0x4508dc,96,FUN_004508dc,todo,
0x450940,96,FUN_00450940,todo,
0x4509a4,160,FUN_004509a4,todo,
0x450a4c,92,FUN_00450a4c,todo,
0x450aac,76,FUN_00450aac,todo,
0x450afc,76,FUN_00450afc,todo,
0x450b4c,76,FUN_00450b4c,todo,
0x450b9c,76,FUN_00450b9c,todo,
0x450bec,40,FUN_00450bec,todo,
0x450c14,796,FUN_00450c14,todo,
0x450f34,388,FUN_00450f34,todo,
0x4510bc,1000,FUN_004510bc,todo,
0x4514b8,40,FUN_004514b8,todo,
0x4514e0,744,FUN_004514e0,todo,
0x4517d4,480,FUN_004517d4,todo,
0x4519b4,60,FUN_004519b4,todo,
0x4519f4,60,FUN_004519f4,todo,
0x451a34,60,FUN_00451a34,todo,
0x451a74,60,FUN_00451a74,todo,
0x451ab4,64,FUN_00451ab4,todo,
0x451af8,108,FUN_00451af8,todo,
0x451b68,108,FUN_00451b68,todo,
0x451bd8,108,FUN_00451bd8,todo,
0x451c48,108,FUN_00451c48,todo,
0x451cb8,52,FUN_00451cb8,todo,
0x451cec,92,FUN_00451cec,todo,
0x451d4c,92,FUN_00451d4c,todo,
0x451dac,64,FUN_00451dac,todo,
0x451df0,64,FUN_00451df0,todo,
0x45220c,168,FUN_0045220c,todo,
0x4522c0,48,FUN_004522c0,todo,
0x4522f0,104,FUN_004522f0,todo,
0x452358,12,FUN_00452358,todo,
0x452364,32,FUN_00452364,todo,
0x4523bc,60,FUN_004523bc,todo,
0x4523f8,512,FUN_004523f8,todo,
0x4527b4,36,FUN_004527b4,todo,
0x4527d8,344,FUN_004527d8,todo,
0x452944,88,FUN_00452944,todo,
0x453014,88,FUN_00453014,todo,
0x45306c,100,FUN_0045306c,todo,
0x453278,1212,FUN_00453278,todo,
0x45373c,80,FUN_0045373c,todo,
0x45378c,224,FUN_0045378c,todo,
0x453874,32,FUN_00453874,todo,
0x453c6c,172,FUN_00453c6c,todo,
0x453d20,68,FUN_00453d20,todo,
0x453d64,32,FUN_00453d64,todo,
0x455644,376,FUN_00455644,todo,
0x4557ec,68,FUN_004557ec,todo,
0x455848,136,FUN_00455848,todo,
0x455958,132,FUN_00455958,todo,
0x4559e0,80,FUN_004559e0,todo,
0x455a3c,36,FUN_00455a3c,todo,
0x455a60,56,FUN_00455a60,todo,
0x455ac0,84,FUN_00455ac0,todo,
0x455b14,72,FUN_00455b14,todo,
0x455b5c,668,FUN_00455b5c,todo,
0x455e6c,84,FUN_00455e6c,todo,
0x455edc,240,FUN_00455edc,todo,
0x455fd0,168,FUN_00455fd0,todo,
0x45607c,12,FUN_0045607c,todo,
0x456088,252,FUN_00456088,todo,
0x4561a0,268,FUN_004561a0,todo,
0x4562b4,116,FUN_004562b4,todo,
0x45632c,212,FUN_0045632c,todo,
0x456408,116,FUN_00456408,todo,
0x456480,116,FUN_00456480,todo,
0x45652c,428,FUN_0045652c,todo,
0x456714,480,FUN_00456714,todo,
0x4568f4,120,FUN_004568f4,todo,
0x45696c,64,FUN_0045696c,todo,
0x4569ac,588,FUN_004569ac,todo,
0x456c00,132,FUN_00456c00,todo,
0x456c84,624,FUN_00456c84,todo,
0x456ef4,104,FUN_00456ef4,todo,
0x456f5c,140,FUN_00456f5c,todo,
0x456fe8,228,FUN_00456fe8,todo,
0x4570e4,148,FUN_004570e4,todo,
0x457178,624,FUN_00457178,todo,
0x4573f0,40,FUN_004573f0,todo,
0x457418,784,FUN_00457418,todo,
0x4577e4,60,FUN_004577e4,todo,
0x457824,44,FUN_00457824,todo,
0x457854,260,FUN_00457854,todo,
0x457960,104,FUN_00457960,todo,
0x4579cc,312,FUN_004579cc,todo,
0x457b04,36,FUN_00457b04,todo,
0x457b28,40,FUN_00457b28,todo,
0x457b50,28,FUN_00457b50,todo,
0x457b6c,144,FUN_00457b6c,todo,
0x457bfc,112,FUN_00457bfc,todo,
0x457c70,660,FUN_00457c70,todo,
0x457f10,212,FUN_00457f10,todo,
0x458008,80,FUN_00458008,todo,
0x458094,24,FUN_00458094,todo,
0x4580b0,24,FUN_004580b0,todo,
0x4580ec,2768,FUN_004580ec,todo,
0x458bcc,80,FUN_00458bcc,todo,
0x458d54,136,FUN_00458d54,todo,
0x458e40,112,FUN_00458e40,todo,
0x458eb8,356,FUN_00458eb8,todo,
0x4590a4,304,FUN_004590a4,todo,
0x4591dc,104,FUN_004591dc,todo,
0x4592a0,72,FUN_004592a0,todo,
0x4593b0,412,FUN_004593b0,todo,
0x459550,312,FUN_00459550,todo,
0x459684,100,FUN_00459684,todo,
0x4596d4,744,FUN_004596d4,todo,
0x459a74,212,FUN_00459a74,todo,
0x459b54,432,FUN_00459b54,todo,
0x459e04,152,FUN_00459e04,todo,
0x45ac20,136,FUN_0045ac20,todo,
0x45acd4,140,FUN_0045acd4,todo,
0x45ad6c,652,FUN_0045ad6c,todo,
0x45b018,212,FUN_0045b018,todo,
0x45b0f8,112,FUN_0045b0f8,todo,
0x45b1c0,60,FUN_0045b1c0,todo,
0x45b204,80,FUN_0045b204,todo,
0x45b25c,80,FUN_0045b25c,todo,
0x45b2b4,160,FUN_0045b2b4,todo,
0x45b480,1136,FUN_0045b480,todo,
0x45b910,308,FUN_0045b910,todo,
0x45ba4c,6680,FUN_0045ba4c,todo,
0x45d49c,92,FUN_0045d49c,todo,
0x45d504,1068,FUN_0045d504,todo,
0x45d944,172,FUN_0045d944,todo,
0x45d9fc,104,FUN_0045d9fc,todo,
0x45da7c,112,FUN_0045da7c,todo,
0x45daf8,848,FUN_0045daf8,todo,
0x45de90,60,FUN_0045de90,todo,
0x45ded0,816,FUN_0045ded0,todo,
0x45e0e8,1360,FUN_0045e0e8,todo,
0x45ec54,336,FUN_0045ec54,todo,
0x45edac,492,FUN_0045edac,todo,
0x45efa4,24,FUN_0045efa4,todo,
0x45efc4,224,FUN_0045efc4,todo,
0x45eff0,348,FUN_0045eff0,todo,
0x45f14c,520,FUN_0045f14c,todo,
0x45f35c,584,FUN_0045f35c,todo,
0x45f5ac,560,FUN_0045f5ac,todo,
0x45f7e4,252,FUN_0045f7e4,todo,
0x45f8e0,560,FUN_0045f8e0,todo,
0x45fb10,848,FUN_0045fb10,todo,
0x45fe70,340,FUN_0045fe70,todo,
0x45ffd8,32,FUN_0045ffd8,todo,
0x460010,24,FUN_00460010,todo,
0x4600dc,1972,FUN_004600dc,todo,
0x4608bc,248,FUN_004608bc,todo,
0x4609bc,824,FUN_004609bc,todo,
0x460d10,492,FUN_00460d10,todo,
0x460f40,304,FUN_00460f40,todo,
0x46107c,92,FUN_0046107c,todo,
0x46111c,232,FUN_0046111c,todo,
0x46120c,536,FUN_0046120c,todo,
0x461434,8,FUN_00461434,todo,
0x46143c,96,FUN_0046143c,todo,
0x46149c,320,FUN_0046149c,todo,
0x4615ec,156,FUN_004615ec,todo,
0x4616b4,304,FUN_004616b4,todo,
0x461768,16,FUN_00461768,todo,
0x461778,264,FUN_00461778,todo,
0x461890,568,FUN_00461890,todo,
0x461af8,296,FUN_00461af8,todo,
0x4620f4,248,FUN_004620f4,todo,
0x462210,8,FUN_00462210,todo,
0x46223c,580,FUN_0046223c,todo,
0x462490,224,FUN_00462490,todo,
0x462570,228,FUN_00462570,todo,
0x462654,104,FUN_00462654,todo,
0x4626bc,604,FUN_004626bc,todo,
0x462918,192,FUN_00462918,todo,
0x4629e4,156,FUN_004629e4,todo,
0x462a80,444,FUN_00462a80,todo,
0x462c24,212,FUN_00462c24,todo,
0x462d00,1924,FUN_00462d00,todo,
0x4634a8,288,FUN_004634a8,todo,
0x46365c,184,FUN_0046365c,todo,
0x463728,236,FUN_00463728,todo,
0x46381c,320,FUN_0046381c,todo,
0x463964,76,FUN_00463964,todo,
0x4639d8,212,FUN_004639d8,todo,
0x463b14,32,FUN_00463b14,todo,
0x463b34,76,FUN_00463b34,todo,
0x463b88,108,FUN_00463b88,todo,
0x463c00,500,FUN_00463c00,todo,
0x463e20,360,FUN_00463e20,todo,
0x463f88,152,FUN_00463f88,todo,
0x4641b8,360,FUN_004641b8,todo,
0x46433c,1268,FUN_0046433c,todo,
0x46483c,316,FUN_0046483c,todo,
0x464980,252,FUN_00464980,todo,
0x464a84,284,FUN_00464a84,todo,
0x464ba8,124,FUN_00464ba8,todo,
0x464c6c,232,FUN_00464c6c,todo,
0x464d5c,536,FUN_00464d5c,todo,
0x464f80,76,FUN_00464f80,todo,
0x464fd4,120,FUN_00464fd4,todo,
0x465050,16,FUN_00465050,todo,
0x465084,212,FUN_00465084,todo,
0x4651c0,32,FUN_004651c0,todo,
0x4651e0,88,FUN_004651e0,todo,
0x465298,212,FUN_00465298,todo,
0x46538c,248,FUN_0046538c,todo,
0x4657b8,44,FUN_004657b8,todo,
0x46586c,48,FUN_0046586c,todo,
0x4658a0,232,FUN_004658a0,todo,
0x4659c4,48,FUN_004659c4,todo,
0x4659f4,96,FUN_004659f4,todo,
0x465a5c,340,FUN_00465a5c,todo,
0x465bd4,48,FUN_00465bd4,todo,
0x465c38,116,FUN_00465c38,todo,
0x465ccc,32,FUN_00465ccc,todo,
0x465e14,136,FUN_00465e14,todo,
0x465eac,648,FUN_00465eac,todo,
0x46616c,444,FUN_0046616c,todo,
0x466360,460,FUN_00466360,todo,
0x466558,316,FUN_00466558,todo,
0x4666b8,212,FUN_004666b8,todo,
0x4667b8,260,FUN_004667b8,todo,
0x4668e4,236,FUN_004668e4,todo,
0x4669e8,548,FUN_004669e8,todo,
0x466c4c,80,FUN_00466c4c,todo,
0x466ccc,88,FUN_00466ccc,todo,
0x466d2c,128,FUN_00466d2c,todo,
0x466dbc,1484,FUN_00466dbc,todo,
0x467398,1176,FUN_00467398,todo,
0x467444,40,FUN_00467444,todo,
0x46746c,120,FUN_0046746c,todo,
0x4674e4,80,FUN_004674e4,todo,
0x467644,356,FUN_00467644,todo,
0x4676b0,92,FUN_004676b0,todo,
0x46770c,1020,FUN_0046770c,todo,
0x467b14,96,FUN_00467b14,todo,
0x467b80,272,FUN_00467b80,todo,
0x467c90,204,FUN_00467c90,todo,
0x467d5c,268,FUN_00467d5c,todo,
0x467ebc,356,FUN_00467ebc,todo,
0x468020,304,FUN_00468020,todo,
0x468188,132,FUN_00468188,todo,
0x46823c,72,FUN_0046823c,todo,
0x4682ac,224,FUN_004682ac,todo,
0x4683a0,224,FUN_004683a0,todo,
0x4684a0,128,FUN_004684a0,todo,
0x468534,84,FUN_00468534,todo,
0x46858c,324,FUN_0046858c,todo,
0x4686dc,200,FUN_004686dc,todo,
0x4687b0,340,FUN_004687b0,todo,
0x46891c,868,FUN_0046891c,todo,
0x468c90,36,FUN_00468c90,todo,
0x468cb4,468,FUN_00468cb4,todo,
0x46912c,756,FUN_0046912c,todo,
0x469424,984,FUN_00469424,todo,
0x469800,452,FUN_00469800,todo,
0x4699cc,768,FUN_004699cc,todo,
0x469cd0,68,FUN_00469cd0,todo,
0x469d14,100,FUN_00469d14,todo,
0x469da4,20,FUN_00469da4,todo,
0x469ddc,316,FUN_00469ddc,todo,
0x469f20,104,FUN_00469f20,todo,
0x469f88,452,FUN_00469f88,todo,
0x46a164,80,FUN_0046a164,todo,
0x46a1bc,800,FUN_0046a1bc,todo,
0x46a4f0,1288,FUN_0046a4f0,todo,
0x46aa18,184,FUN_0046aa18,todo,
0x46aae4,4,FUN_0046aae4,todo,
0x46aae8,76,FUN_0046aae8,todo,
0x46ab3c,308,FUN_0046ab3c,todo,
0x46acb0,160,FUN_0046acb0,todo,
0x46ad64,72,FUN_0046ad64,todo,
0x46adb4,616,FUN_0046adb4,todo,
0x46b028,284,FUN_0046b028,todo,
0x46b14c,96,FUN_0046b14c,todo,
0x46b28c,180,FUN_0046b28c,todo,
0x46b340,112,FUN_0046b340,todo,
0x46b3b8,864,FUN_0046b3b8,todo,
0x46b728,264,FUN_0046b728,todo,
0x46ba4c,20,FUN_0046ba4c,todo,
0x46ba60,56,FUN_0046ba60,todo,
0x46bacc,4516,FUN_0046bacc,todo,
0x46ccbc,272,FUN_0046ccbc,todo,
0x46cdd0,48,FUN_0046cdd0,todo,
0x46ce04,12,FUN_0046ce04,todo,
0x46ce10,4,thunk_FUN_0046aae8,todo,
0x46ce18,332,FUN_0046ce18,todo,
0x46cf78,40,FUN_0046cf78,todo,
0x46cfa4,500,FUN_0046cfa4,todo,
0x46d1e4,84,FUN_0046d1e4,todo,
0x46d238,68,FUN_0046d238,todo,
0x46d28c,20,FUN_0046d28c,todo,
0x46d2b4,1084,FUN_0046d2b4,todo,
0x46d768,116,FUN_0046d768,todo,
0x46d7dc,572,FUN_0046d7dc,todo,
0x46da34,112,FUN_0046da34,todo,
0x46da78,48,FUN_0046da78,todo,
0x46dab0,68,FUN_0046dab0,todo,
0x46dafc,216,FUN_0046dafc,todo,
0x46dbdc,316,FUN_0046dbdc,todo,
0x46de14,104,FUN_0046de14,todo,
0x46de58,60,FUN_0046de58,todo,
0x46de9c,72,FUN_0046de9c,todo,
0x46df44,244,FUN_0046df44,todo,
0x46df8c,28,FUN_0046df8c,todo,
0x46dfa8,76,FUN_0046dfa8,todo,
0x46dff0,1088,FUN_0046dff0,todo,
0x46e460,376,FUN_0046e460,todo,
0x46e5e0,492,FUN_0046e5e0,todo,
0x46e6f8,100,FUN_0046e6f8,todo,
0x46e768,36,FUN_0046e768,todo,
0x46ea24,56,FUN_0046ea24,todo,
0x46ea5c,772,FUN_0046ea5c,todo,
0x46ed70,236,FUN_0046ed70,todo,
0x46ee98,840,FUN_0046ee98,todo,
0x46f2a4,576,FUN_0046f2a4,todo,
0x46f4f8,640,FUN_0046f4f8,todo,
0x46f798,548,FUN_0046f798,todo,
0x46f9c0,116,FUN_0046f9c0,todo,
0x46fa6c,360,FUN_0046fa6c,todo,
0x46fbdc,64,FUN_0046fbdc,todo,
0x46fc24,60,FUN_0046fc24,todo,
0x46fc68,188,FUN_0046fc68,todo,
0x46fcb0,52,FUN_0046fcb0,todo,
0x46fce8,48,FUN_0046fce8,todo,
0x46fd54,44,FUN_0046fd54,todo,
0x46fd84,64,FUN_0046fd84,todo,
0x46fdc8,40,FUN_0046fdc8,todo,
0x46fdfc,20,FUN_0046fdfc,todo,
0x46fe24,72,FUN_0046fe24,todo,
0x46fe74,60,FUN_0046fe74,todo,
0x46feb8,60,FUN_0046feb8,todo,
0x46ff34,156,FUN_0046ff34,todo,
0x46ffd0,44,FUN_0046ffd0,todo,
0x46fffc,52,FUN_0046fffc,todo,
0x470030,56,FUN_00470030,todo,
0x470068,64,FUN_00470068,todo,
0x4700ac,32,FUN_004700ac,todo,
0x4700e0,20,FUN_004700e0,todo,
0x470108,4,thunk_FUN_004d0394,todo,
0x47010c,76,FUN_0047010c,todo,
0x470150,312,FUN_00470150,todo,
0x4701a4,292,FUN_004701a4,todo,
0x4701ec,164,FUN_004701ec,todo,
0x470204,100,FUN_00470204,todo,
0x470254,152,FUN_00470254,todo,
0x47029c,152,FUN_0047029c,todo,
0x470300,100,FUN_00470300,todo,
0x470348,88,FUN_00470348,todo,
0x470390,344,FUN_00470390,todo,
0x4704f0,788,FUN_004704f0,todo,
0x470814,96,FUN_00470814,todo,
0x470878,840,FUN_00470878,todo,
0x470bc8,116,FUN_00470bc8,todo,
0x470c44,100,FUN_00470c44,todo,
0x470ca8,116,FUN_00470ca8,todo,
0x470d30,1512,FUN_00470d30,todo,
0x471338,92,FUN_00471338,todo,
0x47139c,456,FUN_0047139c,todo,
0x471568,568,FUN_00471568,todo,
0x4717a0,616,FUN_004717a0,todo,
0x471a10,100,FUN_00471a10,todo,
0x471a74,388,FUN_00471a74,todo,
0x471bf8,304,FUN_00471bf8,todo,
0x471d30,304,FUN_00471d30,todo,
0x471e6c,624,FUN_00471e6c,todo,
0x4720e4,472,FUN_004720e4,todo,
0x4722c8,436,FUN_004722c8,todo,
0x472450,80,FUN_00472450,todo,
0x472524,4,FUN_00472524,todo,
0x472528,108,FUN_00472528,todo,
0x472598,232,FUN_00472598,todo,
0x472688,168,FUN_00472688,todo,
0x472738,24,FUN_00472738,todo,
0x472750,216,FUN_00472750,todo,
0x472820,916,FUN_00472820,todo,
0x472bd8,1200,FUN_00472bd8,todo,
0x473124,512,FUN_00473124,todo,
0x473354,136,FUN_00473354,todo,
0x4738c8,296,FUN_004738c8,todo,
0x4739f8,728,FUN_004739f8,todo,
0x473cd0,164,FUN_00473cd0,todo,
0x473d74,544,FUN_00473d74,todo,
0x473fc0,3972,FUN_00473fc0,todo,
0x475130,744,FUN_00475130,todo,
0x475594,32,FUN_00475594,todo,
0x4755b4,280,FUN_004755b4,todo,
0x4756d0,480,FUN_004756d0,todo,
0x4758c0,276,FUN_004758c0,todo,
0x475b8c,460,FUN_00475b8c,todo,
0x475d68,372,FUN_00475d68,todo,
0x475edc,392,FUN_00475edc,todo,
0x47606c,320,FUN_0047606c,todo,
0x4761ac,720,FUN_004761ac,todo,
0x476484,292,FUN_00476484,todo,
0x4765b0,468,FUN_004765b0,todo,
0x4767f4,240,FUN_004767f4,todo,
0x4768e4,104,FUN_004768e4,todo,
0x476a38,92,FUN_00476a38,todo,
0x476b10,400,FUN_00476b10,todo,
0x476ca4,2372,FUN_00476ca4,todo,
0x4776d4,576,FUN_004776d4,todo,
0x477a0c,620,FUN_00477a0c,todo,
0x477c88,104,FUN_00477c88,todo,
0x477cf0,308,FUN_00477cf0,todo,
0x477e3c,72,FUN_00477e3c,todo,
0x477f38,56,FUN_00477f38,todo,
0x478000,288,FUN_00478000,todo,
0x47817c,268,FUN_0047817c,todo,
0x47828c,176,FUN_0047828c,todo,
0x47833c,668,FUN_0047833c,todo,
0x478600,164,FUN_00478600,todo,
0x4786a4,224,FUN_004786a4,todo,
0x4787f8,176,FUN_004787f8,todo,
0x4788ec,756,FUN_004788ec,todo,
0x478bf0,316,FUN_00478bf0,todo,
0x478d64,312,FUN_00478d64,todo,
0x478eb0,156,FUN_00478eb0,todo,
0x478f54,328,FUN_00478f54,todo,
0x479498,124,FUN_00479498,todo,
0x479514,1460,FUN_00479514,todo,
0x479b08,288,FUN_00479b08,todo,
0x479c48,664,FUN_00479c48,todo,
0x47a050,936,FUN_0047a050,todo,
0x47a408,396,FUN_0047a408,todo,
0x47a5a0,2208,FUN_0047a5a0,todo,
0x47ae64,236,FUN_0047ae64,todo,
0x47b14c,288,FUN_0047b14c,todo,
0x47b290,1052,FUN_0047b290,todo,
0x47b6cc,420,FUN_0047b6cc,todo,
0x47b8a0,1912,FUN_0047b8a0,todo,
0x47c144,484,FUN_0047c144,todo,
0x47c354,256,FUN_0047c354,todo,
0x47c48c,356,FUN_0047c48c,todo,
0x47c6b0,536,FUN_0047c6b0,todo,
0x47c7cc,288,FUN_0047c7cc,todo,
0x47c8ec,2000,FUN_0047c8ec,todo,
0x47d0e8,792,FUN_0047d0e8,todo,
0x47d41c,300,FUN_0047d41c,todo,
0x47d68c,672,FUN_0047d68c,todo,
0x47d944,364,FUN_0047d944,todo,
0x47dab8,1364,FUN_0047dab8,todo,
0x47e050,120,FUN_0047e050,todo,
0x47e0d4,108,FUN_0047e0d4,todo,
0x47e14c,224,FUN_0047e14c,todo,
0x47e194,48,FUN_0047e194,todo,
0x47e1cc,72,FUN_0047e1cc,todo,
0x47e21c,76,FUN_0047e21c,todo,
0x47e270,80,FUN_0047e270,todo,
0x47e2b4,116,FUN_0047e2b4,todo,
0x47e324,44,FUN_0047e324,todo,
0x47e364,244,FUN_0047e364,todo,
0x47e690,304,FUN_0047e690,todo,
0x47e7d8,312,FUN_0047e7d8,todo,
0x47e82c,292,FUN_0047e82c,todo,
0x47e874,8,FUN_0047e874,todo,
0x47e87c,64,FUN_0047e87c,todo,
0x47e8c4,132,FUN_0047e8c4,todo,
0x47e90c,140,FUN_0047e90c,todo,
0x47e960,620,FUN_0047e960,todo,
0x47ec08,224,FUN_0047ec08,todo,
0x47ecf0,60,FUN_0047ecf0,todo,
0x47ed4c,380,FUN_0047ed4c,todo,
0x47eed0,140,FUN_0047eed0,todo,
0x47ef64,176,FUN_0047ef64,todo,
0x47f014,508,FUN_0047f014,todo,
0x47f218,344,FUN_0047f218,todo,
0x47f380,36,FUN_0047f380,todo,
0x47f3a4,68,FUN_0047f3a4,todo,
0x47f3e8,1068,FUN_0047f3e8,todo,
0x47f81c,380,FUN_0047f81c,todo,
0x47f9a4,464,FUN_0047f9a4,todo,
0x47fc10,508,FUN_0047fc10,todo,
0x47fe14,76,FUN_0047fe14,todo,
0x47fe64,40,FUN_0047fe64,todo,
0x47fe8c,256,FUN_0047fe8c,todo,
0x47ff94,336,FUN_0047ff94,todo,
0x4800e8,424,FUN_004800e8,todo,
0x480294,464,FUN_00480294,todo,
0x480484,60,FUN_00480484,todo,
0x4804c8,68,FUN_004804c8,todo,
0x480514,48,FUN_00480514,todo,
0x48054c,80,FUN_0048054c,todo,
0x4805a4,76,FUN_004805a4,todo,
0x48060c,56,FUN_0048060c,todo,
0x48065c,1464,FUN_0048065c,todo,
0x481134,236,FUN_00481134,todo,
0x481248,1040,FUN_00481248,todo,
0x481660,168,FUN_00481660,todo,
0x481710,340,FUN_00481710,todo,
0x48186c,176,FUN_0048186c,todo,
0x48193c,164,FUN_0048193c,todo,
0x481a14,52,FUN_00481a14,todo,
0x481a5c,296,FUN_00481a5c,todo,
0x481b8c,884,FUN_00481b8c,todo,
0x481f08,140,FUN_00481f08,todo,
0x481f9c,72,FUN_00481f9c,todo,
0x481ff8,312,FUN_00481ff8,todo,
0x48217c,92,FUN_0048217c,todo,
0x4824fc,28,FUN_004824fc,todo,
0x48252c,120,FUN_0048252c,todo,
0x4825a4,152,FUN_004825a4,todo,
0x4825f8,312,FUN_004825f8,todo,
0x4828e0,108,FUN_004828e0,todo,
0x4829ac,32,FUN_004829ac,todo,
0x4829cc,68,FUN_004829cc,todo,
0x482a10,48,FUN_00482a10,todo,
0x482a40,284,FUN_00482a40,todo,
0x482a94,216,FUN_00482a94,todo,
0x482b88,52,FUN_00482b88,todo,
0x482bbc,60,FUN_00482bbc,todo,
0x482bf8,56,FUN_00482bf8,todo,
0x482c30,188,FUN_00482c30,todo,
0x482cec,88,FUN_00482cec,todo,
0x482d44,12,FUN_00482d44,todo,
0x482d50,200,FUN_00482d50,todo,
0x482e18,360,FUN_00482e18,todo,
0x482e6c,88,FUN_00482e6c,todo,
0x482ecc,284,FUN_00482ecc,todo,
0x482f5c,96,FUN_00482f5c,todo,
0x482fc0,128,FUN_00482fc0,todo,
0x48307c,64,FUN_0048307c,todo,
0x4830c4,320,FUN_004830c4,todo,
0x48320c,284,FUN_0048320c,todo,
0x483250,60,FUN_00483250,todo,
0x483294,72,FUN_00483294,todo,
0x4832e4,60,FUN_004832e4,todo,
0x483328,64,FUN_00483328,todo,
0x483370,60,FUN_00483370,todo,
0x4833b4,364,FUN_004833b4,todo,
0x48352c,144,FUN_0048352c,todo,
0x4835e0,84,FUN_004835e0,todo,
0x48363c,540,FUN_0048363c,todo,
0x4838b0,104,FUN_004838b0,todo,
0x48392c,288,FUN_0048392c,todo,
0x483b54,92,FUN_00483b54,todo,
0x484330,144,FUN_00484330,todo,
0x4843c8,168,FUN_004843c8,todo,
0x4847d4,128,FUN_004847d4,todo,
0x484878,72,FUN_00484878,todo,
0x4848d4,236,FUN_004848d4,todo,
0x4849d0,128,FUN_004849d0,todo,
0x484a84,348,FUN_00484a84,todo,
0x484be8,480,FUN_00484be8,todo,
0x484dd0,268,FUN_00484dd0,todo,
0x484eec,92,FUN_00484eec,todo,
0x484f68,128,FUN_00484f68,todo,
0x485004,68,FUN_00485004,todo,
0x48505c,92,FUN_0048505c,todo,
0x4850a0,36,FUN_004850a0,todo,
0x48516c,100,FUN_0048516c,todo,
0x4851d0,328,FUN_004851d0,todo,
0x48531c,112,FUN_0048531c,todo,
0x48538c,240,FUN_0048538c,todo,
0x485480,576,FUN_00485480,todo,
0x48577c,136,FUN_0048577c,todo,
0x48584c,728,FUN_0048584c,todo,
0x485b3c,44,FUN_00485b3c,todo,
0x485c5c,24,FUN_00485c5c,todo,
0x485ccc,372,FUN_00485ccc,todo,
0x485e4c,48,FUN_00485e4c,todo,
0x485e90,84,FUN_00485e90,todo,
0x485eec,276,FUN_00485eec,todo,
0x486004,152,FUN_00486004,todo,
0x486048,228,FUN_00486048,todo,
0x486090,220,FUN_00486090,todo,
0x4860e0,100,FUN_004860e0,todo,
0x48612c,108,FUN_0048612c,todo,
0x4861a0,108,FUN_004861a0,todo,
0x486210,44,FUN_00486210,todo,
0x48623c,312,FUN_0048623c,todo,
0x4863bc,176,FUN_004863bc,todo,
0x486478,16,FUN_00486478,todo,
0x486488,60,FUN_00486488,todo,
0x4864cc,44,FUN_004864cc,todo,
0x486500,24,FUN_00486500,todo,
0x48651c,68,FUN_0048651c,todo,
0x48656c,72,FUN_0048656c,todo,
0x4865bc,60,FUN_004865bc,todo,
0x486600,260,FUN_00486600,todo,
0x486648,136,FUN_00486648,todo,
0x486690,28,FUN_00486690,todo,
0x4866ac,180,FUN_004866ac,todo,
0x486760,24,FUN_00486760,todo,
0x486778,72,FUN_00486778,todo,
0x4867c0,72,FUN_004867c0,todo,
0x486808,24,FUN_00486808,todo,
0x486820,36,FUN_00486820,todo,
0x486858,388,FUN_00486858,todo,
0x4869dc,144,FUN_004869dc,todo,
0x486a74,348,FUN_00486a74,todo,
0x486bd8,4476,FUN_00486bd8,todo,
0x487ec4,800,FUN_00487ec4,todo,
0x4881f8,136,FUN_004881f8,todo,
0x489d2c,140,FUN_00489d2c,todo,
0x489e54,52,FUN_00489e54,todo,
0x489ec0,380,FUN_00489ec0,todo,
0x48a044,104,FUN_0048a044,todo,
0x48a1c8,1204,FUN_0048a1c8,todo,
0x48a688,24,FUN_0048a688,todo,
0x48a71c,484,FUN_0048a71c,todo,
0x48a918,516,FUN_0048a918,todo,
0x48ab20,404,FUN_0048ab20,todo,
0x48ad04,540,FUN_0048ad04,todo,
0x48af30,292,FUN_0048af30,todo,
0x48b0b0,144,FUN_0048b0b0,todo,
0x48b148,1188,FUN_0048b148,todo,
0x48b610,324,FUN_0048b610,todo,
0x48b75c,140,FUN_0048b75c,todo,
0x48b7f0,96,FUN_0048b7f0,todo,
0x48b858,96,FUN_0048b858,todo,
0x48b8c0,248,FUN_0048b8c0,todo,
0x48b9b8,92,FUN_0048b9b8,todo,
0x48ba28,68,FUN_0048ba28,todo,
0x48bac8,120,FUN_0048bac8,todo,
0x48bb48,136,FUN_0048bb48,todo,
0x48bbd8,64,FUN_0048bbd8,todo,
0x48bc20,176,FUN_0048bc20,todo,
0x48bcd8,64,FUN_0048bcd8,todo,
0x48bd2c,400,FUN_0048bd2c,todo,
0x48bf30,196,FUN_0048bf30,todo,
0x48bffc,400,FUN_0048bffc,todo,
0x48c194,172,FUN_0048c194,todo,
0x48c248,652,FUN_0048c248,todo,
0x48c55c,116,FUN_0048c55c,todo,
0x48c5e8,1412,FUN_0048c5e8,todo,
0x48cc30,556,FUN_0048cc30,todo,
0x48ce84,284,FUN_0048ce84,todo,
0x48d0b8,128,FUN_0048d0b8,todo,
0x48d180,144,FUN_0048d180,todo,
0x48d210,72,FUN_0048d210,todo,
0x48d350,384,FUN_0048d350,todo,
0x48d4e0,1356,FUN_0048d4e0,todo,
0x48da64,560,FUN_0048da64,todo,
0x48dcf4,52,FUN_0048dcf4,todo,
0x48dd3c,300,FUN_0048dd3c,todo,
0x48de68,92,FUN_0048de68,todo,
0x48e014,1580,FUN_0048e014,todo,
0x48e710,612,FUN_0048e710,todo,
0x48e980,444,FUN_0048e980,todo,
0x48eb44,120,FUN_0048eb44,todo,
0x48ebc0,1012,FUN_0048ebc0,todo,
0x48efc0,172,FUN_0048efc0,todo,
0x48f07c,92,FUN_0048f07c,todo,
0x48f1d0,236,FUN_0048f1d0,todo,
0x48f2bc,1600,FUN_0048f2bc,todo,
0x48f9b8,132,FUN_0048f9b8,todo,
0x48fa50,1536,FUN_0048fa50,todo,
0x490100,308,FUN_00490100,todo,
0x49023c,144,FUN_0049023c,todo,
0x4902d8,320,FUN_004902d8,todo,
0x490418,252,FUN_00490418,todo,
0x490528,72,FUN_00490528,todo,
0x490584,28,FUN_00490584,todo,
0x4905b4,1452,FUN_004905b4,todo,
0x490b74,128,FUN_00490b74,todo,
0x490c14,1932,FUN_00490c14,todo,
0x491460,628,FUN_00491460,todo,
0x4916e8,476,FUN_004916e8,todo,
0x491880,76,FUN_00491880,todo,
0x491900,576,FUN_00491900,todo,
0x492228,232,FUN_00492228,todo,
0x492328,128,FUN_00492328,todo,
0x492458,148,FUN_00492458,todo,
0x4924ec,116,FUN_004924ec,todo,
0x492580,112,FUN_00492580,todo,
0x4925fc,120,FUN_004925fc,todo,
0x492674,168,FUN_00492674,todo,
0x492720,124,FUN_00492720,todo,
0x49279c,72,FUN_0049279c,todo,
0x4927e4,1132,FUN_004927e4,todo,
0x492c64,68,FUN_00492c64,todo,
0x492cac,72,FUN_00492cac,todo,
0x492cf8,100,FUN_00492cf8,todo,
0x492d60,116,FUN_00492d60,todo,
0x492dec,2532,FUN_00492dec,todo,
0x493878,148,FUN_00493878,todo,
0x4939c4,548,FUN_004939c4,todo,
0x493bf0,28,FUN_00493bf0,todo,
0x493c1c,944,FUN_00493c1c,todo,
0x493fec,912,FUN_00493fec,todo,
0x494440,404,FUN_00494440,todo,
0x494538,128,FUN_00494538,todo,
0x4945b8,456,FUN_004945b8,todo,
0x494798,340,FUN_00494798,todo,
0x494958,432,FUN_00494958,todo,
0x494b10,324,FUN_00494b10,todo,
0x494c64,100,FUN_00494c64,todo,
0x494cc8,92,FUN_00494cc8,todo,
0x494d24,1080,FUN_00494d24,todo,
0x495164,60,FUN_00495164,todo,
0x4951a0,188,FUN_004951a0,todo,
0x495260,68,FUN_00495260,todo,
0x4952c0,132,FUN_004952c0,todo,
0x495344,76,FUN_00495344,todo,
0x495390,344,FUN_00495390,todo,
0x4954f4,28,FUN_004954f4,todo,
0x495524,84,FUN_00495524,todo,
0x4955a0,152,FUN_004955a0,todo,
0x495640,104,FUN_00495640,todo,
0x4956ac,84,FUN_004956ac,todo,
0x495708,500,FUN_00495708,todo,
0x495a28,72,FUN_00495a28,todo,
0x495ac8,140,FUN_00495ac8,todo,
0x495bd4,476,FUN_00495bd4,todo,
0x495db0,92,FUN_00495db0,todo,
0x495e0c,260,FUN_00495e0c,todo,
0x495f18,24,FUN_00495f18,todo,
0x495f30,832,FUN_00495f30,todo,
0x4962b0,360,FUN_004962b0,todo,
0x496424,120,FUN_00496424,todo,
0x4964a0,248,FUN_004964a0,todo,
0x4965a4,2568,FUN_004965a4,todo,
0x49711c,88,FUN_0049711c,todo,
0x49726c,196,FUN_0049726c,todo,
0x497394,60,FUN_00497394,todo,
0x4973dc,1084,FUN_004973dc,todo,
0x4978ac,400,FUN_004978ac,todo,
0x497aa4,1384,FUN_00497aa4,todo,
0x498090,156,FUN_00498090,todo,
0x498134,236,FUN_00498134,todo,
0x4981a8,520,FUN_004981a8,todo,
0x4983c4,96,FUN_004983c4,todo,
0x4984d8,64,FUN_004984d8,todo,
0x49852c,120,FUN_0049852c,todo,
0x4985a8,404,FUN_004985a8,todo,
0x49873c,124,FUN_0049873c,todo,
0x4987c0,140,FUN_004987c0,todo,
0x49884c,568,FUN_0049884c,todo,
0x498a9c,472,FUN_00498a9c,todo,
0x498ca8,324,FUN_00498ca8,todo,
0x498df4,60,FUN_00498df4,todo,
0x498ff0,108,FUN_00498ff0,todo,
0x49905c,444,FUN_0049905c,todo,
0x499338,276,FUN_00499338,todo,
0x499470,92,FUN_00499470,todo,
0x4994d8,1016,FUN_004994d8,todo,
0x499f34,40,FUN_00499f34,todo,
0x499fb0,124,FUN_00499fb0,todo,
0x49a0d0,564,FUN_0049a0d0,todo,
0x49a31c,172,FUN_0049a31c,todo,
0x49a9bc,92,FUN_0049a9bc,todo,
0x49aa34,808,FUN_0049aa34,todo,
0x49ad74,72,FUN_0049ad74,todo,
0x49ae2c,576,FUN_0049ae2c,todo,
0x49b084,72,FUN_0049b084,todo,
0x49b0e4,96,FUN_0049b0e4,todo,
0x49b5f0,212,FUN_0049b5f0,todo,
0x49b6cc,908,FUN_0049b6cc,todo,
0x49ba7c,240,FUN_0049ba7c,todo,
0x49bb7c,316,FUN_0049bb7c,todo,
0x49bcec,280,FUN_0049bcec,todo,
0x49c600,200,FUN_0049c600,todo,
0x49c70c,188,FUN_0049c70c,todo,
0x49c7cc,156,FUN_0049c7cc,todo,
0x49c870,600,FUN_0049c870,todo,
0x49cae8,128,FUN_0049cae8,todo,
0x49cbf8,88,FUN_0049cbf8,todo,
0x49cc6c,88,FUN_0049cc6c,todo,
0x49ccc4,76,FUN_0049ccc4,todo,
0x49cf44,60,FUN_0049cf44,todo,
0x49cf80,64,FUN_0049cf80,todo,
0x49cfc0,212,FUN_0049cfc0,todo,
0x49d098,100,FUN_0049d098,todo,
0x49d0fc,80,FUN_0049d0fc,todo,
0x49d14c,96,FUN_0049d14c,todo,
0x49d1ac,140,FUN_0049d1ac,todo,
0x49d238,96,FUN_0049d238,todo,
0x49d298,24,FUN_0049d298,todo,
0x49d2b0,216,FUN_0049d2b0,todo,
0x49d394,32,FUN_0049d394,todo,
0x49d3f0,36,FUN_0049d3f0,todo,
0x49d418,88,FUN_0049d418,todo,
0x49d480,56,FUN_0049d480,todo,
0x49d4cc,4,thunk_FUN_004d0394,todo,
0x49d4d0,4,thunk_FUN_004d0394,todo,
0x49d558,196,FUN_0049d558,todo,
0x49d620,192,FUN_0049d620,todo,
0x49d780,40,FUN_0049d780,todo,
0x49d7ac,32,FUN_0049d7ac,todo,
0x49d7d0,368,FUN_0049d7d0,todo,
0x49d958,24,FUN_0049d958,todo,
0x49d970,32,FUN_0049d970,todo,
0x49d990,24,FUN_0049d990,todo,
0x49d9a8,212,FUN_0049d9a8,todo,
0x49dbdc,340,FUN_0049dbdc,todo,
0x49dd40,20,FUN_0049dd40,todo,
0x49dd54,52,FUN_0049dd54,todo,
0x49dd90,452,FUN_0049dd90,todo,
0x49df64,48,FUN_0049df64,todo,
0x49dfa0,96,FUN_0049dfa0,todo,
0x49e010,744,FUN_0049e010,todo,
0x49e618,244,FUN_0049e618,todo,
0x49e724,152,FUN_0049e724,todo,
0x49e7bc,128,FUN_0049e7bc,todo,
0x49e83c,948,FUN_0049e83c,todo,
0x49ebf0,280,FUN_0049ebf0,todo,
0x49ed0c,80,FUN_0049ed0c,todo,
0x49ed5c,52,FUN_0049ed5c,todo,
0x49ee8c,24,FUN_0049ee8c,todo,
0x49eefc,360,FUN_0049eefc,todo,
0x49f070,56,FUN_0049f070,todo,
0x49f0dc,40,FUN_0049f0dc,todo,
0x49f104,128,FUN_0049f104,todo,
0x49f188,28,FUN_0049f188,todo,
0x49f1a4,4,FUN_0049f1a4,todo,
0x49f1a8,72,FUN_0049f1a8,todo,
0x49f1f4,88,FUN_0049f1f4,todo,
0x49f250,32,FUN_0049f250,todo,
0x49f284,4,thunk_FUN_004d0394,todo,
0x49f288,4,thunk_FUN_004d0394,todo,
0x49f28c,48,FUN_0049f28c,todo,
0x49f2c0,44,FUN_0049f2c0,todo,
0x49f2f4,2040,FUN_0049f2f4,todo,
0x49fb98,592,FUN_0049fb98,todo,
0x49fe18,660,FUN_0049fe18,todo,
0x4a16dc,360,FUN_004a16dc,todo,
0x4a1854,128,FUN_004a1854,todo,
0x4a1984,128,FUN_004a1984,todo,
0x4a1bb4,136,FUN_004a1bb4,todo,
0x4a1c2c,104,FUN_004a1c2c,todo,
0x4a1ca0,388,FUN_004a1ca0,todo,
0x4a1e38,304,FUN_004a1e38,todo,
0x4a1f7c,128,FUN_004a1f7c,todo,
0x4a2008,304,FUN_004a2008,todo,
0x4a214c,228,FUN_004a214c,todo,
0x4a2230,184,FUN_004a2230,todo,
0x4a230c,1488,FUN_004a230c,todo,
0x4a2924,1936,FUN_004a2924,todo,
0x4a3178,964,FUN_004a3178,todo,
0x4a3584,284,FUN_004a3584,todo,
0x4a36a8,552,FUN_004a36a8,todo,
0x4a38e0,888,FUN_004a38e0,todo,
0x4a3cd0,388,FUN_004a3cd0,todo,
0x4a3e7c,92,FUN_004a3e7c,todo,
0x4a3ef0,1980,FUN_004a3ef0,todo,
0x4a4724,40,FUN_004a4724,todo,
0x4a4760,496,FUN_004a4760,todo,
0x4a495c,408,FUN_004a495c,todo,
0x4a4b00,144,FUN_004a4b00,todo,
0x4a4b98,108,FUN_004a4b98,todo,
0x4a4c30,476,FUN_004a4c30,todo,
0x4a4e20,284,FUN_004a4e20,todo,
0x4a4f50,220,FUN_004a4f50,todo,
0x4a5054,116,FUN_004a5054,todo,
0x4a5098,72,FUN_004a5098,todo,
0x4a50e8,164,FUN_004a50e8,todo,
0x4a518c,120,FUN_004a518c,todo,
0x4a53ac,68,FUN_004a53ac,todo,
0x4a53f0,132,FUN_004a53f0,todo,
0x4a54c4,16,FUN_004a54c4,todo,
0x4a54e0,12,FUN_004a54e0,todo,
0x4a54fc,1244,FUN_004a54fc,todo,
0x4a5a34,60,FUN_004a5a34,todo,
0x4a5a9c,48,FUN_004a5a9c,todo,
0x4a5ae0,48,FUN_004a5ae0,todo,
0x4a5b40,16,FUN_004a5b40,todo,
0x4a614c,180,FUN_004a614c,todo,
0x4a6204,228,FUN_004a6204,todo,
0x4a7314,72,FUN_004a7314,todo,
0x4a742c,380,FUN_004a742c,todo,
0x4a7914,48,FUN_004a7914,todo,
0x4a7958,200,FUN_004a7958,todo,
0x4a7a98,324,FUN_004a7a98,todo,
0x4a7be4,64,FUN_004a7be4,todo,
0x4a7ea0,128,FUN_004a7ea0,todo,
0x4a7f80,112,FUN_004a7f80,todo,
0x4a803c,2120,FUN_004a803c,todo,
0x4a89b8,332,FUN_004a89b8,todo,
0x4a8b0c,224,FUN_004a8b0c,todo,
0x4a8bec,108,FUN_004a8bec,todo,
0x4a8c58,108,FUN_004a8c58,todo,
0x4a8ccc,36,FUN_004a8ccc,todo,
0x4a8cf0,328,FUN_004a8cf0,todo,
0x4a8e40,308,FUN_004a8e40,todo,
0x4a8f74,64,FUN_004a8f74,todo,
0x4a9024,2664,FUN_004a9024,todo,
0x4a9ba8,568,FUN_004a9ba8,todo,
0x4a9de8,356,FUN_004a9de8,todo,
0x4a9f50,616,FUN_004a9f50,todo,
0x4aa1b8,48,FUN_004aa1b8,todo,
0x4aa1ec,52,FUN_004aa1ec,todo,
0x4aa224,136,FUN_004aa224,todo,
0x4aa2ac,332,FUN_004aa2ac,todo,
0x4aa400,156,FUN_004aa400,todo,
0x4aa49c,380,FUN_004aa49c,todo,
0x4aa620,72,FUN_004aa620,todo,
0x4aa670,40,FUN_004aa670,todo,
0x4aa698,40,FUN_004aa698,todo,
0x4aa6c0,52,FUN_004aa6c0,todo,
0x4aa6f4,296,FUN_004aa6f4,todo,
0x4aa824,48,FUN_004aa824,todo,
0x4aa854,708,FUN_004aa854,todo,
0x4aab20,296,FUN_004aab20,todo,
0x4aac50,168,FUN_004aac50,todo,
0x4aad00,164,FUN_004aad00,todo,
0x4aadc0,264,FUN_004aadc0,todo,
0x4aaed4,136,FUN_004aaed4,todo,
0x4aaf60,60,FUN_004aaf60,todo,
0x4aaf9c,476,FUN_004aaf9c,todo,
0x4ab18c,276,FUN_004ab18c,todo,
0x4ab2b8,140,FUN_004ab2b8,todo,
0x4ab3f0,392,FUN_004ab3f0,todo,
0x4ab580,76,FUN_004ab580,todo,
0x4ab5e0,72,FUN_004ab5e0,todo,
0x4ab628,132,FUN_004ab628,todo,
0x4ab66c,144,FUN_004ab66c,todo,
0x4ab6c0,68,FUN_004ab6c0,todo,
0x4ab82c,156,FUN_004ab82c,todo,
0x4ab994,120,FUN_004ab994,todo,
0x4aba18,304,FUN_004aba18,todo,
0x4ac078,104,FUN_004ac078,todo,
0x4ac0e8,584,FUN_004ac0e8,todo,
0x4acb8c,236,FUN_004acb8c,todo,
0x4acc80,68,FUN_004acc80,todo,
0x4acf28,260,FUN_004acf28,todo,
0x4ad1d0,56,FUN_004ad1d0,todo,
0x4ad230,384,FUN_004ad230,todo,
0x4ad3b0,40,FUN_004ad3b0,todo,
0x4ad410,260,FUN_004ad410,todo,
0x4ad518,108,FUN_004ad518,todo,
0x4ad584,208,FUN_004ad584,todo,
0x4ad654,220,FUN_004ad654,todo,
0x4ad730,68,FUN_004ad730,todo,
0x4ad774,16,FUN_004ad774,todo,
0x4ad7bc,484,FUN_004ad7bc,todo,
0x4ad9bc,32,FUN_004ad9bc,todo,
0x4ad9dc,32,FUN_004ad9dc,todo,
0x4ad9fc,64,FUN_004ad9fc,todo,
0x4ada3c,16,FUN_004ada3c,todo,
0x4ada4c,324,FUN_004ada4c,todo,
0x4adbfc,28,FUN_004adbfc,todo,
0x4adc18,48,FUN_004adc18,todo,
0x4adc48,84,FUN_004adc48,todo,
0x4adca4,500,FUN_004adca4,todo,
0x4adecc,248,FUN_004adecc,todo,
0x4adfd4,576,FUN_004adfd4,todo,
0x4ae224,480,FUN_004ae224,todo,
0x4ae43c,224,FUN_004ae43c,todo,
0x4ae528,700,FUN_004ae528,todo,
0x4ae834,256,FUN_004ae834,todo,
0x4ae944,116,FUN_004ae944,todo,
0x4ae9b8,236,FUN_004ae9b8,todo,
0x4aeb14,112,FUN_004aeb14,todo,
0x4aeb88,836,FUN_004aeb88,todo,
0x4aef10,168,FUN_004aef10,todo,
0x4aefb8,132,FUN_004aefb8,todo,
0x4af070,144,FUN_004af070,todo,
0x4af130,1052,FUN_004af130,todo,
0x4af5fc,304,FUN_004af5fc,todo,
0x4af72c,356,FUN_004af72c,todo,
0x4afaa4,68,FUN_004afaa4,todo,
0x4afafc,80,FUN_004afafc,todo,
0x4afb4c,88,FUN_004afb4c,todo,
0x4afba4,20,FUN_004afba4,todo,
0x4afbd0,88,FUN_004afbd0,todo,
0x4afc28,1804,FUN_004afc28,todo,
0x4b0438,3796,FUN_004b0438,todo,
0x4b134c,140,FUN_004b134c,todo,
0x4b13f0,36,FUN_004b13f0,todo,
0x4b1414,16,FUN_004b1414,todo,
0x4b1424,192,FUN_004b1424,todo,
0x4b14ec,56,FUN_004b14ec,todo,
0x4b1528,116,FUN_004b1528,todo,
0x4b15e4,28,FUN_004b15e4,todo,
0x4b1600,56,FUN_004b1600,todo,
0x4b164c,228,FUN_004b164c,todo,
0x4b1738,84,FUN_004b1738,todo,
0x4b17a0,284,FUN_004b17a0,todo,
0x4b1f00,332,FUN_004b1f00,todo,
0x4b2068,68,FUN_004b2068,todo,
0x4b21a0,36,FUN_004b21a0,todo,
0x4b21f0,380,FUN_004b21f0,todo,
0x4b236c,236,FUN_004b236c,todo,
0x4b2460,360,FUN_004b2460,todo,
0x4b25d0,128,FUN_004b25d0,todo,
0x4b2658,776,FUN_004b2658,todo,
0x4b2988,432,FUN_004b2988,todo,
0x4b2b40,836,FUN_004b2b40,todo,
0x4b2e8c,1672,FUN_004b2e8c,todo,
0x4b35dc,416,FUN_004b35dc,todo,
0x4b484c,104,FUN_004b484c,todo,
0x4b48bc,148,FUN_004b48bc,todo,
0x4b4960,332,FUN_004b4960,todo,
0x4b4af8,96,FUN_004b4af8,todo,
0x4b4b60,152,FUN_004b4b60,todo,
0x4b4c2c,400,FUN_004b4c2c,todo,
0x4b4e94,400,FUN_004b4e94,todo,
0x4b5034,264,FUN_004b5034,todo,
0x4b5144,716,FUN_004b5144,todo,
0x4b5418,656,FUN_004b5418,todo,
0x4b60ac,168,FUN_004b60ac,todo,
0x4b615c,1268,FUN_004b615c,todo,
0x4b6658,96,FUN_004b6658,todo,
0x4b6854,484,FUN_004b6854,todo,
0x4b6a84,28,FUN_004b6a84,todo,
0x4b6ab4,152,FUN_004b6ab4,todo,
0x4b6b54,624,FUN_004b6b54,todo,
0x4b6df4,220,FUN_004b6df4,todo,
0x4b6ed8,44,FUN_004b6ed8,todo,
0x4b7460,80,FUN_004b7460,todo,
0x4b75d8,300,FUN_004b75d8,todo,
0x4b770c,224,FUN_004b770c,todo,
0x4b77f4,60,FUN_004b77f4,todo,
0x4b7834,40,FUN_004b7834,todo,
0x4b785c,64,FUN_004b785c,todo,
0x4b789c,96,FUN_004b789c,todo,
0x4b78fc,396,FUN_004b78fc,todo,
0x4b7a88,296,FUN_004b7a88,todo,
0x4b7bb8,532,FUN_004b7bb8,todo,
0x4b7e04,316,FUN_004b7e04,todo,
0x4b7f54,176,FUN_004b7f54,todo,
0x4b7fe8,556,FUN_004b7fe8,todo,
0x4b8224,516,FUN_004b8224,todo,
0x4b8434,252,FUN_004b8434,todo,
0x4b8664,20,FUN_004b8664,todo,
0x4b8754,224,FUN_004b8754,todo,
0x4b883c,60,FUN_004b883c,todo,
0x4b887c,188,FUN_004b887c,todo,
0x4b893c,24,FUN_004b893c,todo,
0x4b8958,96,FUN_004b8958,todo,
0x4b89cc,136,FUN_004b89cc,todo,
0x4b8e70,36,FUN_004b8e70,todo,
0x4b8ea8,724,FUN_004b8ea8,todo,
0x4b920c,312,FUN_004b920c,todo,
0x4b96fc,44,FUN_004b96fc,todo,
0x4b9754,276,FUN_004b9754,todo,
0x4b98bc,684,FUN_004b98bc,todo,
0x4b9bb4,80,FUN_004b9bb4,todo,
0x4b9c38,588,FUN_004b9c38,todo,
0x4b9ee4,520,FUN_004b9ee4,todo,
0x4ba0fc,176,FUN_004ba0fc,todo,
0x4bab30,128,FUN_004bab30,todo,
0x4babd0,48,FUN_004babd0,todo,
0x4bac14,188,FUN_004bac14,todo,
0x4bacf4,168,FUN_004bacf4,todo,
0x4badac,48,FUN_004badac,todo,
0x4bade8,564,FUN_004bade8,todo,
0x4bb024,264,FUN_004bb024,todo,
0x4bb134,212,FUN_004bb134,todo,
0x4bb37c,1508,FUN_004bb37c,todo,
0x4bb898,2392,FUN_004bb898,todo,
0x4bc20c,48,FUN_004bc20c,todo,
0x4bc268,624,FUN_004bc268,todo,
0x4bc500,16,FUN_004bc500,todo,
0x4bc888,616,FUN_004bc888,todo,
0x4bcaf8,364,FUN_004bcaf8,todo,
0x4bcc8c,212,FUN_004bcc8c,todo,
0x4bcd68,92,FUN_004bcd68,todo,
0x4bcddc,572,FUN_004bcddc,todo,
0x4bcec8,140,FUN_004bcec8,todo,
0x4bcf68,1812,FUN_004bcf68,todo,
0x4bd6fc,104,FUN_004bd6fc,todo,
0x4bd76c,240,FUN_004bd76c,todo,
0x4bd864,960,FUN_004bd864,todo,
0x4bdc44,608,FUN_004bdc44,todo,
0x4bdeac,188,FUN_004bdeac,todo,
0x4bdf70,184,FUN_004bdf70,todo,
0x4be028,188,FUN_004be028,todo,
0x4be0ec,752,FUN_004be0ec,todo,
0x4be3ec,536,FUN_004be3ec,todo,
0x4be610,736,FUN_004be610,todo,
0x4be910,44,FUN_004be910,todo,
0x4be93c,40,FUN_004be93c,todo,
0x4be964,176,FUN_004be964,todo,
0x4be988,20,FUN_004be988,todo,
0x4be99c,360,FUN_004be99c,todo,
0x4beb0c,76,FUN_004beb0c,todo,
0x4beb58,16,FUN_004beb58,todo,
0x4beb68,68,FUN_004beb68,todo,
0x4bebac,40,FUN_004bebac,todo,
0x4bec10,80,FUN_004bec10,todo,
0x4becb8,124,FUN_004becb8,todo,
0x4befd8,20,FUN_004befd8,todo,
0x4beff0,40,FUN_004beff0,todo,
0x4bf020,44,FUN_004bf020,todo,
0x4bf054,44,FUN_004bf054,todo,
0x4bf088,88,FUN_004bf088,todo,
0x4bf114,1744,FUN_004bf114,todo,
0x4bf930,500,FUN_004bf930,todo,
0x4bfbb8,104,FUN_004bfbb8,todo,
0x4bfc28,132,FUN_004bfc28,todo,
0x4bfcc8,44,FUN_004bfcc8,todo,
0x4bfd08,372,FUN_004bfd08,todo,
0x4bfed4,144,FUN_004bfed4,todo,
0x4bff6c,104,FUN_004bff6c,todo,
0x4c02f8,88,FUN_004c02f8,todo,
0x4c03b8,36,FUN_004c03b8,todo,
0x4c03f0,68,FUN_004c03f0,todo,
0x4c0434,212,FUN_004c0434,todo,
0x4c0508,252,FUN_004c0508,todo,
0x4c0604,240,FUN_004c0604,todo,
0x4c0708,320,FUN_004c0708,todo,
0x4c0848,224,FUN_004c0848,todo,
0x4c0928,92,FUN_004c0928,todo,
0x4c0984,204,FUN_004c0984,todo,
0x4c09d4,60,FUN_004c09d4,todo,
0x4c0a18,608,FUN_004c0a18,todo,
0x4c0c84,52,FUN_004c0c84,todo,
0x4c0e2c,224,FUN_004c0e2c,todo,
0x4c0f34,496,FUN_004c0f34,todo,
0x4c12f8,44,FUN_004c12f8,todo,
0x4c1338,548,FUN_004c1338,todo,
0x4c1594,336,FUN_004c1594,todo,
0x4c20a8,160,FUN_004c20a8,todo,
0x4c2150,356,FUN_004c2150,todo,
0x4c22c4,92,FUN_004c22c4,todo,
0x4c23a4,68,FUN_004c23a4,todo,
0x4c2404,76,FUN_004c2404,todo,
0x4c245c,468,FUN_004c245c,todo,
0x4c2640,68,FUN_004c2640,todo,
0x4c3914,44,FUN_004c3914,todo,
0x4c3940,408,FUN_004c3940,todo,
0x4c3aec,164,FUN_004c3aec,todo,
0x4c3bb4,48,FUN_004c3bb4,todo,
0x4c3c14,16,FUN_004c3c14,todo,
0x4c3c2c,16,FUN_004c3c2c,todo,
0x4c3c3c,88,FUN_004c3c3c,todo,
0x4c3c9c,1732,FUN_004c3c9c,todo,
0x4c4410,584,FUN_004c4410,todo,
0x4c466c,108,FUN_004c466c,todo,
0x4c46d8,196,FUN_004c46d8,todo,
0x4c47cc,292,FUN_004c47cc,todo,
0x4c4904,128,FUN_004c4904,todo,
0x4c49a8,204,FUN_004c49a8,todo,
0x4c4a80,76,FUN_004c4a80,todo,
0x4c4ae0,260,FUN_004c4ae0,todo,
0x4c4be8,100,FUN_004c4be8,todo,
0x4c4c58,1104,FUN_004c4c58,todo,
0x4c50c8,304,FUN_004c50c8,todo,
0x4c5204,96,FUN_004c5204,todo,
0x4c526c,232,FUN_004c526c,todo,
0x4c5354,68,FUN_004c5354,todo,
0x4c53a0,292,FUN_004c53a0,todo,
0x4c54dc,3832,FUN_004c54dc,todo,
0x4c63f0,120,FUN_004c63f0,todo,
0x4c6470,148,FUN_004c6470,todo,
0x4c6504,20,FUN_004c6504,todo,
0x4c651c,96,FUN_004c651c,todo,
0x4c6590,132,FUN_004c6590,todo,
0x4c6930,36,FUN_004c6930,todo,
0x4c6968,1204,FUN_004c6968,todo,
0x4c6ecc,324,FUN_004c6ecc,todo,
0x4c7010,456,FUN_004c7010,todo,
0x4c71e0,452,FUN_004c71e0,todo,
0x4c73ac,112,FUN_004c73ac,todo,
0x4c74a4,568,FUN_004c74a4,todo,
0x4c7718,1152,FUN_004c7718,todo,
0x4c7c24,68,FUN_004c7c24,todo,
0x4c7c7c,1160,FUN_004c7c7c,todo,
0x4c81c0,348,FUN_004c81c0,todo,
0x4c8ed0,76,FUN_004c8ed0,todo,
0x4c8f48,496,FUN_004c8f48,todo,
0x4c919c,76,FUN_004c919c,todo,
0x4c9224,28,FUN_004c9224,todo,
0x4c9254,276,FUN_004c9254,todo,
0x4c93ac,668,FUN_004c93ac,todo,
0x4c9694,28,FUN_004c9694,todo,
0x4c96c4,1584,FUN_004c96c4,todo,
0x4c9ddc,276,FUN_004c9ddc,todo,
0x4c9f40,76,FUN_004c9f40,todo,
0x4c9fb8,292,FUN_004c9fb8,todo,
0x4cad9c,88,FUN_004cad9c,todo,
0x4caf00,68,FUN_004caf00,todo,
0x4cb35c,92,FUN_004cb35c,todo,
0x4cb3cc,916,FUN_004cb3cc,todo,
0x4cb770,272,FUN_004cb770,todo,
0x4cb904,128,FUN_004cb904,todo,
0x4cb9a0,164,FUN_004cb9a0,todo,
0x4cba50,64,FUN_004cba50,todo,
0x4cba98,80,FUN_004cba98,todo,
0x4cbae0,396,FUN_004cbae0,todo,
0x4cbc9c,144,FUN_004cbc9c,todo,
0x4cc0d0,36,FUN_004cc0d0,todo,
0x4cc120,64,FUN_004cc120,todo,
0x4cc168,276,FUN_004cc168,todo,
0x4cc2c0,668,FUN_004cc2c0,todo,
0x4cc5a8,28,FUN_004cc5a8,todo,
0x4cc5d8,88,FUN_004cc5d8,todo,
0x4cc644,92,FUN_004cc644,todo,
0x4cc6a8,468,FUN_004cc6a8,todo,
0x4cc898,68,FUN_004cc898,todo,
0x4cc918,36,FUN_004cc918,todo,
0x4ccf14,196,FUN_004ccf14,todo,
0x4ccfe8,48,FUN_004ccfe8,todo,
0x4cd02c,200,FUN_004cd02c,todo,
0x4cd204,48,FUN_004cd204,todo,
0x4cd248,48,FUN_004cd248,todo,
0x4cd2dc,176,FUN_004cd2dc,todo,
0x4cd45c,12,FUN_004cd45c,todo,
0x4cd474,36,FUN_004cd474,todo,
0x4cd498,44,FUN_004cd498,todo,
0x4cd5ac,80,FUN_004cd5ac,todo,
0x4cd604,212,FUN_004cd604,todo,
0x4cd6ec,160,FUN_004cd6ec,todo,
0x4cd78c,60,FUN_004cd78c,todo,
0x4cd7c8,156,FUN_004cd7c8,todo,
0x4cd864,132,FUN_004cd864,todo,
0x4cd8ec,132,FUN_004cd8ec,todo,
0x4cd970,32,FUN_004cd970,todo,
0x4cd9ac,68,FUN_004cd9ac,todo,
0x4cd9f0,4,FUN_004cd9f0,todo,
0x4cd9f4,76,FUN_004cd9f4,todo,
0x4cda40,36,FUN_004cda40,todo,
0x4cda68,64,FUN_004cda68,todo,
0x4cdaac,52,FUN_004cdaac,todo,
0x4cdb9c,280,FUN_004cdb9c,todo,
0x4cddc4,960,FUN_004cddc4,todo,
0x4ce210,48,FUN_004ce210,todo,
0x4ce248,48,FUN_004ce248,todo,
0x4ce280,48,FUN_004ce280,todo,
0x4ce2b8,52,FUN_004ce2b8,todo,
0x4ce2ec,124,FUN_004ce2ec,todo,
0x4ce370,16,FUN_004ce370,todo,
0x4ce380,84,FUN_004ce380,todo,
0x4ce5e0,120,FUN_004ce5e0,todo,
0x4ce660,344,FUN_004ce660,todo,
0x4ce7b8,64,FUN_004ce7b8,todo,
0x4ce7f8,60,FUN_004ce7f8,todo,
0x4ce83c,56,FUN_004ce83c,todo,
0x4ce87c,148,FUN_004ce87c,todo,
0x4ce8c8,68,FUN_004ce8c8,todo,
0x4ce914,68,FUN_004ce914,todo,
0x4ce960,1240,FUN_004ce960,todo,
0x4cee58,248,FUN_004cee58,todo,
0x4ceff4,256,FUN_004ceff4,todo,
0x4cf0fc,112,FUN_004cf0fc,todo,
0x4cf16c,112,FUN_004cf16c,todo,
0x4cf1e4,88,FUN_004cf1e4,todo,
0x4cf23c,120,FUN_004cf23c,todo,
0x4cf2bc,68,FUN_004cf2bc,todo,
0x4cf300,84,FUN_004cf300,todo,
0x4cf354,76,FUN_004cf354,todo,
0x4cf3a0,76,FUN_004cf3a0,todo,
0x4cf3ec,76,FUN_004cf3ec,todo,
0x4cf438,76,FUN_004cf438,todo,
0x4cf484,1096,FUN_004cf484,todo,
0x4cf8ec,128,FUN_004cf8ec,todo,
0x4cf9e4,324,FUN_004cf9e4,todo,
0x4cfb30,120,FUN_004cfb30,todo,
0x4cfba8,120,FUN_004cfba8,todo,
0x4cfc20,120,FUN_004cfc20,todo,
0x4cfc98,120,FUN_004cfc98,todo,
0x4cfd10,128,FUN_004cfd10,todo,
0x4cfd58,132,FUN_004cfd58,todo,
0x4cfd9c,52,FUN_004cfd9c,todo,
0x4cfdd8,104,FUN_004cfdd8,todo,
0x4cfe40,64,FUN_004cfe40,todo,
0x4cfe80,60,FUN_004cfe80,todo,
0x4cfebc,108,FUN_004cfebc,todo,
0x4cff28,120,FUN_004cff28,todo,
0x4cffac,12,FUN_004cffac,todo,
0x4cffc4,20,FUN_004cffc4,todo,
0x4cffd8,32,FUN_004cffd8,todo,
0x4d0004,20,FUN_004d0004,todo,
0x4d0030,56,FUN_004d0030,todo,
0x4d006c,12,FUN_004d006c,todo,
0x4d0078,52,FUN_004d0078,todo,
0x4d00ac,124,FUN_004d00ac,todo,
0x4d0214,28,FUN_004d0214,todo,
0x4d0230,16,FUN_004d0230,todo,
0x4d0248,24,FUN_004d0248,todo,
0x4d0260,56,FUN_004d0260,todo,
0x4d0298,20,FUN_004d0298,todo,
0x4d02ac,68,FUN_004d02ac,todo,
0x4d02f0,12,FUN_004d02f0,todo,
0x4d0310,36,FUN_004d0310,todo,
0x4d0334,72,FUN_004d0334,todo,
0x4d0390,4,thunk_FUN_0041f0c8,todo,
0x4d0394,4,FUN_004d0394,todo,
0x4d0398,88,FUN_004d0398,todo,
0x4d03e0,112,FUN_004d03e0,todo,
0x4d0458,52,FUN_004d0458,todo,
0x4d0494,80,FUN_004d0494,todo,
0x4d0500,76,FUN_004d0500,todo,
0x4d0554,204,FUN_004d0554,todo,
0x4d0628,76,FUN_004d0628,todo,
0x4d067c,72,FUN_004d067c,todo,
0x4d06cc,108,FUN_004d06cc,todo,
0x4d0740,92,FUN_004d0740,todo,
0x4d07a4,76,FUN_004d07a4,todo,
0x4d07fc,28,FUN_004d07fc,todo,
0x4d0818,76,FUN_004d0818,todo,
0x4d0874,168,FUN_004d0874,todo,
0x4d091c,152,FUN_004d091c,todo,
0x4d09b4,72,FUN_004d09b4,todo,
0x4d0a04,72,FUN_004d0a04,todo,
0x4d0a54,48,FUN_004d0a54,todo,
0x4d0a90,336,FUN_004d0a90,todo,
0x4d0bec,92,FUN_004d0bec,todo,
0x4d0c50,84,FUN_004d0c50,todo,
0x4d0cac,100,FUN_004d0cac,todo,
0x4d0d18,96,FUN_004d0d18,todo,
0x4d0d80,912,FUN_004d0d80,todo,
0x4d112c,60,FUN_004d112c,todo,
0x4d1170,28,FUN_004d1170,todo,
0x4d118c,52,FUN_004d118c,todo,
0x4d11c8,52,FUN_004d11c8,todo,
0x4d1204,156,FUN_004d1204,todo,
0x4d1274,80,FUN_004d1274,todo,
0x4d137c,76,FUN_004d137c,todo,
0x4d13d0,1116,FUN_004d13d0,todo,
0x4d183c,112,FUN_004d183c,todo,
0x4d18ac,72,FUN_004d18ac,todo,
0x4d18fc,76,FUN_004d18fc,todo,
0x4d1948,52,FUN_004d1948,todo,
0x4d1984,48,FUN_004d1984,todo,
0x4d19bc,48,FUN_004d19bc,todo,
0x4d19fc,332,FUN_004d19fc,todo,
0x4d1c20,48,FUN_004d1c20,todo,
0x4d1c58,52,FUN_004d1c58,todo,
0x4d1c98,244,FUN_004d1c98,todo,
0x4d1cec,152,FUN_004d1cec,todo,
0x4d1d8c,52,FUN_004d1d8c,todo,
0x4d1dc0,52,FUN_004d1dc0,todo,
0x4d1e00,72,FUN_004d1e00,todo,
0x4d1e3c,48,FUN_004d1e3c,todo,
0x4d1e74,92,FUN_004d1e74,todo,
0x4d1ed8,92,FUN_004d1ed8,todo,
0x4d1f3c,92,FUN_004d1f3c,todo,
0x4d1fa4,132,FUN_004d1fa4,todo,
0x4d201c,376,FUN_004d201c,todo,
0x4d219c,228,FUN_004d219c,todo,
0x4d22a0,156,FUN_004d22a0,todo,
0x4d233c,60,FUN_004d233c,todo,
0x4d2570,288,FUN_004d2570,todo,
0x4d2698,92,FUN_004d2698,todo,
0x4d26fc,92,FUN_004d26fc,todo,
0x4d2764,48,FUN_004d2764,todo,
0x4d2794,148,FUN_004d2794,todo,
0x4d2830,48,FUN_004d2830,todo,
0x4d2868,48,FUN_004d2868,todo,
0x4d28a0,212,FUN_004d28a0,todo,
0x4d2988,244,FUN_004d2988,todo,
0x4d2a80,84,FUN_004d2a80,todo,
0x4d2ad4,288,FUN_004d2ad4,todo,
0x4d2cc4,636,FUN_004d2cc4,todo,
0x4d2fd4,2024,FUN_004d2fd4,todo,
0x4d37f0,660,FUN_004d37f0,todo,
0x4d3ae8,84,FUN_004d3ae8,todo,
0x4d3bc0,44,FUN_004d3bc0,todo,
0x4d3bfc,240,FUN_004d3bfc,todo,
0x4d3cf4,96,FUN_004d3cf4,todo,
0x4d3d38,88,FUN_004d3d38,todo,
0x4d3d7c,40,FUN_004d3d7c,todo,
0x4d3db0,124,FUN_004d3db0,todo,
0x4d3e3c,796,FUN_004d3e3c,todo,
0x4d41cc,164,FUN_004d41cc,todo,
0x4d4270,524,FUN_004d4270,todo,
0x4d44b8,796,FUN_004d44b8,todo,
0x4d4820,960,FUN_004d4820,todo,
0x4d4be8,380,FUN_004d4be8,todo,
0x4d555c,700,FUN_004d555c,todo,
0x4d5828,236,FUN_004d5828,todo,
0x4d5914,2360,FUN_004d5914,todo,
0x4d62e0,524,FUN_004d62e0,todo,
0x4d6530,560,FUN_004d6530,todo,
0x4d67a8,180,FUN_004d67a8,todo,
0x4d6864,120,FUN_004d6864,todo,
0x4d68dc,200,FUN_004d68dc,todo,
0x4d69ac,448,FUN_004d69ac,todo,
0x4d6ba8,164,FUN_004d6ba8,todo,
0x4d6c4c,6276,FUN_004d6c4c,todo,
0x4d6d9c,332,FUN_004d6d9c,todo,
0x4d7c6c,584,FUN_004d7c6c,todo,
0x4d7f0c,324,FUN_004d7f0c,todo,
0x4d8054,364,FUN_004d8054,todo,
0x4d8204,100,FUN_004d8204,todo,
0x4d8268,2036,FUN_004d8268,todo,
0x4d8a78,96,FUN_004d8a78,todo,
0x4d8ad8,864,FUN_004d8ad8,todo,
0x4d9238,176,FUN_004d9238,todo,
0x4d92e8,524,FUN_004d92e8,todo,
0x4d9530,92,FUN_004d9530,todo,
0x4d958c,1712,FUN_004d958c,todo,
0x4d9c6c,316,FUN_004d9c6c,todo,
0x4d9dc4,48,FUN_004d9dc4,todo,
0x4d9dfc,168,FUN_004d9dfc,todo,
0x4d9e44,92,FUN_004d9e44,todo,
0x4d9ea8,60,FUN_004d9ea8,todo,
0x4d9eec,60,FUN_004d9eec,todo,
0x4d9f28,108,FUN_004d9f28,todo,
0x4da010,368,FUN_004da010,todo,
0x4da184,68,FUN_004da184,todo,
0x4da1c8,356,FUN_004da1c8,todo,
0x4da410,68,FUN_004da410,todo,
0x4da45c,12,FUN_004da45c,todo,
0x4da46c,52,FUN_004da46c,todo,
0x4da4ac,16,FUN_004da4ac,todo,
0x4da4cc,16,FUN_004da4cc,todo,
0x4da6c4,92,FUN_004da6c4,todo,
0x4daae8,64,FUN_004daae8,todo,
0x4dabb8,200,FUN_004dabb8,todo,
0x4dac90,120,FUN_004dac90,todo,
0x4dad18,48,FUN_004dad18,todo,
0x4dad50,44,FUN_004dad50,todo,
0x4dad84,60,FUN_004dad84,todo,
0x4dadc0,408,FUN_004dadc0,todo,
0x4daf5c,768,FUN_004daf5c,todo,
0x4db260,60,FUN_004db260,todo,
0x4db29c,188,FUN_004db29c,todo,
0x4db360,372,FUN_004db360,todo,
0x4db650,308,FUN_004db650,todo,
0x4db784,1752,FUN_004db784,todo,
0x4dbf28,156,FUN_004dbf28,todo,
0x4dbfd4,328,FUN_004dbfd4,todo,
0x4dc2f4,372,FUN_004dc2f4,todo,
0x4dc4f8,44,FUN_004dc4f8,todo,
0x4dc524,28,FUN_004dc524,todo,
0x4dc6d4,264,FUN_004dc6d4,todo,
0x4dc974,72,FUN_004dc974,todo,
0x4dca1c,76,FUN_004dca1c,todo,
0x4dca60,1220,FUN_004dca60,todo,
0x4dcfc0,132,FUN_004dcfc0,todo,
0x4dd058,8,FUN_004dd058,todo,
0x4dd060,188,FUN_004dd060,todo,
0x4dd124,356,FUN_004dd124,todo,
0x4dd290,456,FUN_004dd290,todo,
0x4dd480,28,FUN_004dd480,todo,
0x4dd49c,140,FUN_004dd49c,todo,
0x4dd620,80,FUN_004dd620,todo,
0x4dd74c,164,FUN_004dd74c,todo,
0x4dd7f4,116,FUN_004dd7f4,todo,
0x4dd8dc,312,FUN_004dd8dc,todo,
0x4dda14,36,FUN_004dda14,todo,
0x4dda94,160,FUN_004dda94,todo,
0x4ddb38,236,FUN_004ddb38,todo,
0x4ddd00,168,FUN_004ddd00,todo,
0x4dddbc,1104,FUN_004dddbc,todo,
0x4de224,640,FUN_004de224,todo,
0x4de65c,128,FUN_004de65c,todo,
0x4df258,64,FUN_004df258,todo,
0x4df298,16,FUN_004df298,todo,
0x4df4d8,12,FUN_004df4d8,todo,
0x4df4ec,24,FUN_004df4ec,todo,
0x4dff54,36,FUN_004dff54,todo,
0x4e0008,136,FUN_004e0008,todo,
0x4e009c,152,FUN_004e009c,todo,
0x4e1ac0,292,FUN_004e1ac0,todo,
0x4e1bf4,296,FUN_004e1bf4,todo,
0x4e29d4,224,FUN_004e29d4,todo,
0x4e2be8,288,FUN_004e2be8,todo,
0x4e3054,260,FUN_004e3054,todo,
0x4e37dc,16,FUN_004e37dc,todo,
0x4e3904,248,FUN_004e3904,todo,
0x4e4734,40,FUN_004e4734,todo,
0x4e49e8,304,FUN_004e49e8,todo,
0x4e50bc,76,FUN_004e50bc,todo,
0x4e5a54,60,FUN_004e5a54,todo,
0x4e6008,24,FUN_004e6008,todo,
0x4e6038,64,FUN_004e6038,todo,
0x4e60c4,320,FUN_004e60c4,todo,
0x4e66f4,32,FUN_004e66f4,todo,
0x4e67ac,24,FUN_004e67ac,todo,
0x4e67c4,72,FUN_004e67c4,todo,
0x4e6db8,252,FUN_004e6db8,todo,
0x4e6eb8,248,FUN_004e6eb8,todo,
0x4e7ddc,124,FUN_004e7ddc,todo,
0x4e8dd0,40,FUN_004e8dd0,todo,
0x4e8e14,36,FUN_004e8e14,todo,
0x4e8e78,280,FUN_004e8e78,todo,
0x4e8fb0,136,FUN_004e8fb0,todo,
0x4e9040,120,FUN_004e9040,todo,
0x4e90bc,84,FUN_004e90bc,todo,
0x4e9114,152,FUN_004e9114,todo,
0x4e91b0,96,FUN_004e91b0,todo,
0x4e9210,592,FUN_004e9210,todo,
0x4e9478,272,FUN_004e9478,todo,
0x4e9594,300,FUN_004e9594,todo,
0x4e96c0,536,FUN_004e96c0,todo,
0x4e9904,160,FUN_004e9904,todo,
0x4e99ac,356,FUN_004e99ac,todo,
0x4e9b10,348,FUN_004e9b10,todo,
0x4e9c80,68,FUN_004e9c80,todo,
0x4e9ccc,76,FUN_004e9ccc,todo,
0x4e9d20,164,FUN_004e9d20,todo,
0x4e9de0,1160,FUN_004e9de0,todo,
0x4ea280,164,FUN_004ea280,todo,
0x4ea328,148,FUN_004ea328,todo,
0x4ea3c4,616,FUN_004ea3c4,todo,
0x4ea660,416,FUN_004ea660,todo,
0x4ea828,480,FUN_004ea828,todo,
0x4eaa30,340,FUN_004eaa30,todo,
0x4eab8c,180,FUN_004eab8c,todo,
0x4eac40,364,FUN_004eac40,todo,
0x4eadc8,116,FUN_004eadc8,todo,
0x4eae44,112,FUN_004eae44,todo,
0x4eaebc,132,FUN_004eaebc,todo,
0x4eafcc,108,FUN_004eafcc,todo,
0x4eb03c,72,FUN_004eb03c,todo,
0x4eb084,184,FUN_004eb084,todo,
0x4eb13c,56,FUN_004eb13c,todo,
0x4eb174,52,FUN_004eb174,todo,
0x4eb1a8,52,FUN_004eb1a8,todo,
0x4eb1e0,80,FUN_004eb1e0,todo,
0x4eb230,52,FUN_004eb230,todo,
0x4eb268,12,FUN_004eb268,todo,
0x4eb274,392,FUN_004eb274,todo,
0x4eb420,76,FUN_004eb420,todo,
0x4eb47c,84,FUN_004eb47c,todo,
0x4eb4e4,76,FUN_004eb4e4,todo,
0x4eb540,76,FUN_004eb540,todo,
0x4eb59c,92,FUN_004eb59c,todo,
0x4eb60c,92,FUN_004eb60c,todo,
0x4eb67c,44,FUN_004eb67c,todo,
0x4eb6b0,92,FUN_004eb6b0,todo,
0x4eb70c,328,FUN_004eb70c,todo,
0x4eb86c,28,FUN_004eb86c,todo,
0x4eb888,36,FUN_004eb888,todo,
0x4eb8ac,20,FUN_004eb8ac,todo,
0x4eb8c0,36,FUN_004eb8c0,todo,
0x4eb8e4,32,FUN_004eb8e4,todo,
0x4eb904,296,FUN_004eb904,todo,
0x4eba2c,36,FUN_004eba2c,todo,
0x4eba50,28,FUN_004eba50,todo,
0x4eba6c,40,FUN_004eba6c,todo,
0x4eba94,32,FUN_004eba94,todo,
0x4ebab4,36,FUN_004ebab4,todo,
0x4ebad8,40,FUN_004ebad8,todo,
0x4ebb00,32,FUN_004ebb00,todo,
0x4ebb20,40,FUN_004ebb20,todo,
0x4ebb48,28,FUN_004ebb48,todo,
0x4ebb64,32,FUN_004ebb64,todo,
0x4ebb84,28,FUN_004ebb84,todo,
0x4ebba0,36,FUN_004ebba0,todo,
0x4ebbc4,80,FUN_004ebbc4,todo,
0x4ebc14,76,FUN_004ebc14,todo,
0x4ebc68,40,FUN_004ebc68,todo,
0x4ebc90,20,FUN_004ebc90,todo,
0x4ebca4,88,FUN_004ebca4,todo,
0x4ebd10,76,FUN_004ebd10,todo,
0x4ebd5c,12,FUN_004ebd5c,todo,
0x4ebd68,76,FUN_004ebd68,todo,
0x4ebdb4,32,FUN_004ebdb4,todo,
0x4ebdd4,12,FUN_004ebdd4,todo,
0x4ebde0,288,FUN_004ebde0,todo,
0x4ebf08,24,FUN_004ebf08,todo,
0x4ebf20,16,FUN_004ebf20,todo,
0x4ebf58,196,FUN_004ebf58,todo,
0x4ec01c,292,FUN_004ec01c,todo,
0x4ec144,592,FUN_004ec144,todo,
0x4ec3c8,8,FUN_004ec3c8,todo,
0x4ec3d8,156,FUN_004ec3d8,todo,
0x4ec47c,216,FUN_004ec47c,todo,
0x4ec554,132,FUN_004ec554,todo,
0x4ec5d8,32,FUN_004ec5d8,todo,
0x4ec5f8,116,FUN_004ec5f8,todo,
0x4ec670,68,FUN_004ec670,todo,
0x4ec6d0,92,FUN_004ec6d0,todo,
0x4ec730,12,FUN_004ec730,todo,
0x4ec73c,32,FUN_004ec73c,todo,
0x4ec760,12,FUN_004ec760,todo,
0x4ec76c,96,FUN_004ec76c,todo,
0x4ec7cc,136,FUN_004ec7cc,todo,
0x4ec87c,136,FUN_004ec87c,todo,
0x4ec904,16,FUN_004ec904,todo,
0x4ec914,124,FUN_004ec914,todo,
0x4eca2c,372,FUN_004eca2c,todo,
0x4ecba4,20,FUN_004ecba4,todo,
0x4ecbb8,16,FUN_004ecbb8,todo,
0x4ecbd0,8,FUN_004ecbd0,todo,
0x4ecbd8,32,FUN_004ecbd8,todo,
0x4ecc3c,224,FUN_004ecc3c,todo,
0x4ecd40,76,FUN_004ecd40,todo,
0x4ecd94,120,FUN_004ecd94,todo,
0x4ece0c,24,FUN_004ece0c,todo,
0x4ece60,316,FUN_004ece60,todo,
0x4ecfd8,172,FUN_004ecfd8,todo,
0x4ed084,156,FUN_004ed084,todo,
0x4ed120,28,FUN_004ed120,todo,
0x4ed13c,16,FUN_004ed13c,todo,
0x4ed14c,28,FUN_004ed14c,todo,
0x4ed168,28,FUN_004ed168,todo,
0x4ed184,48,FUN_004ed184,todo,
0x4ed1b4,28,FUN_004ed1b4,todo,
0x4ed1d0,48,FUN_004ed1d0,todo,
0x4ed254,32,FUN_004ed254,todo,
0x4ed27c,8,FUN_004ed27c,todo,
0x4ed284,108,FUN_004ed284,todo,
0x4ed2f8,100,FUN_004ed2f8,todo,
0x4ed364,44,FUN_004ed364,todo,
0x4ed394,108,FUN_004ed394,todo,
0x4ed408,536,FUN_004ed408,todo,
0x4ed6b4,88,FUN_004ed6b4,todo,
0x4ed70c,56,FUN_004ed70c,todo,
0x4ed74c,12,FUN_004ed74c,todo,
0x4ed760,12,FUN_004ed760,todo,
0x4ed76c,28,FUN_004ed76c,todo,
0x4ed788,1008,FUN_004ed788,todo,
0x4edb78,44,FUN_004edb78,todo,
0x4edba4,84,FUN_004edba4,todo,
0x4edc68,116,FUN_004edc68,todo,
0x4eddf0,272,FUN_004eddf0,todo,
0x4edf4c,192,FUN_004edf4c,todo,
0x4ee020,8,FUN_004ee020,todo,
0x4ee028,20,FUN_004ee028,todo,
0x4ee0a0,224,FUN_004ee0a0,todo,
0x4ee180,124,FUN_004ee180,todo,
0x4ee1fc,308,FUN_004ee1fc,todo,
0x4ee338,104,FUN_004ee338,todo,
0x4ee3a0,148,FUN_004ee3a0,todo,
0x4ee434,1380,FUN_004ee434,todo,
0x4ee9a0,328,FUN_004ee9a0,todo,
0x4eeb90,372,FUN_004eeb90,todo,
0x4eed08,104,FUN_004eed08,todo,
0x4eeda0,116,FUN_004eeda0,todo,
0x4eee58,244,FUN_004eee58,todo,
0x4eef7c,144,FUN_004eef7c,todo,
0x4ef02c,1020,FUN_004ef02c,todo,
0x4ef448,16,FUN_004ef448,todo,
0x4ef53c,240,FUN_004ef53c,todo,
0x4ef634,60,FUN_004ef634,todo,
0x4ef670,136,FUN_004ef670,todo,
0x4ef6f8,128,FUN_004ef6f8,todo,
0x4ef778,32,FUN_004ef778,todo,
0x4ef888,40,FUN_004ef888,todo,
0x4ef8d0,84,FUN_004ef8d0,todo,
0x4ef928,128,FUN_004ef928,todo,
0x4ef9c4,40,FUN_004ef9c4,todo,
0x4ef9ec,24,FUN_004ef9ec,todo,
0x4efa04,180,FUN_004efa04,todo,
0x4efaf4,12,FUN_004efaf4,todo,
0x4efb08,264,FUN_004efb08,todo,
0x4efc18,172,FUN_004efc18,todo,
0x4efcc4,76,FUN_004efcc4,todo,
0x4efd18,56,FUN_004efd18,todo,
0x4efd50,24,FUN_004efd50,todo,
0x4efd68,24,FUN_004efd68,todo,
0x4efd80,40,FUN_004efd80,todo,
0x4efda8,280,FUN_004efda8,todo,
0x4efec0,180,FUN_004efec0,todo,
0x4eff7c,80,FUN_004eff7c,todo,
0x4effcc,268,FUN_004effcc,todo,
0x4f00dc,20,FUN_004f00dc,todo,
0x4f00f0,192,FUN_004f00f0,todo,
0x4f01b8,84,FUN_004f01b8,todo,
0x4f01d0,48,FUN_004f01d0,todo,
0x4f0204,324,FUN_004f0204,todo,
0x4f0358,420,FUN_004f0358,todo,
0x4f0500,356,FUN_004f0500,todo,
0x4f0708,112,FUN_004f0708,todo,
0x4f077c,56,FUN_004f077c,todo,
0x4f07bc,48,FUN_004f07bc,todo,
0x4f07f4,164,FUN_004f07f4,todo,
0x4f08a0,100,FUN_004f08a0,todo,
0x4f0908,48,FUN_004f0908,todo,
0x4f0938,124,FUN_004f0938,todo,
0x4f09bc,60,FUN_004f09bc,todo,
0x4f09f8,136,FUN_004f09f8,todo,
0x4f0a88,12,FUN_004f0a88,todo,
0x4f0a94,16,FUN_004f0a94,todo,
0x4f0aa4,68,FUN_004f0aa4,todo,
0x4f0aec,68,FUN_004f0aec,todo,
0x4f0b34,68,FUN_004f0b34,todo,
0x4f0b7c,32,FUN_004f0b7c,todo,
0x4f0b9c,24,FUN_004f0b9c,todo,
0x4f0bb4,68,FUN_004f0bb4,todo,
0x4f0bfc,68,FUN_004f0bfc,todo,
0x4f0c44,16,FUN_004f0c44,todo,
0x4f0c5c,24,FUN_004f0c5c,todo,
0x4f0c74,16,FUN_004f0c74,todo,
0x4f0c8c,20,FUN_004f0c8c,todo,
0x4f0ca0,28,FUN_004f0ca0,todo,
0x4f0cbc,28,FUN_004f0cbc,todo,
0x4f0cd8,100,FUN_004f0cd8,todo,
0x4f0d50,72,FUN_004f0d50,todo,
0x4f0d9c,260,FUN_004f0d9c,todo,
0x4f0ea4,72,FUN_004f0ea4,todo,
0x4f0ef0,40,FUN_004f0ef0,todo,
0x4f0f1c,464,FUN_004f0f1c,todo,
0x4f10f8,412,FUN_004f10f8,todo,
0x4f12d8,16,FUN_004f12d8,todo,
0x4f12e8,16,FUN_004f12e8,todo,
0x4f12f8,60,FUN_004f12f8,todo,
0x4f135c,176,FUN_004f135c,todo,
0x4f141c,48,FUN_004f141c,todo,
0x4f1450,52,FUN_004f1450,todo,
0x4f1484,176,FUN_004f1484,todo,
0x4f14fc,156,FUN_004f14fc,todo,
0x4f156c,124,FUN_004f156c,todo,
0x4f15b4,168,FUN_004f15b4,todo,
0x4f1664,56,FUN_004f1664,todo,
0x4f16b0,248,FUN_004f16b0,todo,
0x4f17b8,168,FUN_004f17b8,todo,
0x4f1860,40,FUN_004f1860,todo,
0x4f1888,112,FUN_004f1888,todo,
0x4f191c,284,FUN_004f191c,todo,
0x4f1a38,3320,FUN_004f1a38,todo,
0x4f278c,52,FUN_004f278c,todo,
0x4f27c0,96,FUN_004f27c0,todo,
0x4f2850,392,FUN_004f2850,todo,
0x4f29fc,48,FUN_004f29fc,todo,
0x4f2a2c,312,FUN_004f2a2c,todo,
0x4f2b9c,16,FUN_004f2b9c,todo,
0x4f2bac,1884,FUN_004f2bac,todo,
0x4f3324,1332,FUN_004f3324,todo,
0x4f3868,268,FUN_004f3868,todo,
0x4f3974,396,FUN_004f3974,todo,
0x4f3b1c,244,FUN_004f3b1c,todo,
0x4f3c10,900,FUN_004f3c10,todo,
0x4f402c,232,FUN_004f402c,todo,
0x4f4128,388,FUN_004f4128,todo,
0x4f42ac,348,FUN_004f42ac,todo,
0x4f4408,168,FUN_004f4408,todo,
0x4f44b4,248,FUN_004f44b4,todo,
0x4f45dc,408,FUN_004f45dc,todo,
0x4f4774,892,FUN_004f4774,todo,
0x4f4af0,760,FUN_004f4af0,todo,
0x4f4e80,168,FUN_004f4e80,todo,
0x4f4f28,140,FUN_004f4f28,todo,
0x4f4fb4,220,FUN_004f4fb4,todo,
0x4f5090,180,FUN_004f5090,todo,
0x4f5144,152,FUN_004f5144,todo,
0x4f51fc,396,FUN_004f51fc,todo,
0x4f5398,68,FUN_004f5398,todo,
0x4f5460,408,FUN_004f5460,todo,
0x4f55f8,1452,FUN_004f55f8,todo,
0x4f5bb0,708,FUN_004f5bb0,todo,
0x4f5ec0,80,FUN_004f5ec0,todo,
0x4f5f38,3188,FUN_004f5f38,todo,
0x4f6bec,80,FUN_004f6bec,todo,
0x4f6c3c,32,FUN_004f6c3c,todo,
0x4f6c5c,80,FUN_004f6c5c,todo,
0x4f6cbc,80,FUN_004f6cbc,todo,
0x4f6d0c,32,FUN_004f6d0c,todo,
0x4f6d38,108,FUN_004f6d38,todo,
0x4f6da4,100,FUN_004f6da4,todo,
0x4f6e08,40,FUN_004f6e08,todo,
0x4f6e54,28,FUN_004f6e54,todo,
0x4f6e70,28,FUN_004f6e70,todo,
0x4f6e8c,44,FUN_004f6e8c,todo,
0x4f6f40,32,FUN_004f6f40,todo,
0x4f6fa8,12,FUN_004f6fa8,todo,
0x4f6fb4,8,FUN_004f6fb4,todo,
0x4f6fbc,60,FUN_004f6fbc,todo,
0x4f6ff8,164,FUN_004f6ff8,todo,
0x4f70b8,8,FUN_004f70b8,todo,
0x4f70dc,96,FUN_004f70dc,todo,
0x4f7154,120,FUN_004f7154,todo,
0x4f71dc,1112,FUN_004f71dc,todo,
0x4f7694,324,FUN_004f7694,todo,
0x4f780c,3268,FUN_004f780c,todo,
0x4f84e4,160,FUN_004f84e4,todo,
0x4f8584,120,FUN_004f8584,todo,
0x4f85d0,480,FUN_004f85d0,todo,
0x4f87d4,180,FUN_004f87d4,todo,
0x4f88a4,192,FUN_004f88a4,todo,
0x4f8988,148,FUN_004f8988,todo,
0x4f8a28,20,FUN_004f8a28,todo,
0x4f8a3c,76,FUN_004f8a3c,todo,
0x4f8a88,64,FUN_004f8a88,todo,
0x4f8ac8,40,FUN_004f8ac8,todo,
0x4f8af0,52,FUN_004f8af0,todo,
0x4f8b94,12,FUN_004f8b94,todo,
0x4f8ba0,16,FUN_004f8ba0,todo,
0x4f8bb0,116,FUN_004f8bb0,todo,
0x4f8c30,100,FUN_004f8c30,todo,
0x4f8c94,32,FUN_004f8c94,todo,
0x4f8cb4,12,FUN_004f8cb4,todo,
0x4f8d04,84,FUN_004f8d04,todo,
0x4f8d58,32,FUN_004f8d58,todo,
0x4f8d78,228,FUN_004f8d78,todo,
0x4f8e5c,20,FUN_004f8e5c,todo,
0x4f8e7c,48,FUN_004f8e7c,todo,
0x4f8ed8,28,FUN_004f8ed8,todo,
0x4f8f28,20,FUN_004f8f28,todo,
0x4f8f3c,108,FUN_004f8f3c,todo,
0x4f8fa8,12,FUN_004f8fa8,todo,
0x4f8fb4,52,FUN_004f8fb4,todo,
0x4f8fe8,56,FUN_004f8fe8,todo,
0x4f9024,12,FUN_004f9024,todo,
0x4f9030,236,FUN_004f9030,todo,
0x4f911c,52,FUN_004f911c,todo,
0x4f9154,40,FUN_004f9154,todo,
0x4f917c,36,FUN_004f917c,todo,
0x4f91a0,108,FUN_004f91a0,todo,
0x4f9210,56,FUN_004f9210,todo,
0x4f924c,40,FUN_004f924c,todo,
0x4f9274,44,FUN_004f9274,todo,
0x4f92a0,40,FUN_004f92a0,todo,
0x4f92c8,112,FUN_004f92c8,todo,
0x4f933c,40,FUN_004f933c,todo,
0x4f9364,380,FUN_004f9364,todo,
0x4f94e0,240,FUN_004f94e0,todo,
0x4f9678,16,FUN_004f9678,todo,
0x4f9688,64,FUN_004f9688,todo,
0x4f96c8,84,FUN_004f96c8,todo,
0x4f971c,56,FUN_004f971c,todo,
0x4f9754,60,FUN_004f9754,todo,
0x4f9794,56,FUN_004f9794,todo,
0x4f97cc,60,FUN_004f97cc,todo,
0x4f980c,24,FUN_004f980c,todo,
0x4f9824,28,FUN_004f9824,todo,
0x4f9840,24,FUN_004f9840,todo,
0x4f9858,28,FUN_004f9858,todo,
0x4f9874,48,FUN_004f9874,todo,
0x4f98a8,48,FUN_004f98a8,todo,
0x4f98dc,48,FUN_004f98dc,todo,
0x4f9910,44,FUN_004f9910,todo,
0x4f993c,44,FUN_004f993c,todo,
0x4f996c,40,FUN_004f996c,todo,
0x4f9994,60,FUN_004f9994,todo,
0x4f99d4,60,FUN_004f99d4,todo,
0x4f9a14,60,FUN_004f9a14,todo,
0x4f9a54,56,FUN_004f9a54,todo,
0x4f9a8c,56,FUN_004f9a8c,todo,
0x4f9ac4,32,FUN_004f9ac4,todo,
0x4f9ae4,60,FUN_004f9ae4,todo,
0x4f9b20,44,FUN_004f9b20,todo,
0x4f9b4c,60,FUN_004f9b4c,todo,
0x4f9b88,60,FUN_004f9b88,todo,
0x4f9d50,60,FUN_004f9d50,todo,
0x4f9d8c,60,FUN_004f9d8c,todo,
0x4f9dc8,60,FUN_004f9dc8,todo,
0x4f9e04,12,FUN_004f9e04,todo,
0x4f9e10,12,FUN_004f9e10,todo,
0x4f9e1c,12,FUN_004f9e1c,todo,
0x4f9e28,12,FUN_004f9e28,todo,
0x4f9e34,40,FUN_004f9e34,todo,
0x4f9e5c,44,FUN_004f9e5c,todo,
0x4f9e88,32,FUN_004f9e88,todo,
0x4f9ea8,96,FUN_004f9ea8,todo,
0x4f9f08,32,FUN_004f9f08,todo,
0x4f9f28,40,FUN_004f9f28,todo,
0x4f9f50,52,FUN_004f9f50,todo,
0x4f9f84,44,FUN_004f9f84,todo,
0x4f9fb0,36,FUN_004f9fb0,todo,
0x4f9fd4,40,FUN_004f9fd4,todo,
0x4f9ffc,36,FUN_004f9ffc,todo,
0x4fa020,44,FUN_004fa020,todo,
0x4fa04c,48,FUN_004fa04c,todo,
0x4fa0a0,36,FUN_004fa0a0,todo,
0x4fa0c4,40,FUN_004fa0c4,todo,
0x4fa0ec,44,FUN_004fa0ec,todo,
0x4fa118,12,FUN_004fa118,todo,
0x4fa124,40,FUN_004fa124,todo,
0x4fa14c,12,FUN_004fa14c,todo,
0x4fa158,12,FUN_004fa158,todo,
0x4fa164,108,FUN_004fa164,todo,
0x4fa1d0,100,FUN_004fa1d0,todo,
0x4fa238,144,FUN_004fa238,todo,
0x4fa32c,32,FUN_004fa32c,todo,
0x4fa34c,228,FUN_004fa34c,todo,
0x4fa430,28,FUN_004fa430,todo,
0x4fa514,188,FUN_004fa514,todo,
0x4fa5d0,108,FUN_004fa5d0,todo,
0x4fa63c,12,FUN_004fa63c,todo,
0x4fa6a4,36,FUN_004fa6a4,todo,
0x4fa6c8,36,FUN_004fa6c8,todo,
0x4fa6ec,36,FUN_004fa6ec,todo,
0x4fa710,36,FUN_004fa710,todo,
0x4fa734,36,FUN_004fa734,todo,
0x4fa758,40,FUN_004fa758,todo,
0x4fa784,48,FUN_004fa784,todo,
0x4fa7b4,140,FUN_004fa7b4,todo,
0x4fa840,80,FUN_004fa840,todo,
0x4fa890,72,FUN_004fa890,todo,
0x4fa8d8,24,FUN_004fa8d8,todo,
0x4fa8f0,40,FUN_004fa8f0,todo,
0x4fa91c,52,FUN_004fa91c,todo,
0x4fa950,28,FUN_004fa950,todo,
0x4fa96c,40,FUN_004fa96c,todo,
0x4fa994,48,FUN_004fa994,todo,
0x4fa9c4,12,FUN_004fa9c4,todo,
0x4fa9d0,112,FUN_004fa9d0,todo,
0x4faa40,56,FUN_004faa40,todo,
0x4faa50,48,FUN_004faa50,todo,
0x4faa80,124,FUN_004faa80,todo,
0x4faafc,28,FUN_004faafc,todo,
0x4fab18,56,FUN_004fab18,todo,
0x4fab50,84,FUN_004fab50,todo,
0x4faba4,76,FUN_004faba4,todo,
0x4fabcc,116,FUN_004fabcc,todo,
0x4fac40,68,FUN_004fac40,todo,
0x4fac84,80,FUN_004fac84,todo,
0x4facd4,68,FUN_004facd4,todo,
0x4fad18,248,FUN_004fad18,todo,
0x4fae14,120,FUN_004fae14,todo,
0x4fae8c,96,FUN_004fae8c,todo,
0x4faeec,124,FUN_004faeec,todo,
0x4faf68,256,FUN_004faf68,todo,
0x4fb06c,120,FUN_004fb06c,todo,
0x4fb0e4,12,FUN_004fb0e4,todo,
0x4fb0f0,224,FUN_004fb0f0,todo,
0x4fb2e0,452,FUN_004fb2e0,todo,
0x4fb4ac,36,FUN_004fb4ac,todo,
0x4fb4c0,32,FUN_004fb4c0,todo,
0x4fb4e0,20,FUN_004fb4e0,todo,
0x4fb4f4,1324,FUN_004fb4f4,todo,
0x4fbda0,492,FUN_004fbda0,todo,
0x4fc2fc,36,FUN_004fc2fc,todo,
0x4fc44c,108,FUN_004fc44c,todo,
0x4fc4b8,180,FUN_004fc4b8,todo,
0x4fc56c,68,FUN_004fc56c,todo,
0x4fc5b0,8,FUN_004fc5b0,todo,
0x4fc5b8,12,FUN_004fc5b8,todo,
0x4fc5c4,12,FUN_004fc5c4,todo,
0x4fc5d0,44,FUN_004fc5d0,todo,
0x4fc5fc,56,FUN_004fc5fc,todo,
0x4fc638,40,FUN_004fc638,todo,
0x4fc660,44,FUN_004fc660,todo,
0x4fc68c,24,FUN_004fc68c,todo,
0x4fc6a4,44,FUN_004fc6a4,todo,
0x4fc6d0,40,FUN_004fc6d0,todo,
0x4fc6f8,112,FUN_004fc6f8,todo,
0x4fc76c,40,FUN_004fc76c,todo,
0x4fc794,180,FUN_004fc794,todo,
0x4fc848,156,FUN_004fc848,todo,
0x4fc924,100,FUN_004fc924,todo,
0x4fc98c,108,FUN_004fc98c,todo,
0x4fc9f8,12,FUN_004fc9f8,todo,
0x4fca04,12,FUN_004fca04,todo,
0x4fca10,32,FUN_004fca10,todo,
0x4fca30,100,FUN_004fca30,todo,
0x4fca98,108,FUN_004fca98,todo,
0x4fcb04,100,FUN_004fcb04,todo,
0x4fcf7c,220,FUN_004fcf7c,todo,
0x4fd058,28,FUN_004fd058,todo,
0x4fd0c4,20,FUN_004fd0c4,todo,
0x4fd1d0,56,FUN_004fd1d0,todo,
0x4fd3f0,280,FUN_004fd3f0,todo,
0x4fd508,1372,FUN_004fd508,todo,
0x4fda88,40,FUN_004fda88,todo,
0x4fde44,32,FUN_004fde44,todo,
0x4fdf14,36,FUN_004fdf14,todo,
0x4fe1a0,28,FUN_004fe1a0,todo,
0x4fe364,136,FUN_004fe364,todo,
0x4fe3f0,108,FUN_004fe3f0,todo,
0x4fe4e0,216,FUN_004fe4e0,todo,
0x4fe5b8,84,FUN_004fe5b8,todo,
0x4fe60c,44,FUN_004fe60c,todo,
0x4fe638,44,FUN_004fe638,todo,
0x4fe664,44,FUN_004fe664,todo,
0x4fe690,8,FUN_004fe690,todo,
0x4fe69c,48,FUN_004fe69c,todo,
0x4fe6d8,28,FUN_004fe6d8,todo,
0x4fe6f4,120,FUN_004fe6f4,todo,
0x4fe76c,252,FUN_004fe76c,todo,
0x4fe8a8,56,FUN_004fe8a8,todo,
0x4fe8e0,280,FUN_004fe8e0,todo,
0x4fea44,60,FUN_004fea44,todo,
0x4feb1c,124,FUN_004feb1c,todo,
0x4fed34,92,FUN_004fed34,todo,
0x4fed98,60,FUN_004fed98,todo,
0x4feddc,432,FUN_004feddc,todo,
0x4ff398,924,FUN_004ff398,todo,
0x4ff754,116,FUN_004ff754,todo,
0x4ff8f4,24,FUN_004ff8f4,todo,
0x4ffa8c,48,FUN_004ffa8c,todo,
0x4ffcdc,108,FUN_004ffcdc,todo,
0x4ffd50,44,FUN_004ffd50,todo,
0x4ffd7c,44,FUN_004ffd7c,todo,
0x4ffda8,68,FUN_004ffda8,todo,
0x4ffefc,344,FUN_004ffefc,todo,
0x500060,348,FUN_00500060,todo,
0x5001c4,348,FUN_005001c4,todo,
0x500658,32,FUN_00500658,todo,
0x500678,40,FUN_00500678,todo,
0x5006a4,60,FUN_005006a4,todo,
0x5006ec,1096,FUN_005006ec,todo,
0x500b38,40,FUN_00500b38,todo,
0x500b60,120,FUN_00500b60,todo,
0x500bdc,120,FUN_00500bdc,todo,
0x500c84,180,FUN_00500c84,todo,
0x500e50,196,FUN_00500e50,todo,
0x500f14,28,FUN_00500f14,todo,
0x500f38,64,FUN_00500f38,todo,
0x501010,92,FUN_00501010,todo,
0x501148,76,FUN_00501148,todo,
0x501230,12,FUN_00501230,todo,
0x501248,24,FUN_00501248,todo,
0x501264,64,FUN_00501264,todo,
0x5012ac,28,FUN_005012ac,todo,
0x501510,12,FUN_00501510,todo,
0x501a18,52,FUN_00501a18,todo,
0x501e7c,60,FUN_00501e7c,todo,
0x501f60,20,FUN_00501f60,todo,
0x502200,136,FUN_00502200,todo,
0x50246c,12,FUN_0050246c,todo,
0x502478,24,FUN_00502478,todo,
0x502490,12,FUN_00502490,todo,
0x50249c,12,FUN_0050249c,todo,
0x5024a8,20,FUN_005024a8,todo,
0x5024bc,16,FUN_005024bc,todo,
0x5024cc,24,FUN_005024cc,todo,
0x5024e4,20,FUN_005024e4,todo,
0x5024f8,20,FUN_005024f8,todo,
0x50250c,28,FUN_0050250c,todo,
0x502638,12,FUN_00502638,todo,
0x502644,12,FUN_00502644,todo,
0x502650,24,FUN_00502650,todo,
0x502668,12,FUN_00502668,todo,
0x502674,12,FUN_00502674,todo,
0x502680,16,FUN_00502680,todo,
0x502690,20,FUN_00502690,todo,
0x5026a4,16,FUN_005026a4,todo,
0x50359c,20,FUN_0050359c,todo,
0x5035b0,36,FUN_005035b0,todo,
0x50365c,36,FUN_0050365c,todo,
0x503738,12,FUN_00503738,todo,
0x503744,28,FUN_00503744,todo,
0x503764,20,FUN_00503764,todo,
0x503778,12,FUN_00503778,todo,
0x503784,44,FUN_00503784,todo,
0x5038c4,16,FUN_005038c4,todo,
0x5038d4,16,FUN_005038d4,todo,
0x5038e4,16,FUN_005038e4,todo,
0x5038f4,72,FUN_005038f4,todo,
0x503948,184,FUN_00503948,todo,
0x503a08,36,FUN_00503a08,todo,
0x503a30,36,FUN_00503a30,todo,
0x503a58,36,FUN_00503a58,todo,
0x503a80,76,FUN_00503a80,todo,
0x503ad0,108,FUN_00503ad0,todo,
0x503d5c,36,FUN_00503d5c,todo,
0x503d80,24,FUN_00503d80,todo,
0x503d98,160,FUN_00503d98,todo,
0x503e40,324,FUN_00503e40,todo,
0x503fa0,60,FUN_00503fa0,todo,
0x504028,108,FUN_00504028,todo,
0x5041a4,324,FUN_005041a4,todo,
0x504304,704,FUN_00504304,todo,
0x5045f8,20,FUN_005045f8,todo,
0x504610,12,FUN_00504610,todo,
0x504620,536,FUN_00504620,todo,
0x5048c8,32,FUN_005048c8,todo,
0x504904,12,FUN_00504904,todo,
0x504910,20,FUN_00504910,todo,
0x504924,16,FUN_00504924,todo,
0x504934,108,FUN_00504934,todo,
0x5049f0,16,FUN_005049f0,todo,
0x504b40,140,FUN_00504b40,todo,
0x504bcc,68,FUN_00504bcc,todo,
0x504c10,84,FUN_00504c10,todo,
0x504d84,72,FUN_00504d84,todo,
0x5050e0,68,FUN_005050e0,todo,
0x505274,200,FUN_00505274,todo,
0x50533c,272,FUN_0050533c,todo,
0x505604,64,FUN_00505604,todo,
0x505650,124,FUN_00505650,todo,
0x5057e0,28,FUN_005057e0,todo,
0x5057fc,156,FUN_005057fc,todo,
0x50589c,136,FUN_0050589c,todo,
0x505928,64,FUN_00505928,todo,
0x5059b4,260,FUN_005059b4,todo,
0x5059f8,108,FUN_005059f8,todo,
0x505a64,120,FUN_00505a64,todo,
0x505adc,108,FUN_00505adc,todo,
0x505b50,400,FUN_00505b50,todo,
0x505ce0,156,FUN_00505ce0,todo,
0x505d7c,204,FUN_00505d7c,todo,
0x505e48,224,FUN_00505e48,todo,
0x505f70,516,FUN_00505f70,todo,
0x50618c,268,FUN_0050618c,todo,
0x506298,64,FUN_00506298,todo,
0x5062d8,56,FUN_005062d8,todo,
0x50635c,16,FUN_0050635c,todo,
0x5063b8,28,FUN_005063b8,todo,
0x5063d4,36,FUN_005063d4,todo,
0x50644c,72,FUN_0050644c,todo,
0x5064ac,136,FUN_005064ac,todo,
0x506580,8,FUN_00506580,todo,
0x506588,40,FUN_00506588,todo,
0x5065b8,48,FUN_005065b8,todo,
0x5065e8,168,FUN_005065e8,todo,
0x506690,16,FUN_00506690,todo,
0x5066a0,20,FUN_005066a0,todo,
0x5066b4,20,FUN_005066b4,todo,
0x5066c8,20,FUN_005066c8,todo,
0x5066dc,20,FUN_005066dc,todo,
0x5066f0,76,FUN_005066f0,todo,
0x506744,16,FUN_00506744,todo,
0x506764,76,FUN_00506764,todo,
0x5067fc,12,FUN_005067fc,todo,
0x506808,320,FUN_00506808,todo,
0x506a70,176,FUN_00506a70,todo,
0x506b38,84,FUN_00506b38,todo,
0x506d54,112,FUN_00506d54,todo,
0x506e4c,24,FUN_00506e4c,todo,
0x50700c,76,FUN_0050700c,todo,
0x507058,60,FUN_00507058,todo,
0x5070ac,60,FUN_005070ac,todo,
0x507128,84,FUN_00507128,todo,
0x507180,296,FUN_00507180,todo,
0x5072ac,96,FUN_005072ac,todo,
0x50731c,84,FUN_0050731c,todo,
0x507378,76,FUN_00507378,todo,
0x5073c4,364,FUN_005073c4,todo,
0x507544,72,FUN_00507544,todo,
0x507590,320,FUN_00507590,todo,
0x5076f4,156,FUN_005076f4,todo,
0x507880,68,FUN_00507880,todo,
0x5078c4,392,FUN_005078c4,todo,
0x507a78,108,FUN_00507a78,todo,
0x507b44,72,FUN_00507b44,todo,
0x507ce0,128,FUN_00507ce0,todo,
0x507d64,448,FUN_00507d64,todo,
0x507f44,528,FUN_00507f44,todo,
0x50829c,572,FUN_0050829c,todo,
0x5084f8,852,FUN_005084f8,todo,
0x508e6c,12,FUN_00508e6c,todo,
0x5094dc,12,FUN_005094dc,todo,
0x50991c,12,FUN_0050991c,todo,
0x50bc60,16,FUN_0050bc60,todo,
0x50bf20,1188,FUN_0050bf20,todo,
0x50c744,404,FUN_0050c744,todo,
0x50ca7c,1096,FUN_0050ca7c,todo,
0x50d114,1064,FUN_0050d114,todo,
0x50d7f4,100,FUN_0050d7f4,todo,
0x50d968,596,FUN_0050d968,todo,
0x50df08,116,FUN_0050df08,todo,
0x50e118,12,FUN_0050e118,todo,
0x50e1ac,24,FUN_0050e1ac,todo,
0x50e1c4,20,FUN_0050e1c4,todo,
0x50e1d8,24,FUN_0050e1d8,todo,
0x50e1f0,24,FUN_0050e1f0,todo,
0x50e6d4,68,FUN_0050e6d4,todo,
0x50e718,108,FUN_0050e718,todo,
0x50e924,2144,FUN_0050e924,todo,
0x50f2c4,872,FUN_0050f2c4,todo,
0x510f38,80,FUN_00510f38,todo,
0x510f8c,312,FUN_00510f8c,todo,
0x5110d4,28,FUN_005110d4,todo,
0x5110f4,56,FUN_005110f4,todo,
0x511134,80,FUN_00511134,todo,
0x511190,112,FUN_00511190,todo,
0x511204,164,FUN_00511204,todo,
0x5112ac,112,FUN_005112ac,todo,
0x51131c,208,FUN_0051131c,todo,
0x511504,28,FUN_00511504,todo,
0x511858,192,FUN_00511858,todo,
0x51192c,220,FUN_0051192c,todo,
0x511a08,584,FUN_00511a08,todo,
0x511c58,284,FUN_00511c58,todo,
0x511d80,108,FUN_00511d80,todo,
0x51214c,64,FUN_0051214c,todo,
0x512374,36,FUN_00512374,todo,
0x512398,24,FUN_00512398,todo,
0x5123b0,268,FUN_005123b0,todo,
0x5124c4,28,FUN_005124c4,todo,
0x5124e0,60,FUN_005124e0,todo,
0x51251c,28,FUN_0051251c,todo,
0x512538,288,FUN_00512538,todo,
0x512774,496,FUN_00512774,todo,
0x51296c,160,FUN_0051296c,todo,
0x512a0c,136,FUN_00512a0c,todo,
0x512aa8,12,FUN_00512aa8,todo,
0x512ab4,220,FUN_00512ab4,todo,
0x512b98,256,FUN_00512b98,todo,
0x512ca0,40,FUN_00512ca0,todo,
0x512f08,96,FUN_00512f08,todo,
0x512f80,100,FUN_00512f80,todo,
0x512fe4,224,FUN_00512fe4,todo,
0x5130c8,68,FUN_005130c8,todo,
0x513110,448,FUN_00513110,todo,
0x5133ec,28,FUN_005133ec,todo,
0x513650,836,FUN_00513650,todo,
0x5139ac,28,FUN_005139ac,todo,
0x5139cc,16,FUN_005139cc,todo,
0x5139e0,252,FUN_005139e0,todo,
0x513ae8,244,FUN_00513ae8,todo,
0x513be4,28,FUN_00513be4,todo,
0x513c00,24,FUN_00513c00,todo,
0x513c18,28,FUN_00513c18,todo,
0x513f28,12,FUN_00513f28,todo,
0x513fbc,208,FUN_00513fbc,todo,
0x5141a4,208,FUN_005141a4,todo,
0x5142c8,388,FUN_005142c8,todo,
0x514488,24,FUN_00514488,todo,
0x514cd0,84,FUN_00514cd0,todo,
0x514d2c,84,FUN_00514d2c,todo,
0x514d88,208,FUN_00514d88,todo,
0x514e58,112,FUN_00514e58,todo,
0x515134,1964,FUN_00515134,todo,
0x5158e8,192,FUN_005158e8,todo,
0x5159bc,104,FUN_005159bc,todo,
0x515a2c,68,FUN_00515a2c,todo,
0x515a94,860,FUN_00515a94,todo,
0x515f2c,396,FUN_00515f2c,todo,
0x516128,660,FUN_00516128,todo,
0x5163f4,1204,FUN_005163f4,todo,
0x5168d4,716,FUN_005168d4,todo,
0x516ba0,268,FUN_00516ba0,todo,
0x516cc4,12,FUN_00516cc4,todo,
0x516cd0,12,FUN_00516cd0,todo,
0x517290,32,FUN_00517290,todo,
0x5174d0,316,FUN_005174d0,todo,
0x519308,104,FUN_00519308,todo,
0x519d34,84,FUN_00519d34,todo,
0x519d88,88,FUN_00519d88,todo,
0x519e78,60,FUN_00519e78,todo,
0x519eb8,24,FUN_00519eb8,todo,
0x519ed0,12,FUN_00519ed0,todo,
0x519edc,12,FUN_00519edc,todo,
0x519ee8,28,FUN_00519ee8,todo,
0x519f04,24,FUN_00519f04,todo,
0x519f1c,24,FUN_00519f1c,todo,
0x519f34,12,FUN_00519f34,todo,
0x519f40,12,FUN_00519f40,todo,
0x519f4c,264,FUN_00519f4c,todo,
0x51a058,80,FUN_0051a058,todo,
0x51a0a8,12,FUN_0051a0a8,todo,
0x51a0bc,192,FUN_0051a0bc,todo,
0x51a17c,12,FUN_0051a17c,todo,
0x51a188,180,FUN_0051a188,todo,
0x51a23c,12,FUN_0051a23c,todo,
0x51a248,12,FUN_0051a248,todo,
0x51a254,96,FUN_0051a254,todo,
0x51a44c,84,FUN_0051a44c,todo,
0x51b150,376,FUN_0051b150,todo,
0x51bde0,376,FUN_0051bde0,todo,
0x51c740,368,FUN_0051c740,todo,
0x51cbe0,376,FUN_0051cbe0,todo,
0x51d6ec,292,FUN_0051d6ec,todo,
0x51e478,68,FUN_0051e478,todo,
0x51e4c4,68,FUN_0051e4c4,todo,
0x51e510,24,FUN_0051e510,todo,
0x51e528,204,FUN_0051e528,todo,
0x51e5f8,36,FUN_0051e5f8,todo,
0x51e620,12,FUN_0051e620,todo,
0x51e62c,120,FUN_0051e62c,todo,
0x51e6a8,120,FUN_0051e6a8,todo,
0x51e724,16,FUN_0051e724,todo,
0x51eea4,120,FUN_0051eea4,todo,
0x51f174,88,FUN_0051f174,todo,
0x51f1e0,336,FUN_0051f1e0,todo,
0x51f338,92,FUN_0051f338,todo,
0x51f394,24,FUN_0051f394,todo,
0x51f3ac,408,FUN_0051f3ac,todo,
0x51f54c,216,FUN_0051f54c,todo,
0x51f628,80,FUN_0051f628,todo,
0x51f67c,20,FUN_0051f67c,todo,
0x51f690,228,FUN_0051f690,todo,
0x51f784,480,FUN_0051f784,todo,
0x51f97c,192,FUN_0051f97c,todo,
0x51fa50,28,FUN_0051fa50,todo,
0x51fa98,40,FUN_0051fa98,todo,
0x51fac0,20,FUN_0051fac0,todo,
0x51fad4,32,FUN_0051fad4,todo,
0x51faf4,420,FUN_0051faf4,todo,
0x51fc98,468,FUN_0051fc98,todo,
0x51fe84,56,FUN_0051fe84,todo,
0x51fec4,152,FUN_0051fec4,todo,
0x51ff94,44,FUN_0051ff94,todo,
0x51ffc0,88,FUN_0051ffc0,todo,
0x520028,52,FUN_00520028,todo,
0x520060,24,FUN_00520060,todo,
0x520078,52,FUN_00520078,todo,
0x5200b0,64,FUN_005200b0,todo,
0x5200f0,96,FUN_005200f0,todo,
0x520150,16,FUN_00520150,todo,
0x520160,24,FUN_00520160,todo,
0x520178,12,FUN_00520178,todo,
0x520188,80,FUN_00520188,todo,
0x520288,100,FUN_00520288,todo,
0x520384,36,FUN_00520384,todo,
0x5203a8,136,FUN_005203a8,todo,
0x5204ac,124,FUN_005204ac,todo,
0x520530,52,FUN_00520530,todo,
0x520564,96,FUN_00520564,todo,
0x5205fc,260,FUN_005205fc,todo,
0x520700,132,FUN_00520700,todo,
0x520788,132,FUN_00520788,todo,
0x520924,136,FUN_00520924,todo,
0x5209b4,144,FUN_005209b4,todo,
0x520a64,204,FUN_00520a64,todo,
0x520b44,12,FUN_00520b44,todo,
0x520b50,12,FUN_00520b50,todo,
0x520b5c,12,FUN_00520b5c,todo,
0x520b68,12,FUN_00520b68,todo,
0x520b74,12,FUN_00520b74,todo,
0x520b80,12,FUN_00520b80,todo,
0x520b8c,12,FUN_00520b8c,todo,
0x520b98,12,FUN_00520b98,todo,
0x520ba4,12,FUN_00520ba4,todo,
0x520bb0,12,FUN_00520bb0,todo,
0x520bbc,12,FUN_00520bbc,todo,
0x520bc8,12,FUN_00520bc8,todo,
0x520bd4,12,FUN_00520bd4,todo,
0x520be0,12,FUN_00520be0,todo,
0x520bec,12,FUN_00520bec,todo,
0x520bf8,12,FUN_00520bf8,todo,
0x520c04,12,FUN_00520c04,todo,
0x520d3c,12,FUN_00520d3c,todo,
0x520e74,12,FUN_00520e74,todo,
0x520e80,12,FUN_00520e80,todo,
0x520e8c,12,FUN_00520e8c,todo,
0x520e98,12,FUN_00520e98,todo,
0x520ea4,12,FUN_00520ea4,todo,
0x520eb0,12,FUN_00520eb0,todo,
0x520ebc,12,FUN_00520ebc,todo,
0x520ec8,12,FUN_00520ec8,todo,
0x520ed4,12,FUN_00520ed4,todo,
0x520ee0,12,FUN_00520ee0,todo,
0x520eec,12,FUN_00520eec,todo,
0x520ef8,12,FUN_00520ef8,todo,
0x520f04,12,FUN_00520f04,todo,
0x520f10,12,FUN_00520f10,todo,
0x520f1c,12,FUN_00520f1c,todo,
0x521714,12,FUN_00521714,todo,
0x52196c,12,FUN_0052196c,todo,
0x521978,12,FUN_00521978,todo,
0x521984,12,FUN_00521984,todo,
0x521990,12,FUN_00521990,todo,
0x52199c,12,FUN_0052199c,todo,
0x5219a8,12,FUN_005219a8,todo,
0x5219b4,12,FUN_005219b4,todo,
0x5219c0,12,FUN_005219c0,todo,
0x5219cc,12,FUN_005219cc,todo,
0x5219d8,12,FUN_005219d8,todo,
0x5219e4,12,FUN_005219e4,todo,
0x5219f0,12,FUN_005219f0,todo,
0x5219fc,12,FUN_005219fc,todo,
0x521b34,12,FUN_00521b34,todo,
0x521b40,12,FUN_00521b40,todo,
0x521b4c,12,FUN_00521b4c,todo,
0x521c84,12,FUN_00521c84,todo,
0x521c90,12,FUN_00521c90,todo,
0x521c9c,12,FUN_00521c9c,todo,
0x521ca8,12,FUN_00521ca8,todo,
0x521cb4,12,FUN_00521cb4,todo,
0x521cc0,12,FUN_00521cc0,todo,
0x521ccc,12,FUN_00521ccc,todo,
0x521cd8,12,FUN_00521cd8,todo,
0x521ce4,12,FUN_00521ce4,todo,
0x521cf0,12,FUN_00521cf0,todo,
0x521cfc,12,FUN_00521cfc,todo,
0x521d08,12,FUN_00521d08,todo,
0x521d14,12,FUN_00521d14,todo,
0x521e4c,12,FUN_00521e4c,todo,
0x521e58,12,FUN_00521e58,todo,
0x521e64,12,FUN_00521e64,todo,
0x521e70,12,FUN_00521e70,todo,
0x521e7c,12,FUN_00521e7c,todo,
0x521e88,12,FUN_00521e88,todo,
0x521e94,12,FUN_00521e94,todo,
0x521ea0,12,FUN_00521ea0,todo,
0x521eac,12,FUN_00521eac,todo,
0x521eb8,12,FUN_00521eb8,todo,
0x521ec4,12,FUN_00521ec4,todo,
0x521ed0,12,FUN_00521ed0,todo,
0x521edc,12,FUN_00521edc,todo,
0x521ee8,12,FUN_00521ee8,todo,
0x521ef4,12,FUN_00521ef4,todo,
0x521f00,12,FUN_00521f00,todo,
0x521f0c,12,FUN_00521f0c,todo,
0x521f18,12,FUN_00521f18,todo,
0x521f24,12,FUN_00521f24,todo,
0x52217c,12,FUN_0052217c,todo,
0x522188,12,FUN_00522188,todo,
0x522194,12,FUN_00522194,todo,
0x5221a0,12,FUN_005221a0,todo,
0x5221ac,12,FUN_005221ac,todo,
0x5222e4,12,FUN_005222e4,todo,
0x5222f0,12,FUN_005222f0,todo,
0x5222fc,12,FUN_005222fc,todo,
0x522434,12,FUN_00522434,todo,
0x522440,12,FUN_00522440,todo,
0x52244c,12,FUN_0052244c,todo,
0x5226a4,12,FUN_005226a4,todo,
0x5226b0,12,FUN_005226b0,todo,
0x5226bc,12,FUN_005226bc,todo,
0x5226c8,12,FUN_005226c8,todo,
0x5226d4,12,FUN_005226d4,todo,
0x5226e0,12,FUN_005226e0,todo,
0x5226ec,12,FUN_005226ec,todo,
0x5226f8,12,FUN_005226f8,todo,
0x522704,12,FUN_00522704,todo,
0x522710,12,FUN_00522710,todo,
0x52271c,12,FUN_0052271c,todo,
0x522728,12,FUN_00522728,todo,
0x522734,12,FUN_00522734,todo,
0x522740,12,FUN_00522740,todo,
0x52274c,12,FUN_0052274c,todo,
0x522884,12,FUN_00522884,todo,
0x522890,12,FUN_00522890,todo,
0x52289c,12,FUN_0052289c,todo,
0x5228a8,12,FUN_005228a8,todo,
0x5228b4,12,FUN_005228b4,todo,
0x5228c0,12,FUN_005228c0,todo,
0x5228cc,12,FUN_005228cc,todo,
0x5228d8,12,FUN_005228d8,todo,
0x5228e4,12,FUN_005228e4,todo,
0x5228f0,12,FUN_005228f0,todo,
0x5228fc,12,FUN_005228fc,todo,
0x522908,12,FUN_00522908,todo,
0x522914,12,FUN_00522914,todo,
0x522920,12,FUN_00522920,todo,
0x52292c,12,FUN_0052292c,todo,
0x522938,12,FUN_00522938,todo,
0x522944,12,FUN_00522944,todo,
0x522950,12,FUN_00522950,todo,
0x52295c,12,FUN_0052295c,todo,
0x522968,12,FUN_00522968,todo,
0x522974,12,FUN_00522974,todo,
0x522980,12,FUN_00522980,todo,
0x52298c,12,FUN_0052298c,todo,
0x522998,12,FUN_00522998,todo,
0x5229a4,12,FUN_005229a4,todo,
0x5229b0,12,FUN_005229b0,todo,
0x5229bc,12,FUN_005229bc,todo,
0x5229c8,12,FUN_005229c8,todo,
0x5229d4,12,FUN_005229d4,todo,
0x5229e0,12,FUN_005229e0,todo,
0x5229ec,12,FUN_005229ec,todo,
0x5229f8,12,FUN_005229f8,todo,
0x522a04,12,FUN_00522a04,todo,
0x522a10,12,FUN_00522a10,todo,
0x522a1c,12,FUN_00522a1c,todo,
0x522a28,12,FUN_00522a28,todo,
0x522a34,12,FUN_00522a34,todo,
0x522dac,12,FUN_00522dac,todo,
0x522db8,12,FUN_00522db8,todo,
0x522dc4,12,FUN_00522dc4,todo,
0x522dd0,12,FUN_00522dd0,todo,
0x522ddc,12,FUN_00522ddc,todo,
0x522de8,12,FUN_00522de8,todo,
0x522df4,12,FUN_00522df4,todo,
0x522f2c,12,FUN_00522f2c,todo,
0x523604,12,FUN_00523604,todo,
0x523610,12,FUN_00523610,todo,
0x52361c,12,FUN_0052361c,todo,
0x523754,12,FUN_00523754,todo,
0x523760,12,FUN_00523760,todo,
0x52376c,12,FUN_0052376c,todo,
0x5238a4,12,FUN_005238a4,todo,
0x5238b0,12,FUN_005238b0,todo,
0x5238bc,12,FUN_005238bc,todo,
0x5238c8,12,FUN_005238c8,todo,
0x5238d4,12,FUN_005238d4,todo,
0x523a0c,12,FUN_00523a0c,todo,
0x523a18,12,FUN_00523a18,todo,
0x523a24,12,FUN_00523a24,todo,
0x523a30,12,FUN_00523a30,todo,
0x523a3c,12,FUN_00523a3c,todo,
0x523a48,12,FUN_00523a48,todo,
0x523a54,12,FUN_00523a54,todo,
0x523cac,12,FUN_00523cac,todo,
0x523de4,12,FUN_00523de4,todo,
0x523df0,12,FUN_00523df0,todo,
0x523dfc,12,FUN_00523dfc,todo,
0x523e08,12,FUN_00523e08,todo,
0x523e14,12,FUN_00523e14,todo,
0x523e20,12,FUN_00523e20,todo,
0x523e2c,12,FUN_00523e2c,todo,
0x524084,12,FUN_00524084,todo,
0x524090,12,FUN_00524090,todo,
0x52409c,12,FUN_0052409c,todo,
0x5240a8,12,FUN_005240a8,todo,
0x5240b4,12,FUN_005240b4,todo,
0x5240c0,12,FUN_005240c0,todo,
0x5240cc,12,FUN_005240cc,todo,
0x5240d8,12,FUN_005240d8,todo,
0x5240e4,12,FUN_005240e4,todo,
0x5240f0,12,FUN_005240f0,todo,
0x5240fc,12,FUN_005240fc,todo,
0x524108,12,FUN_00524108,todo,
0x524114,12,FUN_00524114,todo,
0x524120,12,FUN_00524120,todo,
0x52412c,12,FUN_0052412c,todo,
0x524138,12,FUN_00524138,todo,
0x524144,12,FUN_00524144,todo,
0x524150,12,FUN_00524150,todo,
0x52415c,12,FUN_0052415c,todo,
0x524168,12,FUN_00524168,todo,
0x524174,12,FUN_00524174,todo,
0x524180,12,FUN_00524180,todo,
0x52418c,12,FUN_0052418c,todo,
0x524198,12,FUN_00524198,todo,
0x5241a4,12,FUN_005241a4,todo,
0x5241b0,12,FUN_005241b0,todo,
0x5241bc,12,FUN_005241bc,todo,
0x5242f4,12,FUN_005242f4,todo,
0x524300,12,FUN_00524300,todo,
0x52430c,12,FUN_0052430c,todo,
0x524444,12,FUN_00524444,todo,
0x524450,12,FUN_00524450,todo,
0x52445c,12,FUN_0052445c,todo,
0x5246b4,12,FUN_005246b4,todo,
0x5246c0,12,FUN_005246c0,todo,
0x5246cc,12,FUN_005246cc,todo,
0x5246d8,12,FUN_005246d8,todo,
0x5246e4,12,FUN_005246e4,todo,
0x5246f0,12,FUN_005246f0,todo,
0x5246fc,12,FUN_005246fc,todo,
0x524708,12,FUN_00524708,todo,
0x524714,12,FUN_00524714,todo,
0x524720,12,FUN_00524720,todo,
0x52472c,12,FUN_0052472c,todo,
0x524738,12,FUN_00524738,todo,
0x524744,12,FUN_00524744,todo,
0x524750,12,FUN_00524750,todo,
0x52475c,12,FUN_0052475c,todo,
0x524768,12,FUN_00524768,todo,
0x524774,12,FUN_00524774,todo,
0x5249cc,12,FUN_005249cc,todo,
0x5249d8,12,FUN_005249d8,todo,
0x5249e4,12,FUN_005249e4,todo,
0x5249f0,12,FUN_005249f0,todo,
0x5249fc,12,FUN_005249fc,todo,
0x524a08,12,FUN_00524a08,todo,
0x524a14,12,FUN_00524a14,todo,
0x524a20,12,FUN_00524a20,todo,
0x524a2c,12,FUN_00524a2c,todo,
0x524a38,12,FUN_00524a38,todo,
0x524a44,12,FUN_00524a44,todo,
0x525b3c,12,FUN_00525b3c,todo,
0x525b48,12,FUN_00525b48,todo,
0x525b54,12,FUN_00525b54,todo,
0x525b60,12,FUN_00525b60,todo,
0x525b6c,12,FUN_00525b6c,todo,
0x525b78,12,FUN_00525b78,todo,
0x525b84,12,FUN_00525b84,todo,
0x525b90,12,FUN_00525b90,todo,
0x525b9c,12,FUN_00525b9c,todo,
0x525c60,52,FUN_00525c60,todo,
0x525c94,48,FUN_00525c94,todo,
0x525cc4,48,FUN_00525cc4,todo,
0x525cf4,48,FUN_00525cf4,todo,
0x525d24,112,FUN_00525d24,todo,
0x526044,8,FUN_00526044,todo,
0x526070,8,FUN_00526070,todo,
0x5260b4,128,FUN_005260b4,todo,
0x52643c,188,FUN_0052643c,todo,
0x5264f8,84,FUN_005264f8,todo,
0x526550,80,FUN_00526550,todo,
0x5265a4,84,FUN_005265a4,todo,
0x5265fc,80,FUN_005265fc,todo,
0x526754,92,FUN_00526754,todo,
0x5267b4,80,FUN_005267b4,todo,
0x526814,172,FUN_00526814,todo,
0x5268cc,140,FUN_005268cc,todo,
0x526984,20,FUN_00526984,todo,
0x5269a0,252,FUN_005269a0,todo,
0x526b64,172,FUN_00526b64,todo,
0x526c18,160,FUN_00526c18,todo,
0x526cc0,188,FUN_00526cc0,todo,
0x526d8c,16,FUN_00526d8c,todo,
0x526d9c,64,FUN_00526d9c,todo,
0x526de4,64,FUN_00526de4,todo,
0x526e28,12,FUN_00526e28,todo,
0x526e38,56,FUN_00526e38,todo,
0x526e80,60,FUN_00526e80,todo,
0x526ec0,60,FUN_00526ec0,todo,
0x526f00,60,FUN_00526f00,todo,
0x526f40,176,FUN_00526f40,todo,
0x527048,32,FUN_00527048,todo,
0x527068,36,FUN_00527068,todo,
0x52708c,20,FUN_0052708c,todo,
0x5270a0,20,FUN_005270a0,todo,
0x5270b4,16,FUN_005270b4,todo,
0x5270c4,16,FUN_005270c4,todo,
0x5270d4,16,FUN_005270d4,todo,
0x5270e4,52,FUN_005270e4,todo,
0x527118,16,FUN_00527118,todo,
0x527128,68,FUN_00527128,todo,
0x52716c,28,FUN_0052716c,todo,
0x527188,36,FUN_00527188,todo,
0x5271ac,20,FUN_005271ac,todo,
0x5271c0,20,FUN_005271c0,todo,
0x5271d4,20,FUN_005271d4,todo,
0x5271e8,20,FUN_005271e8,todo,
0x5271fc,28,FUN_005271fc,todo,
0x527218,24,FUN_00527218,todo,
0x527230,24,FUN_00527230,todo,
0x527248,60,FUN_00527248,todo,
0x527288,44,FUN_00527288,todo,
0x5272b8,80,FUN_005272b8,todo,
0x527308,36,FUN_00527308,todo,
0x52732c,100,FUN_0052732c,todo,
0x527394,260,FUN_00527394,todo,
0x5274a8,28,FUN_005274a8,todo,
0x5274c8,20,FUN_005274c8,todo,
0x5274e0,20,FUN_005274e0,todo,
0x5274f8,1728,FUN_005274f8,todo,
0x527970,244,FUN_00527970,todo,
0x527a9c,260,FUN_00527a9c,todo,
0x527bd4,528,FUN_00527bd4,todo,
0x527e44,132,FUN_00527e44,todo,
0x527ed4,316,FUN_00527ed4,todo,
0x528050,484,FUN_00528050,todo,
0x528280,140,FUN_00528280,todo,
0x52831c,212,FUN_0052831c,todo,
0x5283f8,400,FUN_005283f8,todo,
0x5285cc,388,FUN_005285cc,todo,
0x528790,1756,FUN_00528790,todo,
0x528f04,392,FUN_00528f04,todo,
0x5290cc,368,FUN_005290cc,todo,
0x529280,12,FUN_00529280,todo,
0x529298,12,FUN_00529298,todo,
0x5292a8,176,FUN_005292a8,todo,
0x529370,316,FUN_00529370,todo,
0x5294c4,28,FUN_005294c4,todo,
0x5294f0,14112,FUN_005294f0,todo,
0x52cd38,164,FUN_0052cd38,todo,
0x52cdf0,14040,FUN_0052cdf0,todo,
0x530600,1248,FUN_00530600,todo,
0x530b8c,104,FUN_00530b8c,todo,
0x530c08,116,FUN_00530c08,todo,
0x530c90,68,FUN_00530c90,todo,
0x530ce4,56,FUN_00530ce4,todo,
0x530d24,56,FUN_00530d24,todo,
0x530d64,56,FUN_00530d64,todo,
0x5317a8,56,FUN_005317a8,todo,
0x5317e8,56,FUN_005317e8,todo,
0x531828,56,FUN_00531828,todo,
0x531868,120,FUN_00531868,todo,
0x5318f8,56,FUN_005318f8,todo,
0x531938,56,FUN_00531938,todo,
0x531ddc,56,FUN_00531ddc,todo,
0x5324e8,56,FUN_005324e8,todo,
0x532640,56,FUN_00532640,todo,
0x532680,76,FUN_00532680,todo,
0x532eb4,140,FUN_00532eb4,todo,
0x532f88,56,FUN_00532f88,todo,
0x532fc8,72,FUN_00532fc8,todo,
0x533020,56,FUN_00533020,todo,
0x533060,56,FUN_00533060,todo,
0x5330a0,56,FUN_005330a0,todo,
0x5330e0,56,FUN_005330e0,todo,
0x533120,56,FUN_00533120,todo,
0x533968,56,FUN_00533968,todo,
0x5339a8,56,FUN_005339a8,todo,
0x5339e8,56,FUN_005339e8,todo,
0x533a28,56,FUN_00533a28,todo,
0x533ef4,56,FUN_00533ef4,todo,
0x5342d4,56,FUN_005342d4,todo,
0x534314,92,FUN_00534314,todo,
0x5343a0,56,FUN_005343a0,todo,
0x5343e0,88,FUN_005343e0,todo,
0x534458,56,FUN_00534458,todo,
0x534758,88,FUN_00534758,todo,
0x5347c8,492,FUN_005347c8,todo,
0x534a3c,56,FUN_00534a3c,todo,
0x534a7c,56,FUN_00534a7c,todo,
0x534abc,56,FUN_00534abc,todo,
0x53539c,84,FUN_0053539c,todo,
0x535408,592,FUN_00535408,todo,
0x5356fc,56,FUN_005356fc,todo,
0x53573c,56,FUN_0053573c,todo,
0x5369d0,56,FUN_005369d0,todo,
0x536a10,56,FUN_00536a10,todo,
0x536a50,56,FUN_00536a50,todo,
0x536a90,56,FUN_00536a90,todo,
0x536c04,56,FUN_00536c04,todo,
0x5370a0,168,FUN_005370a0,todo,
0x537180,56,FUN_00537180,todo,
0x5371c0,56,FUN_005371c0,todo,
0x537200,56,FUN_00537200,todo,
0x537240,92,FUN_00537240,todo,
0x5372b4,56,FUN_005372b4,todo,
0x538190,56,FUN_00538190,todo,
0x5381d0,56,FUN_005381d0,todo,
0x538f64,56,FUN_00538f64,todo,
0x53939c,260,FUN_0053939c,todo,
0x539508,56,FUN_00539508,todo,
0x539548,72,FUN_00539548,todo,
0x5395a4,56,FUN_005395a4,todo,
0x5395e4,56,FUN_005395e4,todo,
0x539624,56,FUN_00539624,todo,
0x539664,56,FUN_00539664,todo,
0x5396a4,56,FUN_005396a4,todo,
0x53a5ec,56,FUN_0053a5ec,todo,
0x53a62c,56,FUN_0053a62c,todo,
0x53a66c,56,FUN_0053a66c,todo,
0x53a6ac,56,FUN_0053a6ac,todo,
0x53a6ec,112,FUN_0053a6ec,todo,
0x53a77c,56,FUN_0053a77c,todo,
0x53a854,56,FUN_0053a854,todo,
0x53a894,56,FUN_0053a894,todo,
0x53a8d4,56,FUN_0053a8d4,todo,
0x53a914,56,FUN_0053a914,todo,
0x53a954,56,FUN_0053a954,todo,
0x53a994,56,FUN_0053a994,todo,
0x53a9d4,56,FUN_0053a9d4,todo,
0x53acf8,56,FUN_0053acf8,todo,
0x53afc8,56,FUN_0053afc8,todo,
0x53b4e8,56,FUN_0053b4e8,todo,
0x53b528,56,FUN_0053b528,todo,
0x53b568,56,FUN_0053b568,todo,
0x53bbc0,56,FUN_0053bbc0,todo,
0x53bc00,56,FUN_0053bc00,todo,
0x53bf18,80,FUN_0053bf18,todo,
0x53cab8,56,FUN_0053cab8,todo,
0x53caf8,56,FUN_0053caf8,todo,
0x53ce30,56,FUN_0053ce30,todo,
0x53ce70,56,FUN_0053ce70,todo,
0x53ceb0,56,FUN_0053ceb0,todo,
0x53da74,164,FUN_0053da74,todo,
0x53def8,56,FUN_0053def8,todo,
0x53df38,56,FUN_0053df38,todo,
0x53df78,56,FUN_0053df78,todo,
0x53dfb8,56,FUN_0053dfb8,todo,
0x53dff8,56,FUN_0053dff8,todo,
0x53e038,56,FUN_0053e038,todo,
0x53e408,56,FUN_0053e408,todo,
0x53e448,56,FUN_0053e448,todo,
0x53e488,56,FUN_0053e488,todo,
0x53e4c8,56,FUN_0053e4c8,todo,
0x53e508,56,FUN_0053e508,todo,
0x53e548,56,FUN_0053e548,todo,
0x53e588,56,FUN_0053e588,todo,
0x540a50,56,FUN_00540a50,todo,
0x540a90,56,FUN_00540a90,todo,
0x540d60,56,FUN_00540d60,todo,
0x540da0,56,FUN_00540da0,todo,
0x540de0,120,FUN_00540de0,todo,
0x5414c8,56,FUN_005414c8,todo,
0x541508,56,FUN_00541508,todo,
0x541548,56,FUN_00541548,todo,
0x541588,56,FUN_00541588,todo,
0x5415c8,56,FUN_005415c8,todo,
0x541900,56,FUN_00541900,todo,
0x541b78,56,FUN_00541b78,todo,
0x541c68,56,FUN_00541c68,todo,
0x541ca8,56,FUN_00541ca8,todo,
0x541ce8,56,FUN_00541ce8,todo,
0x541d28,56,FUN_00541d28,todo,
0x541d68,56,FUN_00541d68,todo,
0x541da8,56,FUN_00541da8,todo,
0x541de8,56,FUN_00541de8,todo,
0x541e28,56,FUN_00541e28,todo,
0x541e68,56,FUN_00541e68,todo,
0x541fbc,452,FUN_00541fbc,todo,
0x5421c0,56,FUN_005421c0,todo,
0x542200,88,FUN_00542200,todo,
0x542288,56,FUN_00542288,todo,
0x54266c,56,FUN_0054266c,todo,
0x54307c,56,FUN_0054307c,todo,
0x5430bc,56,FUN_005430bc,todo,
0x5430fc,56,FUN_005430fc,todo,
0x54313c,56,FUN_0054313c,todo,
0x54317c,56,FUN_0054317c,todo,
0x5431bc,68,FUN_005431bc,todo,
0x54320c,100,FUN_0054320c,todo,
0x543578,56,FUN_00543578,todo,
0x5435b8,56,FUN_005435b8,todo,
0x5435f8,56,FUN_005435f8,todo,
0x543638,56,FUN_00543638,todo,
0x543678,56,FUN_00543678,todo,
0x5436b8,56,FUN_005436b8,todo,
0x5436f8,56,FUN_005436f8,todo,
0x543738,100,FUN_00543738,todo,
0x5437c4,56,FUN_005437c4,todo,
0x543804,56,FUN_00543804,todo,
0x543844,56,FUN_00543844,todo,
0x543884,56,FUN_00543884,todo,
0x543b54,56,FUN_00543b54,todo,
0x543b94,56,FUN_00543b94,todo,
0x543bd4,1008,FUN_00543bd4,todo,
0x543fe8,56,FUN_00543fe8,todo,
0x544028,56,FUN_00544028,todo,
0x544068,56,FUN_00544068,todo,
0x5440a8,56,FUN_005440a8,todo,
0x5440e8,56,FUN_005440e8,todo,
0x544128,56,FUN_00544128,todo,
0x544790,56,FUN_00544790,todo,
0x5457f4,56,FUN_005457f4,todo,
0x545d68,56,FUN_00545d68,todo,
0x545da8,56,FUN_00545da8,todo,
0x547adc,56,FUN_00547adc,todo,
0x54821c,56,FUN_0054821c,todo,
0x54825c,56,FUN_0054825c,todo,
0x54829c,56,FUN_0054829c,todo,
0x5482dc,56,FUN_005482dc,todo,
0x548384,796,FUN_00548384,todo,
0x5488a4,56,FUN_005488a4,todo,
0x548964,56,FUN_00548964,todo,
0x5489a4,56,FUN_005489a4,todo,
0x5489e4,68,FUN_005489e4,todo,
0x548a78,56,FUN_00548a78,todo,
0x548ab8,56,FUN_00548ab8,todo,
0x548af8,56,FUN_00548af8,todo,
0x548f54,56,FUN_00548f54,todo,
0x548f94,56,FUN_00548f94,todo,
0x548fd4,56,FUN_00548fd4,todo,
0x549014,56,FUN_00549014,todo,
0x54bc3c,156,FUN_0054bc3c,todo,
0x54bd80,56,FUN_0054bd80,todo,
0x54bdc0,56,FUN_0054bdc0,todo,
0x54be00,56,FUN_0054be00,todo,
0x54bec4,56,FUN_0054bec4,todo,
0x54bf04,56,FUN_0054bf04,todo,
0x54bf44,56,FUN_0054bf44,todo,
0x54bff0,56,FUN_0054bff0,todo,
0x54c030,56,FUN_0054c030,todo,
0x54c070,56,FUN_0054c070,todo,
0x54e844,56,FUN_0054e844,todo,
0x54e884,56,FUN_0054e884,todo,
0x54e8c4,56,FUN_0054e8c4,todo,
0x54e904,56,FUN_0054e904,todo,
0x54e944,56,FUN_0054e944,todo,
0x54e984,56,FUN_0054e984,todo,
0x54e9c4,56,FUN_0054e9c4,todo,
0x54ea04,56,FUN_0054ea04,todo,
0x54ea44,56,FUN_0054ea44,todo,
0x54ea84,56,FUN_0054ea84,todo,
0x54eac4,56,FUN_0054eac4,todo,
0x54eb04,56,FUN_0054eb04,todo,
0x54f190,56,FUN_0054f190,todo,
0x54f1d0,56,FUN_0054f1d0,todo,
0x54f210,56,FUN_0054f210,todo,
0x54f250,56,FUN_0054f250,todo,
0x54f290,56,FUN_0054f290,todo,
0x54f2d0,56,FUN_0054f2d0,todo,
0x54f310,56,FUN_0054f310,todo,
0x54f830,56,FUN_0054f830,todo,
0x552638,56,FUN_00552638,todo,
0x552678,56,FUN_00552678,todo,
0x5526b8,56,FUN_005526b8,todo,
0x552f7c,56,FUN_00552f7c,todo,
0x552fbc,56,FUN_00552fbc,todo,
0x552ffc,56,FUN_00552ffc,todo,
0x55303c,56,FUN_0055303c,todo,
0x55307c,56,FUN_0055307c,todo,
0x5530bc,56,FUN_005530bc,todo,
0x5530fc,56,FUN_005530fc,todo,
0x55313c,56,FUN_0055313c,todo,
0x55317c,68,FUN_0055317c,todo,
0x5531cc,56,FUN_005531cc,todo,
0x55320c,56,FUN_0055320c,todo,
0x55324c,56,FUN_0055324c,todo,
0x55328c,56,FUN_0055328c,todo,
0x5532cc,56,FUN_005532cc,todo,
0x55330c,56,FUN_0055330c,todo,
0x55334c,56,FUN_0055334c,todo,
0x55338c,56,FUN_0055338c,todo,
0x5533cc,56,FUN_005533cc,todo,
0x55340c,56,FUN_0055340c,todo,
0x55344c,56,FUN_0055344c,todo,
0x55348c,56,FUN_0055348c,todo,
0x5534cc,56,FUN_005534cc,todo,
0x5539a8,56,FUN_005539a8,todo,
0x5539e8,56,FUN_005539e8,todo,
0x553a28,56,FUN_00553a28,todo,
0x558e8c,56,FUN_00558e8c,todo,
0x558ecc,56,FUN_00558ecc,todo,
0x558f0c,56,FUN_00558f0c,todo,
0x5597b4,56,FUN_005597b4,todo,
0x5597f4,56,FUN_005597f4,todo,
0x559834,260,FUN_00559834,todo,
0x559960,56,FUN_00559960,todo,
0x5599a0,56,FUN_005599a0,todo,
0x5599e0,56,FUN_005599e0,todo,
0x559cec,56,FUN_00559cec,todo,
0x559d2c,68,FUN_00559d2c,todo,
0x559f40,56,FUN_00559f40,todo,
0x559f80,172,FUN_00559f80,todo,
0x55a208,56,FUN_0055a208,todo,
0x55a248,56,FUN_0055a248,todo,
0x55a288,56,FUN_0055a288,todo,
0x55a2c8,56,FUN_0055a2c8,todo,
0x55a308,56,FUN_0055a308,todo,
0x55a348,56,FUN_0055a348,todo,
0x55a388,56,FUN_0055a388,todo,
0x55a70c,56,FUN_0055a70c,todo,
0x55a74c,88,FUN_0055a74c,todo,
0x5601d0,56,FUN_005601d0,todo,
0x560210,56,FUN_00560210,todo,
0x560250,56,FUN_00560250,todo,
0x560520,56,FUN_00560520,todo,
0x560844,56,FUN_00560844,todo,
0x560884,56,FUN_00560884,todo,
0x5608c4,56,FUN_005608c4,todo,
0x560904,56,FUN_00560904,todo,
0x560944,56,FUN_00560944,todo,
0x560984,56,FUN_00560984,todo,
0x5609c4,56,FUN_005609c4,todo,
0x560a04,56,FUN_00560a04,todo,
0x560a44,56,FUN_00560a44,todo,
0x560a84,56,FUN_00560a84,todo,
0x560ac4,56,FUN_00560ac4,todo,
0x560b04,68,FUN_00560b04,todo,
0x560b54,56,FUN_00560b54,todo,
0x560b94,120,FUN_00560b94,todo,
0x560c44,56,FUN_00560c44,todo,
0x560c84,56,FUN_00560c84,todo,
0x560cc4,56,FUN_00560cc4,todo,
0x560d04,56,FUN_00560d04,todo,
0x560d44,56,FUN_00560d44,todo,
0x560d84,56,FUN_00560d84,todo,
0x560dc4,56,FUN_00560dc4,todo,
0x560e04,56,FUN_00560e04,todo,
0x560e44,56,FUN_00560e44,todo,
0x561360,56,FUN_00561360,todo,
0x5613a0,56,FUN_005613a0,todo,
0x5613e0,116,FUN_005613e0,todo,
0x564164,56,FUN_00564164,todo,
0x5652c8,56,FUN_005652c8,todo,
0x565714,56,FUN_00565714,todo,
0x565754,56,FUN_00565754,todo,
0x565794,56,FUN_00565794,todo,
0x565ce4,56,FUN_00565ce4,todo,
0x565d24,812,FUN_00565d24,todo,
0x566078,56,FUN_00566078,todo,
0x5660b8,56,FUN_005660b8,todo,
0x5660f8,56,FUN_005660f8,todo,
0x566138,56,FUN_00566138,todo,
0x566178,56,FUN_00566178,todo,
0x5661b8,56,FUN_005661b8,todo,
0x5661f8,56,FUN_005661f8,todo,
0x566238,88,FUN_00566238,todo,
0x5662b0,56,FUN_005662b0,todo,
0x5663d4,56,FUN_005663d4,todo,
0x5667f8,56,FUN_005667f8,todo,
0x566838,56,FUN_00566838,todo,
0x566878,56,FUN_00566878,todo,
0x5668b8,56,FUN_005668b8,todo,
0x566a18,56,FUN_00566a18,todo,
0x566a58,56,FUN_00566a58,todo,
0x568158,56,FUN_00568158,todo,
0x568198,56,FUN_00568198,todo,
0x5681d8,56,FUN_005681d8,todo,
0x568218,56,FUN_00568218,todo,
0x568258,56,FUN_00568258,todo,
0x568298,56,FUN_00568298,todo,
0x5682d8,56,FUN_005682d8,todo,
0x568318,56,FUN_00568318,todo,
0x568758,56,FUN_00568758,todo,
0x568c78,56,FUN_00568c78,todo,
0x568cb8,56,FUN_00568cb8,todo,
0x568cf8,56,FUN_00568cf8,todo,
0x568d38,56,FUN_00568d38,todo,
0x568d78,56,FUN_00568d78,todo,
0x568db8,56,FUN_00568db8,todo,
0x568ec8,56,FUN_00568ec8,todo,
0x568f08,56,FUN_00568f08,todo,
0x569078,2912,FUN_00569078,todo,
0x569be4,56,FUN_00569be4,todo,
0x569c24,56,FUN_00569c24,todo,
0x569c64,56,FUN_00569c64,todo,
0x569e04,56,FUN_00569e04,todo,
0x569e44,56,FUN_00569e44,todo,
0x56ae40,56,FUN_0056ae40,todo,
0x56ae80,56,FUN_0056ae80,todo,
0x56aec0,68,FUN_0056aec0,todo,
0x56b1a4,56,FUN_0056b1a4,todo,
0x56b1e4,56,FUN_0056b1e4,todo,
0x56b224,56,FUN_0056b224,todo,
0x56b264,56,FUN_0056b264,todo,
0x56b2a4,56,FUN_0056b2a4,todo,
0x56b2e4,56,FUN_0056b2e4,todo,
0x56b324,56,FUN_0056b324,todo,
0x56b364,56,FUN_0056b364,todo,
0x56b3a4,56,FUN_0056b3a4,todo,
0x56b3e4,56,FUN_0056b3e4,todo,
0x56b424,56,FUN_0056b424,todo,
0x56b464,56,FUN_0056b464,todo,
0x56b79c,56,FUN_0056b79c,todo,
0x56b7dc,56,FUN_0056b7dc,todo,
0x56b81c,56,FUN_0056b81c,todo,
0x56b85c,56,FUN_0056b85c,todo,
0x56b89c,56,FUN_0056b89c,todo,
0x56b8dc,56,FUN_0056b8dc,todo,
0x56b9bc,56,FUN_0056b9bc,todo,
0x56b9fc,56,FUN_0056b9fc,todo,
0x56de40,68,FUN_0056de40,todo,
0x56de90,68,FUN_0056de90,todo,
0x56dee4,56,FUN_0056dee4,todo,
0x56df24,56,FUN_0056df24,todo,
0x56df64,56,FUN_0056df64,todo,
0x56dfa4,56,FUN_0056dfa4,todo,
0x56dfe4,56,FUN_0056dfe4,todo,
0x56e024,56,FUN_0056e024,todo,
0x56e064,56,FUN_0056e064,todo,
0x56e0a4,56,FUN_0056e0a4,todo,
0x56e0e4,56,FUN_0056e0e4,todo,
0x56e124,56,FUN_0056e124,todo,
0x56e164,56,FUN_0056e164,todo,
0x56e1a4,56,FUN_0056e1a4,todo,
0x56e1e4,56,FUN_0056e1e4,todo,
0x56e3a4,56,FUN_0056e3a4,todo,
0x56e3e4,56,FUN_0056e3e4,todo,
0x56e424,56,FUN_0056e424,todo,
0x56e8d4,56,FUN_0056e8d4,todo,
0x56f4e8,56,FUN_0056f4e8,todo,
0x56f528,56,FUN_0056f528,todo,
0x56f568,56,FUN_0056f568,todo,
0x56f5a8,56,FUN_0056f5a8,todo,
0x56f5e8,56,FUN_0056f5e8,todo,
0x56f628,56,FUN_0056f628,todo,
0x56f6d0,56,FUN_0056f6d0,todo,
0x56f710,56,FUN_0056f710,todo,
0x56f750,56,FUN_0056f750,todo,
0x56f790,56,FUN_0056f790,todo,
0x56f7d0,56,FUN_0056f7d0,todo,
0x56f810,56,FUN_0056f810,todo,
0x56f850,56,FUN_0056f850,todo,
0x56f890,56,FUN_0056f890,todo,
0x56f8d0,56,FUN_0056f8d0,todo,
0x56fbb0,56,FUN_0056fbb0,todo,
0x56fbf0,56,FUN_0056fbf0,todo,
0x56fc88,56,FUN_0056fc88,todo,
0x56fcc8,68,FUN_0056fcc8,todo,
0x56fd1c,68,FUN_0056fd1c,todo,
0x57071c,56,FUN_0057071c,todo,
0x57075c,56,FUN_0057075c,todo,
0x57079c,56,FUN_0057079c,todo,
0x5707dc,56,FUN_005707dc,todo,
0x57081c,56,FUN_0057081c,todo,
0x57085c,56,FUN_0057085c,todo,
0x57089c,56,FUN_0057089c,todo,
0x5708dc,56,FUN_005708dc,todo,
0x57091c,56,FUN_0057091c,todo,
0x570c30,68,FUN_00570c30,todo,
0x570c84,56,FUN_00570c84,todo,
0x570cc4,56,FUN_00570cc4,todo,
0x570d04,56,FUN_00570d04,todo,
0x570d44,56,FUN_00570d44,todo,
0x570d84,56,FUN_00570d84,todo,
0x5712a4,56,FUN_005712a4,todo,
0x5712e4,56,FUN_005712e4,todo,
0x5713ac,56,FUN_005713ac,todo,
0x5713ec,56,FUN_005713ec,todo,
0x57142c,56,FUN_0057142c,todo,
0x57146c,56,FUN_0057146c,todo,
0x5714ac,68,FUN_005714ac,todo,
0x571500,56,FUN_00571500,todo,
0x571540,56,FUN_00571540,todo,
0x571580,56,FUN_00571580,todo,
0x5715c0,56,FUN_005715c0,todo,
0x571600,56,FUN_00571600,todo,
0x571640,56,FUN_00571640,todo,
0x571680,56,FUN_00571680,todo,
0x5716c0,56,FUN_005716c0,todo,
0x571700,56,FUN_00571700,todo,
0x571740,56,FUN_00571740,todo,
0x571780,56,FUN_00571780,todo,
0x571888,56,FUN_00571888,todo,
0x5718c8,56,FUN_005718c8,todo,
0x571908,56,FUN_00571908,todo,
0x571948,56,FUN_00571948,todo,
0x571a80,56,FUN_00571a80,todo,
0x571ac0,56,FUN_00571ac0,todo,
0x571b00,56,FUN_00571b00,todo,
0x571b40,56,FUN_00571b40,todo,
0x571b80,56,FUN_00571b80,todo,
0x571c18,56,FUN_00571c18,todo,
0x571c58,56,FUN_00571c58,todo,
0x571d80,56,FUN_00571d80,todo,
0x571dc0,56,FUN_00571dc0,todo,
0x571e00,56,FUN_00571e00,todo,
0x571e40,56,FUN_00571e40,todo,
0x571e98,224,FUN_00571e98,todo,
0x571f90,56,FUN_00571f90,todo,
0x571fcc,184,FUN_00571fcc,todo,
0x572088,144,FUN_00572088,todo,
0x57211c,112,FUN_0057211c,todo,
0x572190,48,FUN_00572190,todo,
0x5721c4,328,FUN_005721c4,todo,
0x572324,136,FUN_00572324,todo,
0x5723b4,1240,FUN_005723b4,todo,
0x5728b0,2128,FUN_005728b0,todo,
0x573108,120,FUN_00573108,todo,
0x573184,1092,FUN_00573184,todo,
0x574cd4,8,FUN_00574cd4,todo,
0x574cdc,972,FUN_00574cdc,todo,
0x575444,16,FUN_00575444,todo,
0x575454,60,FUN_00575454,todo,
0x575498,156,FUN_00575498,todo,
0x57554c,188,FUN_0057554c,todo,
0x57560c,320,FUN_0057560c,todo,
0x575758,1048,FUN_00575758,todo,
0x575b80,2064,FUN_00575b80,todo,
0x5763f4,356,FUN_005763f4,todo,
0x576560,208,FUN_00576560,todo,
0x576644,384,FUN_00576644,todo,
0x5767e0,300,FUN_005767e0,todo,
0x576918,316,FUN_00576918,todo,
0x576a5c,516,FUN_00576a5c,todo,
0x576c6c,104,FUN_00576c6c,todo,
0x576cd8,228,FUN_00576cd8,todo,
0x576dc4,1320,FUN_00576dc4,todo,
0x5772f8,420,FUN_005772f8,todo,
0x5774a4,52,FUN_005774a4,todo,
0x577910,344,FUN_00577910,todo,
0x577a70,356,FUN_00577a70,todo,
0x577bdc,532,FUN_00577bdc,todo,
0x577e00,312,FUN_00577e00,todo,
0x577f40,6396,FUN_00577f40,todo,
0x5798bc,4260,FUN_005798bc,todo,
0x57aa2c,456,FUN_0057aa2c,todo,
0x57ac04,24,FUN_0057ac04,todo,
0x57ac1c,804,FUN_0057ac1c,todo,
0x57af54,20,FUN_0057af54,todo,
0x57af68,720,FUN_0057af68,todo,
0x57b24c,28,FUN_0057b24c,todo,
0x57b268,48,FUN_0057b268,todo,
0x57b298,1180,FUN_0057b298,todo,
0x57b744,60,FUN_0057b744,todo,
0x57babc,36,FUN_0057babc,todo,
0x57bae8,60,FUN_0057bae8,todo,
0x57bb28,272,FUN_0057bb28,todo,
0x57bda0,72,FUN_0057bda0,todo,
0x57c1c8,92,FUN_0057c1c8,todo,
0x57c224,36,FUN_0057c224,todo,
0x57c248,64,FUN_0057c248,todo,
0x57c288,188,FUN_0057c288,todo,
0x57c344,264,FUN_0057c344,todo,
0x57c44c,36,FUN_0057c44c,todo,
0x57c478,68,FUN_0057c478,todo,
0x57c5c0,108,FUN_0057c5c0,todo,
0x57c640,52,FUN_0057c640,todo,
0x57c674,216,FUN_0057c674,todo,
0x57c80c,672,FUN_0057c80c,todo,
0x57cab4,152,FUN_0057cab4,todo,
0x57cb50,296,FUN_0057cb50,todo,
0x57cc7c,108,FUN_0057cc7c,todo,
0x57ccec,120,FUN_0057ccec,todo,
0x57cd68,120,FUN_0057cd68,todo,
0x57cdec,372,FUN_0057cdec,todo,
0x57cf80,32,FUN_0057cf80,todo,
0x57cfa4,32,FUN_0057cfa4,todo,
0x57cfcc,4,thunk_FUN_00113304,todo,
0x57cfd0,72,FUN_0057cfd0,todo,
0x57d024,92,FUN_0057d024,todo,
0x57d084,44,FUN_0057d084,todo,
0x57d0b4,16,FUN_0057d0b4,todo,
0x57d0c8,116,FUN_0057d0c8,todo,
0x57d14c,84,FUN_0057d14c,todo,
0x57d1a4,156,FUN_0057d1a4,todo,
0x57d250,408,FUN_0057d250,todo,
0x57d51c,144,FUN_0057d51c,todo,
0x57d5ac,4,thunk_FUN_00230690,todo,
0x57d5b0,308,FUN_0057d5b0,todo,
0x57d6ec,1188,FUN_0057d6ec,todo,
0x57dba8,428,FUN_0057dba8,todo,
0x57dd64,40,FUN_0057dd64,todo,
0x57de10,60,FUN_0057de10,todo,
0x57de4c,28,FUN_0057de4c,todo,
0x57df88,4,thunk_FUN_001153bc,todo,
0x57e28c,1792,FUN_0057e28c,todo,
0x57e9a8,320,FUN_0057e9a8,todo,
0x57eaf8,464,FUN_0057eaf8,todo,
0x57eccc,932,FUN_0057eccc,todo,
0x57f07c,2696,FUN_0057f07c,todo,
0x5800fc,224,FUN_005800fc,todo,
0x5801dc,920,FUN_005801dc,todo,
0x581dc0,76,FUN_00581dc0,todo,
0x581e0c,348,FUN_00581e0c,todo,
0x581fe8,1788,FUN_00581fe8,todo,
0x582740,1480,FUN_00582740,todo,
0x582d10,272,FUN_00582d10,todo,
0x582e20,240,FUN_00582e20,todo,
0x582f10,1384,FUN_00582f10,todo,
0x583478,428,FUN_00583478,todo,
0x58362c,396,FUN_0058362c,todo,
0x5837c0,4108,FUN_005837c0,todo,
0x5881a4,768,FUN_005881a4,todo,
0x58c9dc,76,FUN_0058c9dc,todo,
0x58ca2c,388,FUN_0058ca2c,todo,
0x58cbbc,928,FUN_0058cbbc,todo,
0x58cfac,48,FUN_0058cfac,todo,
0x58d084,128,FUN_0058d084,todo,
0x58d108,1804,FUN_0058d108,todo,
0x58daec,4124,FUN_0058daec,todo,
0x58eb48,1600,FUN_0058eb48,todo,
0x58f1ac,296,FUN_0058f1ac,todo,
0x58f2d4,396,FUN_0058f2d4,todo,
0x58f470,320,FUN_0058f470,todo,
0x58f5b4,1360,FUN_0058f5b4,todo,
0x58fb9c,92,FUN_0058fb9c,todo,
0x58fbfc,96,FUN_0058fbfc,todo,
0x58fc68,260,FUN_0058fc68,todo,
0x58fdc4,136,FUN_0058fdc4,todo,
0x58fe4c,124,FUN_0058fe4c,todo,
0x58fec8,204,FUN_0058fec8,todo,
0x590018,48,FUN_00590018,todo,
0x590048,200,FUN_00590048,todo,
0x590110,20,FUN_00590110,todo,
0x590124,196,FUN_00590124,todo,
0x5901e8,16,FUN_005901e8,todo,
0x5901f8,12,FUN_005901f8,todo,
0x590204,12,FUN_00590204,todo,
0x590210,84,FUN_00590210,todo,
0x590264,212,FUN_00590264,todo,
0x59033c,136,FUN_0059033c,todo,
0x5903c4,124,FUN_005903c4,todo,
0x590440,212,FUN_00590440,todo,
0x590514,208,FUN_00590514,todo,
0x5905e4,24,FUN_005905e4,todo,
0x5905fc,12,FUN_005905fc,todo,
0x590698,48,FUN_00590698,todo,
0x5906c8,92,FUN_005906c8,todo,
0x5907b0,224,FUN_005907b0,todo,
0x5908a0,68,FUN_005908a0,todo,
0x5908e4,324,FUN_005908e4,todo,
0x590a28,308,FUN_00590a28,todo,
0x590b64,112,FUN_00590b64,todo,
0x590bf0,116,FUN_00590bf0,todo,
0x590c78,116,FUN_00590c78,todo,
0x590cfc,116,FUN_00590cfc,todo,
0x590d80,84,FUN_00590d80,todo,
0x590dd4,376,FUN_00590dd4,todo,
0x590f4c,404,FUN_00590f4c,todo,
0x5910e0,488,FUN_005910e0,todo,
0x59139c,320,FUN_0059139c,todo,
0x5914f0,456,FUN_005914f0,todo,
0x5916c8,348,FUN_005916c8,todo,
0x59185c,16,FUN_0059185c,todo,
0x5918a0,16,FUN_005918a0,todo,
0x5918e4,60,FUN_005918e4,todo,
0x591968,16,FUN_00591968,todo,
0x5919a4,16,FUN_005919a4,todo,
0x5919e0,16,FUN_005919e0,todo,
0x591a1c,16,FUN_00591a1c,todo,
0x591a2c,892,FUN_00591a2c,todo,
0x591db4,608,FUN_00591db4,todo,
0x592014,288,FUN_00592014,todo,
0x59221c,400,FUN_0059221c,todo,
0x5923b0,584,FUN_005923b0,todo,
0x592708,588,FUN_00592708,todo,
0x5928c8,280,FUN_005928c8,todo,
0x592aec,388,FUN_00592aec,todo,
0x592c74,500,FUN_00592c74,todo,
0x592e6c,440,FUN_00592e6c,todo,
0x59302c,224,FUN_0059302c,todo,
0x593110,40,FUN_00593110,todo,
0x593138,40,FUN_00593138,todo,
0x5931c0,220,FUN_005931c0,todo,
0x59329c,268,FUN_0059329c,todo,
0x5933a8,228,FUN_005933a8,todo,
0x593454,260,FUN_00593454,todo,
0x593558,204,FUN_00593558,todo,
0x593624,76,FUN_00593624,todo,
0x593670,164,FUN_00593670,todo,
0x593714,204,FUN_00593714,todo,
0x5937e0,76,FUN_005937e0,todo,
0x59382c,164,FUN_0059382c,todo,
0x5938d0,156,FUN_005938d0,todo,
0x59396c,140,FUN_0059396c,todo,
0x593ad4,48,FUN_00593ad4,todo,
0x593b04,60,FUN_00593b04,todo,
0x593b50,48,FUN_00593b50,todo,
0x593b80,44,FUN_00593b80,todo,
0x593bbc,48,FUN_00593bbc,todo,
0x593c10,48,FUN_00593c10,todo,
0x593c64,48,FUN_00593c64,todo,
0x593c94,152,FUN_00593c94,todo,
0x593d3c,48,FUN_00593d3c,todo,
0x593d90,48,FUN_00593d90,todo,
0x593de4,48,FUN_00593de4,todo,
0x593e14,72,FUN_00593e14,todo,
0x593e6c,48,FUN_00593e6c,todo,
0x593eac,48,FUN_00593eac,todo,
0x593edc,48,FUN_00593edc,todo,
0x593f1c,368,FUN_00593f1c,todo,
0x5940ac,152,FUN_005940ac,todo,
0x59415c,144,FUN_0059415c,todo,
0x594208,104,FUN_00594208,todo,
0x59428c,64,FUN_0059428c,todo,
0x5942e4,64,FUN_005942e4,todo,
0x59433c,64,FUN_0059433c,todo,
0x594394,64,FUN_00594394,todo,
0x5943ec,64,FUN_005943ec,todo,
0x594444,64,FUN_00594444,todo,
0x59449c,64,FUN_0059449c,todo,
0x5944e4,668,FUN_005944e4,todo,
0x5947c0,864,FUN_005947c0,todo,
0x594b88,212,FUN_00594b88,todo,
0x594c8c,200,FUN_00594c8c,todo,
0x594d64,252,FUN_00594d64,todo,
0x594e78,328,FUN_00594e78,todo,
0x594fcc,320,FUN_00594fcc,todo,
0x595118,92,FUN_00595118,todo,
0x595180,316,FUN_00595180,todo,
0x595454,348,FUN_00595454,todo,
0x5955c4,48,FUN_005955c4,todo,
0x5957e0,116,FUN_005957e0,todo,
0x5958d0,120,FUN_005958d0,todo,
0x595948,116,FUN_00595948,todo,
0x5959c0,116,FUN_005959c0,todo,
0x595a38,116,FUN_00595a38,todo,
0x595b08,372,FUN_00595b08,todo,
0x595c90,92,FUN_00595c90,todo,
0x595cf4,312,FUN_00595cf4,todo,
0x595ec0,116,FUN_00595ec0,todo,
0x595f38,552,FUN_00595f38,todo,
0x596174,292,FUN_00596174,todo,
0x596298,292,FUN_00596298,todo,
0x5963bc,292,FUN_005963bc,todo,
0x5964e0,584,FUN_005964e0,todo,
0x596728,400,FUN_00596728,todo,
0x5968b8,2004,FUN_005968b8,todo,
0x5970b4,124,FUN_005970b4,todo,
0x597130,80,FUN_00597130,todo,
0x5971a0,172,FUN_005971a0,todo,
0x597250,188,FUN_00597250,todo,
0x597314,180,FUN_00597314,todo,
0x5973cc,212,FUN_005973cc,todo,
0x597654,236,FUN_00597654,todo,
0x5977ec,52,FUN_005977ec,todo,
0x597820,40,FUN_00597820,todo,
0x5978f8,48,FUN_005978f8,todo,
0x597928,44,FUN_00597928,todo,
0x597a00,380,FUN_00597a00,todo,
0x597c78,228,FUN_00597c78,todo,
0x597d60,216,FUN_00597d60,todo,
0x597f40,228,FUN_00597f40,todo,
0x598028,212,FUN_00598028,todo,
0x598200,268,FUN_00598200,todo,
0x598310,236,FUN_00598310,todo,
0x598404,260,FUN_00598404,todo,
0x598508,272,FUN_00598508,todo,
0x59861c,232,FUN_0059861c,todo,
0x598708,252,FUN_00598708,todo,
0x598804,452,FUN_00598804,todo,
0x5989d4,120,FUN_005989d4,todo,
0x598a50,1004,FUN_00598a50,todo,
0x598e44,228,FUN_00598e44,todo,
0x598f2c,92,FUN_00598f2c,todo,
0x598f88,1240,FUN_00598f88,todo,
0x59946c,56,FUN_0059946c,todo,
0x5994b4,216,FUN_005994b4,todo,
0x59958c,460,FUN_0059958c,todo,
0x599760,3108,FUN_00599760,todo,
0x59a388,3160,FUN_0059a388,todo,
0x59b020,80,FUN_0059b020,todo,
0x59b0c8,80,FUN_0059b0c8,todo,
0x59b170,80,FUN_0059b170,todo,
0x59b218,80,FUN_0059b218,todo,
0x59b284,188,FUN_0059b284,todo,
0x59b380,80,FUN_0059b380,todo,
0x59b3ec,220,FUN_0059b3ec,todo,
0x59b504,80,FUN_0059b504,todo,
0x59b570,240,FUN_0059b570,todo,
0x59b6f0,80,FUN_0059b6f0,todo,
0x59b8ac,456,FUN_0059b8ac,todo,
0x59ba74,184,FUN_0059ba74,todo,
0x59bc40,456,FUN_0059bc40,todo,
0x59be08,184,FUN_0059be08,todo,
0x59bfd4,456,FUN_0059bfd4,todo,
0x59c19c,184,FUN_0059c19c,todo,
0x59c738,28,FUN_0059c738,todo,
0x59c754,300,FUN_0059c754,todo,
0x59c89c,300,FUN_0059c89c,todo,
0x59c9e4,300,FUN_0059c9e4,todo,
0x59cb10,28,FUN_0059cb10,todo,
0x59cb2c,300,FUN_0059cb2c,todo,
0x59cc58,28,FUN_0059cc58,todo,
0x59cc74,300,FUN_0059cc74,todo,
0x59cda0,28,FUN_0059cda0,todo,
0x59cdbc,300,FUN_0059cdbc,todo,
0x59cee8,28,FUN_0059cee8,todo,
0x59cf04,300,FUN_0059cf04,todo,
0x59d030,28,FUN_0059d030,todo,
0x59d04c,300,FUN_0059d04c,todo,
0x59d194,300,FUN_0059d194,todo,
0x59d2dc,300,FUN_0059d2dc,todo,
0x59d424,300,FUN_0059d424,todo,
0x59d56c,300,FUN_0059d56c,todo,
0x59d6b4,300,FUN_0059d6b4,todo,
0x59d7e0,28,FUN_0059d7e0,todo,
0x59d7fc,300,FUN_0059d7fc,todo,
0x59d928,28,FUN_0059d928,todo,
0x59d944,300,FUN_0059d944,todo,
0x59da8c,300,FUN_0059da8c,todo,
0x59dbb8,32,FUN_0059dbb8,todo,
0x59dbd8,320,FUN_0059dbd8,todo,
0x59dd18,32,FUN_0059dd18,todo,
0x59dd38,320,FUN_0059dd38,todo,
0x59de78,32,FUN_0059de78,todo,
0x59de98,320,FUN_0059de98,todo,
0x59dff8,320,FUN_0059dff8,todo,
0x59e138,32,FUN_0059e138,todo,
0x59e158,320,FUN_0059e158,todo,
0x59e298,32,FUN_0059e298,todo,
0x59e2b8,320,FUN_0059e2b8,todo,
0x59e3f8,32,FUN_0059e3f8,todo,
0x59e418,320,FUN_0059e418,todo,
0x59e558,32,FUN_0059e558,todo,
0x59e578,320,FUN_0059e578,todo,
0x59e6d8,320,FUN_0059e6d8,todo,
0x59e838,320,FUN_0059e838,todo,
0x59e998,320,FUN_0059e998,todo,
0x59eaf8,320,FUN_0059eaf8,todo,
0x59ec58,320,FUN_0059ec58,todo,
0x59edb8,320,FUN_0059edb8,todo,
0x59ef18,320,FUN_0059ef18,todo,
0x59f078,320,FUN_0059f078,todo,
0x59f1d8,320,FUN_0059f1d8,todo,
0x59f338,320,FUN_0059f338,todo,
0x59f498,320,FUN_0059f498,todo,
0x59f5f8,320,FUN_0059f5f8,todo,
0x59f758,320,FUN_0059f758,todo,
0x59f898,96,FUN_0059f898,todo,
0x59f8f8,164,FUN_0059f8f8,todo,
0x59fa08,164,FUN_0059fa08,todo,
0x59fe9c,24,FUN_0059fe9c,todo,
0x59feb8,80,FUN_0059feb8,todo,
0x59ff08,120,FUN_0059ff08,todo,
0x59ff80,116,FUN_0059ff80,todo,
0x59fff4,24,FUN_0059fff4,todo,
0x5a000c,24,FUN_005a000c,todo,
0x5a0024,36,FUN_005a0024,todo,
0x5a0048,28,FUN_005a0048,todo,
0x5a0088,1948,FUN_005a0088,todo,
0x5a0824,76,FUN_005a0824,todo,
0x5a0870,1656,FUN_005a0870,todo,
0x5a0ee8,1964,FUN_005a0ee8,todo,
0x5a1694,84,FUN_005a1694,todo,
0x5a16e8,972,FUN_005a16e8,todo,
0x5a1ab4,1644,FUN_005a1ab4,todo,
0x5a2120,1940,FUN_005a2120,todo,
0x5a28b4,72,FUN_005a28b4,todo,
0x5a28fc,1940,FUN_005a28fc,todo,
0x5a3090,72,FUN_005a3090,todo,
0x5a30d8,924,FUN_005a30d8,todo,
0x5a3474,1640,FUN_005a3474,todo,
0x5a3adc,72,FUN_005a3adc,todo,
0x5a3b24,996,FUN_005a3b24,todo,
0x5a3f08,1628,FUN_005a3f08,todo,
0x5a4564,312,FUN_005a4564,todo,
0x5a469c,60,FUN_005a469c,todo,
0x5a46d8,948,FUN_005a46d8,todo,
0x5a4a90,1628,FUN_005a4a90,todo,
0x5a50ec,60,FUN_005a50ec,todo,
0x5a5128,948,FUN_005a5128,todo,
0x5a54e0,1628,FUN_005a54e0,todo,
0x5a5b3c,312,FUN_005a5b3c,todo,
0x5a5c74,60,FUN_005a5c74,todo,
0x5a5cb0,932,FUN_005a5cb0,todo,
0x5a6054,1628,FUN_005a6054,todo,
0x5a66b0,60,FUN_005a66b0,todo,
0x5a66ec,932,FUN_005a66ec,todo,
0x5a6a90,1944,FUN_005a6a90,todo,
0x5a7228,288,FUN_005a7228,todo,
0x5a7348,84,FUN_005a7348,todo,
0x5a739c,916,FUN_005a739c,todo,
0x5a7730,1920,FUN_005a7730,todo,
0x5a7eb0,292,FUN_005a7eb0,todo,
0x5a7fd4,72,FUN_005a7fd4,todo,
0x5a801c,916,FUN_005a801c,todo,
0x5a83b0,1920,FUN_005a83b0,todo,
0x5a8b30,72,FUN_005a8b30,todo,
0x5a8b78,916,FUN_005a8b78,todo,
0x5a96d4,908,FUN_005a96d4,todo,
0x5a9a60,1628,FUN_005a9a60,todo,
0x5aa0f8,900,FUN_005aa0f8,todo,
0x5aa47c,1628,FUN_005aa47c,todo,
0x5aaad8,312,FUN_005aaad8,todo,
0x5aac10,304,FUN_005aac10,todo,
0x5aad40,60,FUN_005aad40,todo,
0x5aad7c,900,FUN_005aad7c,todo,
0x5ab100,1628,FUN_005ab100,todo,
0x5ab75c,340,FUN_005ab75c,todo,
0x5ab8b0,60,FUN_005ab8b0,todo,
0x5ab8ec,888,FUN_005ab8ec,todo,
0x5abc64,1628,FUN_005abc64,todo,
0x5ac2c0,340,FUN_005ac2c0,todo,
0x5ac414,60,FUN_005ac414,todo,
0x5ac450,1904,FUN_005ac450,todo,
0x5acbc0,60,FUN_005acbc0,todo,
0x5acbfc,888,FUN_005acbfc,todo,
0x5acf74,1904,FUN_005acf74,todo,
0x5ad6e4,60,FUN_005ad6e4,todo,
0x5ad720,888,FUN_005ad720,todo,
0x5ae10c,1964,FUN_005ae10c,todo,
0x5ae8b8,84,FUN_005ae8b8,todo,
0x5ae90c,992,FUN_005ae90c,todo,
0x5aecec,1628,FUN_005aecec,todo,
0x5af348,312,FUN_005af348,todo,
0x5af480,60,FUN_005af480,todo,
0x5af4bc,996,FUN_005af4bc,todo,
0x5af8a0,1628,FUN_005af8a0,todo,
0x5afefc,908,FUN_005afefc,todo,
0x5b0288,1628,FUN_005b0288,todo,
0x5b0920,908,FUN_005b0920,todo,
0x5b0cac,1904,FUN_005b0cac,todo,
0x5b141c,60,FUN_005b141c,todo,
0x5b1458,916,FUN_005b1458,todo,
0x5b17ec,900,FUN_005b17ec,todo,
0x5b1b70,1644,FUN_005b1b70,todo,
0x5b21dc,72,FUN_005b21dc,todo,
0x5b2224,908,FUN_005b2224,todo,
0x5b25b0,900,FUN_005b25b0,todo,
0x5b2934,264,FUN_005b2934,todo,
0x5b2a7c,1604,FUN_005b2a7c,todo,
0x5b30c0,72,FUN_005b30c0,todo,
0x5b3108,768,FUN_005b3108,todo,
0x5b3408,264,FUN_005b3408,todo,
0x5b3550,1748,FUN_005b3550,todo,
0x5b3c24,72,FUN_005b3c24,todo,
0x5b3c6c,768,FUN_005b3c6c,todo,
0x5b3f6c,1628,FUN_005b3f6c,todo,
0x5b45c8,60,FUN_005b45c8,todo,
0x5b4604,908,FUN_005b4604,todo,
0x5b4990,1628,FUN_005b4990,todo,
0x5b5028,908,FUN_005b5028,todo,
0x5b53b4,1628,FUN_005b53b4,todo,
0x5b5a10,60,FUN_005b5a10,todo,
0x5b5a4c,908,FUN_005b5a4c,todo,
0x5b6570,908,FUN_005b6570,todo,
0x5b68fc,1884,FUN_005b68fc,todo,
0x5b7058,60,FUN_005b7058,todo,
0x5b7094,908,FUN_005b7094,todo,
0x5b7420,1628,FUN_005b7420,todo,
0x5b7a7c,60,FUN_005b7a7c,todo,
0x5b7ab8,908,FUN_005b7ab8,todo,
0x5b7e44,1628,FUN_005b7e44,todo,
0x5b84a0,1884,FUN_005b84a0,todo,
0x5b8bfc,60,FUN_005b8bfc,todo,
0x5b8c38,908,FUN_005b8c38,todo,
0x5b8fc4,1940,FUN_005b8fc4,todo,
0x5b9758,72,FUN_005b9758,todo,
0x5b97a0,908,FUN_005b97a0,todo,
0x5b9b2c,1628,FUN_005b9b2c,todo,
0x5ba188,60,FUN_005ba188,todo,
0x5ba1c4,908,FUN_005ba1c4,todo,
0x5ba550,1884,FUN_005ba550,todo,
0x5bacac,60,FUN_005bacac,todo,
0x5bace8,1628,FUN_005bace8,todo,
0x5bb344,320,FUN_005bb344,todo,
0x5bb484,60,FUN_005bb484,todo,
0x5bb9cc,216,FUN_005bb9cc,todo,
0x5bbad4,96,FUN_005bbad4,todo,
0x5bbb40,88,FUN_005bbb40,todo,
0x5bbba4,4,FUN_005bbba4,todo,
0x5bbba8,24,FUN_005bbba8,todo,
0x5bbbe0,548,FUN_005bbbe0,todo,
0x5bbe10,332,FUN_005bbe10,todo,
0x5bbf60,124,FUN_005bbf60,todo,
0x5bbfe8,448,FUN_005bbfe8,todo,
0x5bc1a8,588,FUN_005bc1a8,todo,
0x5bc3f4,124,FUN_005bc3f4,todo,
0x5bc470,124,FUN_005bc470,todo,
0x5bc4ec,136,FUN_005bc4ec,todo,
0x5bc524,84,FUN_005bc524,todo,
0x5bc644,132,FUN_005bc644,todo,
0x5bc6c8,48,FUN_005bc6c8,todo,
0x5bc6f8,48,FUN_005bc6f8,todo,
0x5bc728,48,FUN_005bc728,todo,
0x5bc758,48,FUN_005bc758,todo,
0x5bc788,48,FUN_005bc788,todo,
0x5bc7b8,48,FUN_005bc7b8,todo,
0x5bc7e8,48,FUN_005bc7e8,todo,
0x5bc818,48,FUN_005bc818,todo,
0x5bc848,48,FUN_005bc848,todo,
0x5bc880,68,FUN_005bc880,todo,
0x5bc8c8,60,FUN_005bc8c8,todo,
0x5bc910,60,FUN_005bc910,todo,
0x5bc958,304,FUN_005bc958,todo,
0x5bca94,60,FUN_005bca94,todo,
0x5bcadc,304,FUN_005bcadc,todo,
0x5bcc18,60,FUN_005bcc18,todo,
0x5bcc60,60,FUN_005bcc60,todo,
0x5bcca8,56,FUN_005bcca8,todo,
0x5bcd34,56,FUN_005bcd34,todo,
0x5bd0b4,16,FUN_005bd0b4,todo,
0x5bd0e8,16,FUN_005bd0e8,todo,
0x5bd0fc,232,FUN_005bd0fc,todo,
0x5bd1e4,268,FUN_005bd1e4,todo,
0x5bd2f0,264,FUN_005bd2f0,todo,
0x5bd3f8,276,FUN_005bd3f8,todo,
0x5bd510,280,FUN_005bd510,todo,
0x5bd628,108,FUN_005bd628,todo,
0x5bd6bc,652,FUN_005bd6bc,todo,
0x5bde5c,244,FUN_005bde5c,todo,
0x5bdf5c,52,FUN_005bdf5c,todo,
0x5bdf94,104,FUN_005bdf94,todo,
0x5be000,152,FUN_005be000,todo,
0x5be714,152,FUN_005be714,todo,
0x5be7f8,28,FUN_005be7f8,todo,
0x5bf9f4,152,FUN_005bf9f4,todo,
0x5bfa94,192,FUN_005bfa94,todo,
0x5bfb5c,176,FUN_005bfb5c,todo,
0x5bfc14,408,FUN_005bfc14,todo,
0x5bfdac,164,FUN_005bfdac,todo,
0x5bfe50,312,FUN_005bfe50,todo,
0x5bffb0,28,FUN_005bffb0,todo,
0x5bffcc,484,FUN_005bffcc,todo,
0x5c01bc,112,FUN_005c01bc,todo,
0x5c022c,1196,FUN_005c022c,todo,
0x5c06e4,308,FUN_005c06e4,todo,
0x5c087c,92,FUN_005c087c,todo,
0x5c08d8,132,FUN_005c08d8,todo,
0x5c095c,96,FUN_005c095c,todo,
0x5c09bc,200,FUN_005c09bc,todo,
0x5c0a84,92,FUN_005c0a84,todo,
0x5c0ae0,136,FUN_005c0ae0,todo,
0x5c0b74,152,FUN_005c0b74,todo,
0x5c0c0c,104,FUN_005c0c0c,todo,
0x5c0c78,120,FUN_005c0c78,todo,
0x5c0cf0,92,FUN_005c0cf0,todo,
0x5c0d4c,188,FUN_005c0d4c,todo,
0x5c0e18,92,FUN_005c0e18,todo,
0x5c0e74,144,FUN_005c0e74,todo,
0x5c0f04,136,FUN_005c0f04,todo,
0x5c0f8c,132,FUN_005c0f8c,todo,
0x5c1010,132,FUN_005c1010,todo,
0x5c1094,152,FUN_005c1094,todo,
0x5c112c,392,FUN_005c112c,todo,
0x5c13a8,248,FUN_005c13a8,todo,
0x5c16a8,508,FUN_005c16a8,todo,
0x5c18a4,24,FUN_005c18a4,todo,
0x5c18bc,52,FUN_005c18bc,todo,
0x5c1918,532,FUN_005c1918,todo,
0x5c1b2c,392,FUN_005c1b2c,todo,
0x5c1e10,248,FUN_005c1e10,todo,
0x5c2110,508,FUN_005c2110,todo,
0x5c230c,24,FUN_005c230c,todo,
0x5c2324,52,FUN_005c2324,todo,
0x5c2380,532,FUN_005c2380,todo,
0x5c2594,184,FUN_005c2594,todo,
0x5c2858,264,FUN_005c2858,todo,
0x5c299c,300,FUN_005c299c,todo,
0x5c2ac8,208,FUN_005c2ac8,todo,
0x5c2d1c,348,FUN_005c2d1c,todo,
0x5c2e78,372,FUN_005c2e78,todo,
0x5c2fec,144,FUN_005c2fec,todo,
0x5c328c,104,FUN_005c328c,todo,
0x5c32f4,148,FUN_005c32f4,todo,
0x5c3388,300,FUN_005c3388,todo,
0x5c34b4,108,FUN_005c34b4,todo,
0x5c3524,108,FUN_005c3524,todo,
0x5c35c4,108,FUN_005c35c4,todo,
0x5c3634,108,FUN_005c3634,todo,
0x5c36a4,108,FUN_005c36a4,todo,
0x5c3714,108,FUN_005c3714,todo,
0x5c3784,128,FUN_005c3784,todo,
0x5c3808,128,FUN_005c3808,todo,
0x5c38b0,128,FUN_005c38b0,todo,
0x5c3934,128,FUN_005c3934,todo,
0x5c3a94,144,FUN_005c3a94,todo,
0x5c3b28,128,FUN_005c3b28,todo,
0x5c3bb0,128,FUN_005c3bb0,todo,
0x5c3c34,108,FUN_005c3c34,todo,
0x5c3ca4,108,FUN_005c3ca4,todo,
0x5c3d4c,200,FUN_005c3d4c,todo,
0x5c3e14,124,FUN_005c3e14,todo,
0x5c3e94,108,FUN_005c3e94,todo,
0x5c3f08,108,FUN_005c3f08,todo,
0x5c3f78,128,FUN_005c3f78,todo,
0x5c3ffc,128,FUN_005c3ffc,todo,
0x5c40ac,128,FUN_005c40ac,todo,
0x5c420c,144,FUN_005c420c,todo,
0x5c42a0,128,FUN_005c42a0,todo,
0x5c4328,128,FUN_005c4328,todo,
0x5c43ac,108,FUN_005c43ac,todo,
0x5c441c,108,FUN_005c441c,todo,
0x5c44b8,108,FUN_005c44b8,todo,
0x5c45f0,124,FUN_005c45f0,todo,
0x5c4670,108,FUN_005c4670,todo,
0x5c46e4,108,FUN_005c46e4,todo,
0x5c4754,132,FUN_005c4754,todo,
0x5c47dc,132,FUN_005c47dc,todo,
0x5c4888,132,FUN_005c4888,todo,
0x5c4910,132,FUN_005c4910,todo,
0x5c4a74,152,FUN_005c4a74,todo,
0x5c4b10,132,FUN_005c4b10,todo,
0x5c4b9c,132,FUN_005c4b9c,todo,
0x5c4c24,132,FUN_005c4c24,todo,
0x5c4cac,132,FUN_005c4cac,todo,
0x5c4d64,132,FUN_005c4d64,todo,
0x5c4ec8,152,FUN_005c4ec8,todo,
0x5c4f64,132,FUN_005c4f64,todo,
0x5c4ff0,132,FUN_005c4ff0,todo,
0x5c5078,132,FUN_005c5078,todo,
0x5c5100,132,FUN_005c5100,todo,
0x5c51b8,132,FUN_005c51b8,todo,
0x5c5240,132,FUN_005c5240,todo,
0x5c52c8,132,FUN_005c52c8,todo,
0x5c5354,132,FUN_005c5354,todo,
0x5c53dc,108,FUN_005c53dc,todo,
0x5c544c,108,FUN_005c544c,todo,
0x5c54f4,108,FUN_005c54f4,todo,
0x5c5564,108,FUN_005c5564,todo,
0x5c569c,124,FUN_005c569c,todo,
0x5c571c,108,FUN_005c571c,todo,
0x5c5790,108,FUN_005c5790,todo,
0x5c5800,108,FUN_005c5800,todo,
0x5c5870,108,FUN_005c5870,todo,
0x5c5918,108,FUN_005c5918,todo,
0x5c5988,108,FUN_005c5988,todo,
0x5c5ac0,124,FUN_005c5ac0,todo,
0x5c5b40,108,FUN_005c5b40,todo,
0x5c5bb4,108,FUN_005c5bb4,todo,
0x5c5c24,108,FUN_005c5c24,todo,
0x5c5c94,108,FUN_005c5c94,todo,
0x5c5d34,108,FUN_005c5d34,todo,
0x5c5da4,108,FUN_005c5da4,todo,
0x5c5edc,124,FUN_005c5edc,todo,
0x5c5f5c,108,FUN_005c5f5c,todo,
0x5c5fd0,108,FUN_005c5fd0,todo,
0x5c6040,128,FUN_005c6040,todo,
0x5c60c4,128,FUN_005c60c4,todo,
0x5c617c,128,FUN_005c617c,todo,
0x5c6200,128,FUN_005c6200,todo,
0x5c6360,144,FUN_005c6360,todo,
0x5c63f4,128,FUN_005c63f4,todo,
0x5c647c,128,FUN_005c647c,todo,
0x5c6500,108,FUN_005c6500,todo,
0x5c6570,108,FUN_005c6570,todo,
0x5c6610,108,FUN_005c6610,todo,
0x5c6680,108,FUN_005c6680,todo,
0x5c67b8,124,FUN_005c67b8,todo,
0x5c6838,108,FUN_005c6838,todo,
0x5c68ac,108,FUN_005c68ac,todo,
0x5c691c,128,FUN_005c691c,todo,
0x5c69a0,128,FUN_005c69a0,todo,
0x5c6a5c,128,FUN_005c6a5c,todo,
0x5c6ae0,128,FUN_005c6ae0,todo,
0x5c6c40,144,FUN_005c6c40,todo,
0x5c6cd4,128,FUN_005c6cd4,todo,
0x5c6d5c,128,FUN_005c6d5c,todo,
0x5c6de0,156,FUN_005c6de0,todo,
0x5c6e80,100,FUN_005c6e80,todo,
0x5c6ee4,1180,FUN_005c6ee4,todo,
0x5c73b4,228,FUN_005c73b4,todo,
0x5c7498,208,FUN_005c7498,todo,
0x5c7568,28,FUN_005c7568,todo,
0x5c758c,228,FUN_005c758c,todo,
0x5c7670,208,FUN_005c7670,todo,
0x5c7740,28,FUN_005c7740,todo,
0x5c7764,304,FUN_005c7764,todo,
0x5c7898,168,FUN_005c7898,todo,
0x5c797c,276,FUN_005c797c,todo,
0x5c7a9c,672,FUN_005c7a9c,todo,
0x5c7db0,672,FUN_005c7db0,todo,
0x5c80c4,672,FUN_005c80c4,todo,
0x5c83d8,120,FUN_005c83d8,todo,
0x5c846c,268,FUN_005c846c,todo,
0x5c8580,540,FUN_005c8580,todo,
0x5c87a4,268,FUN_005c87a4,todo,
0x5c88bc,260,FUN_005c88bc,todo,
0x5c89c8,532,FUN_005c89c8,todo,
0x5c8be4,268,FUN_005c8be4,todo,
0x5c8cf8,68,FUN_005c8cf8,todo,
0x5c8d40,260,FUN_005c8d40,todo,
0x5c8e4c,532,FUN_005c8e4c,todo,
0x5c9068,268,FUN_005c9068,todo,
0x5c917c,68,FUN_005c917c,todo,
0x5c91cc,260,FUN_005c91cc,todo,
0x5c92d8,532,FUN_005c92d8,todo,
0x5c94f4,268,FUN_005c94f4,todo,
0x5c9608,68,FUN_005c9608,todo,
0x5c964c,260,FUN_005c964c,todo,
0x5c9758,532,FUN_005c9758,todo,
0x5c9974,268,FUN_005c9974,todo,
0x5c9a88,68,FUN_005c9a88,todo,
0x5c9acc,28,FUN_005c9acc,todo,
0x5c9ae8,28,FUN_005c9ae8,todo,
0x5c9b04,28,FUN_005c9b04,todo,
0x5c9b20,92,FUN_005c9b20,todo,
0x5c9be0,92,FUN_005c9be0,todo,
0x5c9c40,92,FUN_005c9c40,todo,
0x5c9ca0,68,FUN_005c9ca0,todo,
0x5c9ce8,68,FUN_005c9ce8,todo,
0x5c9d30,68,FUN_005c9d30,todo,
0x5c9d74,92,FUN_005c9d74,todo,
0x5c9dd4,92,FUN_005c9dd4,todo,
0x5c9e34,92,FUN_005c9e34,todo,
0x5c9e94,68,FUN_005c9e94,todo,
0x5c9ed8,68,FUN_005c9ed8,todo,
0x5c9f20,68,FUN_005c9f20,todo,
0x5c9f64,68,FUN_005c9f64,todo,
0x5c9fa8,96,FUN_005c9fa8,todo,
0x5ca010,68,FUN_005ca010,todo,
0x5ca058,68,FUN_005ca058,todo,
0x5ca09c,88,FUN_005ca09c,todo,
0x5ca0f8,68,FUN_005ca0f8,todo,
0x5ca13c,152,FUN_005ca13c,todo,
0x5ca1e4,68,FUN_005ca1e4,todo,
0x5ca22c,68,FUN_005ca22c,todo,
0x5ca270,68,FUN_005ca270,todo,
0x5ca2b4,68,FUN_005ca2b4,todo,
0x5ca2f8,68,FUN_005ca2f8,todo,
0x5ca33c,68,FUN_005ca33c,todo,
0x5ca384,68,FUN_005ca384,todo,
0x5ca3c8,68,FUN_005ca3c8,todo,
0x5ca40c,68,FUN_005ca40c,todo,
0x5ca450,68,FUN_005ca450,todo,
0x5ca498,68,FUN_005ca498,todo,
0x5ca4dc,68,FUN_005ca4dc,todo,
0x5ca520,68,FUN_005ca520,todo,
0x5ca564,120,FUN_005ca564,todo,
0x5ca5e0,68,FUN_005ca5e0,todo,
0x5ca628,68,FUN_005ca628,todo,
0x5ca66c,68,FUN_005ca66c,todo,
0x5ca6b0,68,FUN_005ca6b0,todo,
0x5ca6f4,92,FUN_005ca6f4,todo,
0x5ca79c,68,FUN_005ca79c,todo,
0x5ca7e0,68,FUN_005ca7e0,todo,
0x5ca824,92,FUN_005ca824,todo,
0x5ca884,80,FUN_005ca884,todo,
0x5ca8d8,68,FUN_005ca8d8,todo,
0x5ca91c,92,FUN_005ca91c,todo,
0x5ca97c,92,FUN_005ca97c,todo,
0x5caa44,68,FUN_005caa44,todo,
0x5caa88,68,FUN_005caa88,todo,
0x5caad0,68,FUN_005caad0,todo,
0x5cab14,68,FUN_005cab14,todo,
0x5cab58,68,FUN_005cab58,todo,
0x5caba0,68,FUN_005caba0,todo,
0x5cabe4,68,FUN_005cabe4,todo,
0x5cac28,68,FUN_005cac28,todo,
0x5cac6c,68,FUN_005cac6c,todo,
0x5cacb0,92,FUN_005cacb0,todo,
0x5cad10,68,FUN_005cad10,todo,
0x5cad54,68,FUN_005cad54,todo,
0x5cad98,68,FUN_005cad98,todo,
0x5caddc,68,FUN_005caddc,todo,
0x5cae20,68,FUN_005cae20,todo,
0x5cae64,92,FUN_005cae64,todo,
0x5caec4,68,FUN_005caec4,todo,
0x5caf0c,224,FUN_005caf0c,todo,
0x5caff8,92,FUN_005caff8,todo,
0x5cb058,68,FUN_005cb058,todo,
0x5cb09c,68,FUN_005cb09c,todo,
0x5cb0e0,68,FUN_005cb0e0,todo,
0x5cb124,68,FUN_005cb124,todo,
0x5cb168,80,FUN_005cb168,todo,
0x5cb1bc,116,FUN_005cb1bc,todo,
0x5cb234,68,FUN_005cb234,todo,
0x5cb278,68,FUN_005cb278,todo,
0x5cb2bc,68,FUN_005cb2bc,todo,
0x5cb300,68,FUN_005cb300,todo,
0x5cb348,68,FUN_005cb348,todo,
0x5cb38c,68,FUN_005cb38c,todo,
0x5cb3d0,68,FUN_005cb3d0,todo,
0x5cb414,68,FUN_005cb414,todo,
0x5cb458,80,FUN_005cb458,todo,
0x5cb4ac,68,FUN_005cb4ac,todo,
0x5cb4f0,68,FUN_005cb4f0,todo,
0x5cb534,68,FUN_005cb534,todo,
0x5cb578,104,FUN_005cb578,todo,
0x5cb5e4,92,FUN_005cb5e4,todo,
0x5cb644,92,FUN_005cb644,todo,
0x5cb6a4,92,FUN_005cb6a4,todo,
0x5cb704,96,FUN_005cb704,todo,
0x5cb76c,68,FUN_005cb76c,todo,
0x5cb7b4,68,FUN_005cb7b4,todo,
0x5cb7f8,68,FUN_005cb7f8,todo,
0x5cb83c,68,FUN_005cb83c,todo,
0x5cb880,268,FUN_005cb880,todo,
0x5cb998,244,FUN_005cb998,todo,
0x5cba9c,268,FUN_005cba9c,todo,
0x5cbbb0,224,FUN_005cbbb0,todo,
0x5cbc9c,240,FUN_005cbc9c,todo,
0x5cbd9c,256,FUN_005cbd9c,todo,
0x5cbea8,276,FUN_005cbea8,todo,
0x5cbfc8,316,FUN_005cbfc8,todo,
0x5cc120,244,FUN_005cc120,todo,
0x5cc224,232,FUN_005cc224,todo,
0x5cc318,236,FUN_005cc318,todo,
0x5cc410,244,FUN_005cc410,todo,
0x5cc510,220,FUN_005cc510,todo,
0x5cc5f8,244,FUN_005cc5f8,todo,
0x5cc6f8,276,FUN_005cc6f8,todo,
0x5cc818,260,FUN_005cc818,todo,
0x5cc92c,280,FUN_005cc92c,todo,
0x5cca4c,280,FUN_005cca4c,todo,
0x5ccb6c,276,FUN_005ccb6c,todo,
0x5ccc88,288,FUN_005ccc88,todo,
0x5ccdb4,308,FUN_005ccdb4,todo,
0x5ccefc,364,FUN_005ccefc,todo,
0x5cd07c,364,FUN_005cd07c,todo,
0x5cd200,312,FUN_005cd200,todo,
0x5cd348,308,FUN_005cd348,todo,
0x5cd484,308,FUN_005cd484,todo,
0x5cd5c0,320,FUN_005cd5c0,todo,
0x5cd70c,388,FUN_005cd70c,todo,
0x5cd8a8,304,FUN_005cd8a8,todo,
0x5cd9e4,216,FUN_005cd9e4,todo,
0x5cdabc,472,FUN_005cdabc,todo,
0x5cdc9c,472,FUN_005cdc9c,todo,
0x5cde7c,132,FUN_005cde7c,todo,
0x5cdf00,908,FUN_005cdf00,todo,
0x5ce290,132,FUN_005ce290,todo,
0x5ce31c,108,FUN_005ce31c,todo,
0x5ce398,108,FUN_005ce398,todo,
0x5ce414,400,FUN_005ce414,todo,
0x5ce5a8,2432,FUN_005ce5a8,todo,
0x5cef28,388,FUN_005cef28,todo,
0x5cf0b4,4,FUN_005cf0b4,todo,
0x5cf0b8,196,FUN_005cf0b8,todo,
0x5cf180,136,FUN_005cf180,todo,
0x5cf208,204,FUN_005cf208,todo,
0x5cf2d8,400,FUN_005cf2d8,todo,
0x5cf470,4,FUN_005cf470,todo,
0x5cffc8,24,FUN_005cffc8,todo,
0x5cffe0,24,FUN_005cffe0,todo,
0x5d0060,400,FUN_005d0060,todo,
0x5d7390,96,FUN_005d7390,todo,
0x5d73f0,196,FUN_005d73f0,todo,
0x5d74bc,76,FUN_005d74bc,todo,
0x5d7508,40,FUN_005d7508,todo,
0x5d7530,552,FUN_005d7530,todo,
0x5d7760,188,FUN_005d7760,todo,
0x5d7824,108,FUN_005d7824,todo,
0x5d7898,84,FUN_005d7898,todo,
0x5d78f0,20,FUN_005d78f0,todo,
0x5d7908,96,FUN_005d7908,todo,
0x5d7968,20,FUN_005d7968,todo,
0x5d797c,132,FUN_005d797c,todo,
0x5d7a04,100,FUN_005d7a04,todo,
0x5d7a68,216,FUN_005d7a68,todo,
0x5d7b40,168,FUN_005d7b40,todo,
0x5d7be8,300,FUN_005d7be8,todo,
0x5d7d14,440,FUN_005d7d14,todo,
0x5d7ecc,160,FUN_005d7ecc,todo,
0x5d7f6c,464,FUN_005d7f6c,todo,
0x5d813c,328,FUN_005d813c,todo,
0x5d8284,328,FUN_005d8284,todo,
0x5d83cc,120,FUN_005d83cc,todo,
0x5d8444,208,FUN_005d8444,todo,
0x5d8514,208,FUN_005d8514,todo,
0x5d85e4,396,FUN_005d85e4,todo,
0x5d8810,428,FUN_005d8810,todo,
0x5d89c0,208,FUN_005d89c0,todo,
0x5d8a90,228,FUN_005d8a90,todo,
0x5d8b74,308,FUN_005d8b74,todo,
0x5d8cac,120,FUN_005d8cac,todo,
0x5d8d24,208,FUN_005d8d24,todo,
0x5d8df4,200,FUN_005d8df4,todo,
0x5d8ebc,620,FUN_005d8ebc,todo,
0x5d9134,248,FUN_005d9134,todo,
0x5d9230,420,FUN_005d9230,todo,
0x5d93d4,620,FUN_005d93d4,todo,
0x5d9640,656,FUN_005d9640,todo,
0x5d98d0,644,FUN_005d98d0,todo,
0x5d9b54,480,FUN_005d9b54,todo,
0x5d9d34,312,FUN_005d9d34,todo,
0x5d9e6c,268,FUN_005d9e6c,todo,
0x5d9f7c,1208,FUN_005d9f7c,todo,
0x5da438,824,FUN_005da438,todo,
0x5da780,16,FUN_005da780,todo,
0x5da790,8,FUN_005da790,todo,
0x5da798,88,FUN_005da798,todo,
0x5da7f0,112,FUN_005da7f0,todo,
0x5da890,292,FUN_005da890,todo,
0x5da9b8,108,FUN_005da9b8,todo,
0x5daa40,80,FUN_005daa40,todo,
0x5dab24,300,FUN_005dab24,todo,
0x5dab94,4,thunk_FUN_00117bac,todo,
0x5dabd4,56,FUN_005dabd4,todo,
